DATE,T10Y2Y,HTRUCKSSAAR,HOUST,PERMIT,BAMLH0A0HYM2,TEMPHELPS,ICSA,UMCSENT,WALCL,RRPONTSYD,M2SL,MANEMP
2015-01-01,,0.435,1085.0,1049.0,,2838.3,,98.1,,,11787.8,12265.0
2015-01-02,1.46,0.435,1085.0,1049.0,5.08,2838.3,,98.1,,42.186,11787.8,12265.0
2015-01-03,1.46,0.435,1085.0,1049.0,5.08,2838.3,294000.0,98.1,,42.186,11787.8,12265.0
2015-01-05,1.36,0.435,1085.0,1049.0,5.21,2838.3,294000.0,98.1,,164.177,11787.8,12265.0
2015-01-06,1.32,0.435,1085.0,1049.0,5.37,2838.3,294000.0,98.1,,149.885,11787.8,12265.0
2015-01-07,1.34,0.435,1085.0,1049.0,5.31,2838.3,294000.0,98.1,4499524.0,143.749,11787.8,12265.0
2015-01-08,1.41,0.435,1085.0,1049.0,5.17,2838.3,294000.0,98.1,4499524.0,124.293,11787.8,12265.0
2015-01-09,1.39,0.435,1085.0,1049.0,5.2,2838.3,294000.0,98.1,4499524.0,116.195,11787.8,12265.0
2015-01-10,1.39,0.435,1085.0,1049.0,5.2,2838.3,304000.0,98.1,4499524.0,116.195,11787.8,12265.0
2015-01-12,1.36,0.435,1085.0,1049.0,5.27,2838.3,304000.0,98.1,4499524.0,118.125,11787.8,12265.0
2015-01-13,1.37,0.435,1085.0,1049.0,5.28,2838.3,304000.0,98.1,4499524.0,107.316,11787.8,12265.0
2015-01-14,1.35,0.435,1085.0,1049.0,5.39,2838.3,304000.0,98.1,4516077.0,95.4,11787.8,12265.0
2015-01-15,1.33,0.435,1085.0,1049.0,5.42,2838.3,304000.0,98.1,4516077.0,96.517,11787.8,12265.0
2015-01-16,1.34,0.435,1085.0,1049.0,5.42,2838.3,304000.0,98.1,4516077.0,135.836,11787.8,12265.0
2015-01-17,1.34,0.435,1085.0,1049.0,5.42,2838.3,298000.0,98.1,4516077.0,135.836,11787.8,12265.0
2015-01-19,1.34,0.435,1085.0,1049.0,5.39,2838.3,298000.0,98.1,4516077.0,135.836,11787.8,12265.0
2015-01-20,1.29,0.435,1085.0,1049.0,5.39,2838.3,298000.0,98.1,4516077.0,147.499,11787.8,12265.0
2015-01-21,1.34,0.435,1085.0,1049.0,5.36,2838.3,298000.0,98.1,4512936.0,167.769,11787.8,12265.0
2015-01-22,1.37,0.435,1085.0,1049.0,5.27,2838.3,298000.0,98.1,4512936.0,168.182,11787.8,12265.0
2015-01-23,1.29,0.435,1085.0,1049.0,5.3,2838.3,298000.0,98.1,4512936.0,129.836,11787.8,12265.0
2015-01-24,1.29,0.435,1085.0,1049.0,5.3,2838.3,261000.0,98.1,4512936.0,129.836,11787.8,12265.0
2015-01-26,1.29,0.435,1085.0,1049.0,5.26,2838.3,261000.0,98.1,4512936.0,132.698,11787.8,12265.0
2015-01-27,1.29,0.435,1085.0,1049.0,5.29,2838.3,261000.0,98.1,4512936.0,136.677,11787.8,12265.0
2015-01-28,1.23,0.435,1085.0,1049.0,5.31,2838.3,261000.0,98.1,4500064.0,163.553,11787.8,12265.0
2015-01-29,1.26,0.435,1085.0,1049.0,5.28,2838.3,261000.0,98.1,4500064.0,148.784,11787.8,12265.0
2015-01-30,1.21,0.435,1085.0,1049.0,5.37,2838.3,261000.0,98.1,4500064.0,190.842,11787.8,12265.0
2015-01-31,1.21,0.435,1085.0,1049.0,5.26,2838.3,281000.0,98.1,4500064.0,190.842,11787.8,12265.0
2015-02-01,1.21,0.43,886.0,1127.0,5.26,2839.1,281000.0,95.4,4500064.0,190.842,11904.7,12275.0
2015-02-02,1.19,0.43,886.0,1127.0,5.26,2839.1,281000.0,95.4,4500064.0,132.913,11904.7,12275.0
2015-02-03,1.27,0.43,886.0,1127.0,5.11,2839.1,281000.0,95.4,4500064.0,142.006,11904.7,12275.0
2015-02-04,1.29,0.43,886.0,1127.0,5.05,2839.1,281000.0,95.4,4500348.0,145.65,11904.7,12275.0
2015-02-05,1.31,0.43,886.0,1127.0,4.99,2839.1,281000.0,95.4,4500348.0,124.667,11904.7,12275.0
2015-02-06,1.3,0.43,886.0,1127.0,4.78,2839.1,281000.0,95.4,4500348.0,121.983,11904.7,12275.0
2015-02-07,1.3,0.43,886.0,1127.0,4.78,2839.1,298000.0,95.4,4500348.0,121.983,11904.7,12275.0
2015-02-09,1.31,0.43,886.0,1127.0,4.8,2839.1,298000.0,95.4,4500348.0,118.986,11904.7,12275.0
2015-02-10,1.34,0.43,886.0,1127.0,4.75,2839.1,298000.0,95.4,4500348.0,122.277,11904.7,12275.0
2015-02-11,1.33,0.43,886.0,1127.0,4.76,2839.1,298000.0,95.4,4501685.0,126.752,11904.7,12275.0
2015-02-12,1.38,0.43,886.0,1127.0,4.74,2839.1,298000.0,95.4,4501685.0,113.479,11904.7,12275.0
2015-02-13,1.36,0.43,886.0,1127.0,4.71,2839.1,298000.0,95.4,4501685.0,92.532,11904.7,12275.0
2015-02-14,1.36,0.43,886.0,1127.0,4.71,2839.1,285000.0,95.4,4501685.0,92.532,11904.7,12275.0
2015-02-16,1.36,0.43,886.0,1127.0,4.69,2839.1,285000.0,95.4,4501685.0,92.532,11904.7,12275.0
2015-02-17,1.44,0.43,886.0,1127.0,4.57,2839.1,285000.0,95.4,4501685.0,111.325,11904.7,12275.0
2015-02-18,1.45,0.43,886.0,1127.0,4.62,2839.1,285000.0,95.4,4496851.0,157.273,11904.7,12275.0
2015-02-19,1.44,0.43,886.0,1127.0,4.58,2839.1,285000.0,95.4,4496851.0,133.105,11904.7,12275.0
2015-02-20,1.46,0.43,886.0,1127.0,4.53,2839.1,285000.0,95.4,4496851.0,157.518,11904.7,12275.0
2015-02-21,1.46,0.43,886.0,1127.0,4.53,2839.1,305000.0,95.4,4496851.0,157.518,11904.7,12275.0
2015-02-23,1.42,0.43,886.0,1127.0,4.56,2839.1,305000.0,95.4,4496851.0,152.311,11904.7,12275.0
2015-02-24,1.39,0.43,886.0,1127.0,4.58,2839.1,305000.0,95.4,4496851.0,124.802,11904.7,12275.0
2015-02-25,1.35,0.43,886.0,1127.0,4.54,2839.1,305000.0,95.4,4486725.0,149.75,11904.7,12275.0
2015-02-26,1.37,0.43,886.0,1127.0,4.43,2839.1,305000.0,95.4,4486725.0,130.583,11904.7,12275.0
2015-02-27,1.37,0.43,886.0,1127.0,4.43,2839.1,305000.0,95.4,4486725.0,155.001,11904.7,12275.0
2015-02-28,1.37,0.43,886.0,1127.0,4.46,2839.1,317000.0,95.4,4486725.0,155.001,11904.7,12275.0
2015-03-01,1.37,0.436,960.0,1072.0,4.46,2842.5,317000.0,93.0,4486725.0,155.001,11902.8,12286.0
2015-03-02,1.42,0.436,960.0,1072.0,4.38,2842.5,317000.0,93.0,4486725.0,118.208,11902.8,12286.0
2015-03-03,1.44,0.436,960.0,1072.0,4.38,2842.5,317000.0,93.0,4486725.0,110.872,11902.8,12286.0
2015-03-04,1.46,0.436,960.0,1072.0,4.44,2842.5,317000.0,93.0,4487583.0,95.1,11902.8,12286.0
2015-03-05,1.46,0.436,960.0,1072.0,4.46,2842.5,317000.0,93.0,4487583.0,73.924,11902.8,12286.0
2015-03-06,1.51,0.436,960.0,1072.0,4.42,2842.5,317000.0,93.0,4487583.0,80.862,11902.8,12286.0
2015-03-07,1.51,0.436,960.0,1072.0,4.42,2842.5,293000.0,93.0,4487583.0,80.862,11902.8,12286.0
2015-03-09,1.5,0.436,960.0,1072.0,4.51,2842.5,293000.0,93.0,4487583.0,85.648,11902.8,12286.0
2015-03-10,1.44,0.436,960.0,1072.0,4.66,2842.5,293000.0,93.0,4487583.0,84.535,11902.8,12286.0
2015-03-11,1.41,0.436,960.0,1072.0,4.61,2842.5,293000.0,93.0,4489279.0,84.389,11902.8,12286.0
2015-03-12,1.43,0.436,960.0,1072.0,4.62,2842.5,293000.0,93.0,4489279.0,132.708,11902.8,12286.0
2015-03-13,1.45,0.436,960.0,1072.0,4.68,2842.5,293000.0,93.0,4489279.0,98.042,11902.8,12286.0
2015-03-14,1.45,0.436,960.0,1072.0,4.68,2842.5,290000.0,93.0,4489279.0,98.042,11902.8,12286.0
2015-03-16,1.44,0.436,960.0,1072.0,4.72,2842.5,290000.0,93.0,4489279.0,112.056,11902.8,12286.0
2015-03-17,1.36,0.436,960.0,1072.0,4.79,2842.5,290000.0,93.0,4489279.0,106.3,11902.8,12286.0
2015-03-18,1.36,0.436,960.0,1072.0,4.91,2842.5,290000.0,93.0,4495888.0,151.424,11902.8,12286.0
2015-03-19,1.35,0.436,960.0,1072.0,4.79,2842.5,290000.0,93.0,4495888.0,83.108,11902.8,12286.0
2015-03-20,1.33,0.436,960.0,1072.0,4.81,2842.5,290000.0,93.0,4495888.0,91.207,11902.8,12286.0
2015-03-21,1.33,0.436,960.0,1072.0,4.81,2842.5,284000.0,93.0,4495888.0,91.207,11902.8,12286.0
2015-03-23,1.32,0.436,960.0,1072.0,4.82,2842.5,284000.0,93.0,4495888.0,99.572,11902.8,12286.0
2015-03-24,1.3,0.436,960.0,1072.0,4.81,2842.5,284000.0,93.0,4495888.0,60.115,11902.8,12286.0
2015-03-25,1.34,0.436,960.0,1072.0,4.76,2842.5,284000.0,93.0,4480603.0,65.389,11902.8,12286.0
2015-03-26,1.4,0.436,960.0,1072.0,4.74,2842.5,284000.0,93.0,4480603.0,80.866,11902.8,12286.0
2015-03-27,1.37,0.436,960.0,1072.0,4.76,2842.5,284000.0,93.0,4480603.0,69.638,11902.8,12286.0
2015-03-28,1.37,0.436,960.0,1072.0,4.76,2842.5,269000.0,93.0,4480603.0,69.638,11902.8,12286.0
2015-03-30,1.38,0.436,960.0,1072.0,4.73,2842.5,269000.0,93.0,4480603.0,29.522,11902.8,12286.0
2015-03-31,1.38,0.436,960.0,1072.0,4.82,2842.5,269000.0,93.0,4480603.0,202.235,11902.8,12286.0
2015-04-01,1.32,0.444,1190.0,1166.0,4.86,2850.3,269000.0,95.9,4481799.0,31.623,11936.7,12291.0
2015-04-02,1.37,0.444,1190.0,1166.0,4.82,2850.3,269000.0,95.9,4481799.0,31.623,11936.7,12291.0
2015-04-03,1.36,0.444,1190.0,1166.0,4.82,2850.3,269000.0,95.9,4481799.0,31.623,11936.7,12291.0
2015-04-04,1.36,0.444,1190.0,1166.0,4.82,2850.3,282000.0,95.9,4481799.0,31.623,11936.7,12291.0
2015-04-06,1.41,0.444,1190.0,1166.0,4.8,2850.3,282000.0,95.9,4481799.0,119.369,11936.7,12291.0
2015-04-07,1.37,0.444,1190.0,1166.0,4.72,2850.3,282000.0,95.9,4481799.0,125.88,11936.7,12291.0
2015-04-08,1.38,0.444,1190.0,1166.0,4.67,2850.3,282000.0,95.9,4483419.0,96.443,11936.7,12291.0
2015-04-09,1.41,0.444,1190.0,1166.0,4.62,2850.3,282000.0,95.9,4483419.0,87.069,11936.7,12291.0
2015-04-10,1.39,0.444,1190.0,1166.0,4.6,2850.3,282000.0,95.9,4483419.0,90.933,11936.7,12291.0
2015-04-11,1.39,0.444,1190.0,1166.0,4.6,2850.3,298000.0,95.9,4483419.0,90.933,11936.7,12291.0
2015-04-13,1.4,0.444,1190.0,1166.0,4.6,2850.3,298000.0,95.9,4483419.0,89.878,11936.7,12291.0
2015-04-14,1.37,0.444,1190.0,1166.0,4.62,2850.3,298000.0,95.9,4483419.0,75.874,11936.7,12291.0
2015-04-15,1.4,0.444,1190.0,1166.0,4.58,2850.3,298000.0,95.9,4485366.0,69.829,11936.7,12291.0
2015-04-16,1.4,0.444,1190.0,1166.0,4.61,2850.3,298000.0,95.9,4485366.0,78.293,11936.7,12291.0
2015-04-17,1.36,0.444,1190.0,1166.0,4.66,2850.3,298000.0,95.9,4485366.0,103.383,11936.7,12291.0
2015-04-18,1.36,0.444,1190.0,1166.0,4.66,2850.3,295000.0,95.9,4485366.0,103.383,11936.7,12291.0
2015-04-20,1.35,0.444,1190.0,1166.0,4.6,2850.3,295000.0,95.9,4485366.0,111.416,11936.7,12291.0
2015-04-21,1.37,0.444,1190.0,1166.0,4.57,2850.3,295000.0,95.9,4485366.0,114.8,11936.7,12291.0
2015-04-22,1.42,0.444,1190.0,1166.0,4.53,2850.3,295000.0,95.9,4489695.0,114.148,11936.7,12291.0
2015-04-23,1.41,0.444,1190.0,1166.0,4.55,2850.3,295000.0,95.9,4489695.0,113.993,11936.7,12291.0
2015-04-24,1.39,0.444,1190.0,1166.0,4.56,2850.3,295000.0,95.9,4489695.0,73.512,11936.7,12291.0
2015-04-25,1.39,0.444,1190.0,1166.0,4.56,2850.3,269000.0,95.9,4489695.0,73.512,11936.7,12291.0
2015-04-27,1.4,0.444,1190.0,1166.0,4.55,2850.3,269000.0,95.9,4489695.0,82.79,11936.7,12291.0
2015-04-28,1.44,0.444,1190.0,1166.0,4.52,2850.3,269000.0,95.9,4489695.0,87.169,11936.7,12291.0
2015-04-29,1.5,0.444,1190.0,1166.0,4.53,2850.3,269000.0,95.9,4471499.0,92.224,11936.7,12291.0
2015-04-30,1.47,0.444,1190.0,1166.0,4.59,2850.3,269000.0,95.9,4471499.0,130.464,11936.7,12291.0
2015-05-01,1.52,0.44,1079.0,1272.0,4.53,2872.5,269000.0,90.7,4471499.0,86.212,11964.2,12306.0
2015-05-02,1.52,0.44,1079.0,1272.0,4.53,2872.5,267000.0,90.7,4471499.0,86.212,11964.2,12306.0
2015-05-04,1.56,0.44,1079.0,1272.0,4.51,2872.5,267000.0,90.7,4471499.0,92.311,11964.2,12306.0
2015-05-05,1.57,0.44,1079.0,1272.0,4.48,2872.5,267000.0,90.7,4471499.0,93.162,11964.2,12306.0
2015-05-06,1.6,0.44,1079.0,1272.0,4.5,2872.5,267000.0,90.7,4472703.0,84.722,11964.2,12306.0
2015-05-07,1.55,0.44,1079.0,1272.0,4.55,2872.5,267000.0,90.7,4472703.0,94.505,11964.2,12306.0
2015-05-08,1.57,0.44,1079.0,1272.0,4.53,2872.5,267000.0,90.7,4472703.0,91.484,11964.2,12306.0
2015-05-09,1.57,0.44,1079.0,1272.0,4.53,2872.5,271000.0,90.7,4472703.0,91.484,11964.2,12306.0
2015-05-11,1.66,0.44,1079.0,1272.0,4.45,2872.5,271000.0,90.7,4472703.0,87.331,11964.2,12306.0
2015-05-12,1.67,0.44,1079.0,1272.0,4.56,2872.5,271000.0,90.7,4472703.0,81.378,11964.2,12306.0
2015-05-13,1.68,0.44,1079.0,1272.0,4.51,2872.5,271000.0,90.7,4501188.0,92.129,11964.2,12306.0
2015-05-14,1.67,0.44,1079.0,1272.0,4.52,2872.5,271000.0,90.7,4501188.0,61.513,11964.2,12306.0
2015-05-15,1.59,0.44,1079.0,1272.0,4.55,2872.5,271000.0,90.7,4501188.0,76.249,11964.2,12306.0
2015-05-16,1.59,0.44,1079.0,1272.0,4.55,2872.5,276000.0,90.7,4501188.0,76.249,11964.2,12306.0
2015-05-18,1.65,0.44,1079.0,1272.0,4.49,2872.5,276000.0,90.7,4501188.0,135.397,11964.2,12306.0
2015-05-19,1.64,0.44,1079.0,1272.0,4.46,2872.5,276000.0,90.7,4501188.0,131.9,11964.2,12306.0
2015-05-20,1.66,0.44,1079.0,1272.0,4.49,2872.5,276000.0,90.7,4480384.0,154.345,11964.2,12306.0
2015-05-21,1.59,0.44,1079.0,1272.0,4.51,2872.5,276000.0,90.7,4480384.0,141.963,11964.2,12306.0
2015-05-22,1.57,0.44,1079.0,1272.0,4.47,2872.5,276000.0,90.7,4480384.0,105.844,11964.2,12306.0
2015-05-23,1.57,0.44,1079.0,1272.0,4.47,2872.5,281000.0,90.7,4480384.0,105.844,11964.2,12306.0
2015-05-25,1.57,0.44,1079.0,1272.0,4.47,2872.5,281000.0,90.7,4480384.0,105.844,11964.2,12306.0
2015-05-26,1.5,0.44,1079.0,1272.0,4.51,2872.5,281000.0,90.7,4480384.0,111.048,11964.2,12306.0
2015-05-27,1.5,0.44,1079.0,1272.0,4.48,2872.5,281000.0,90.7,4463981.0,128.828,11964.2,12306.0
2015-05-28,1.51,0.44,1079.0,1272.0,4.5,2872.5,281000.0,90.7,4463981.0,135.3,11964.2,12306.0
2015-05-29,1.51,0.44,1079.0,1272.0,4.52,2872.5,281000.0,90.7,4463981.0,160.201,11964.2,12306.0
2015-05-30,1.51,0.44,1079.0,1272.0,4.52,2872.5,275000.0,90.7,4463981.0,160.201,11964.2,12306.0
2015-05-31,1.51,0.44,1079.0,1272.0,4.58,2872.5,275000.0,90.7,4463981.0,160.201,11964.2,12306.0
2015-06-01,1.55,0.489,1205.0,1379.0,4.52,2885.1,275000.0,96.1,4463981.0,115.206,12004.6,12307.0
2015-06-02,1.63,0.489,1205.0,1379.0,4.49,2885.1,275000.0,96.1,4463981.0,105.031,12004.6,12307.0
2015-06-03,1.69,0.489,1205.0,1379.0,4.46,2885.1,275000.0,96.1,4465360.0,95.389,12004.6,12307.0
2015-06-04,1.65,0.489,1205.0,1379.0,4.56,2885.1,275000.0,96.1,4465360.0,96.429,12004.6,12307.0
2015-06-05,1.68,0.489,1205.0,1379.0,4.56,2885.1,275000.0,96.1,4465360.0,83.637,12004.6,12307.0
2015-06-06,1.68,0.489,1205.0,1379.0,4.56,2885.1,278000.0,96.1,4465360.0,83.637,12004.6,12307.0
2015-06-08,1.69,0.489,1205.0,1379.0,4.61,2885.1,278000.0,96.1,4465360.0,83.323,12004.6,12307.0
2015-06-09,1.7,0.489,1205.0,1379.0,4.66,2885.1,278000.0,96.1,4465360.0,76.043,12004.6,12307.0
2015-06-10,1.75,0.489,1205.0,1379.0,4.6,2885.1,278000.0,96.1,4468005.0,80.453,12004.6,12307.0
2015-06-11,1.66,0.489,1205.0,1379.0,4.62,2885.1,278000.0,96.1,4468005.0,90.833,12004.6,12307.0
2015-06-12,1.65,0.489,1205.0,1379.0,4.63,2885.1,278000.0,96.1,4468005.0,81.745,12004.6,12307.0
2015-06-13,1.65,0.489,1205.0,1379.0,4.63,2885.1,269000.0,96.1,4468005.0,81.745,12004.6,12307.0
2015-06-15,1.64,0.489,1205.0,1379.0,4.71,2885.1,269000.0,96.1,4468005.0,104.635,12004.6,12307.0
2015-06-16,1.61,0.489,1205.0,1379.0,4.77,2885.1,269000.0,96.1,4468005.0,113.979,12004.6,12307.0
2015-06-17,1.65,0.489,1205.0,1379.0,4.76,2885.1,269000.0,96.1,4487817.0,110.708,12004.6,12307.0
2015-06-18,1.69,0.489,1205.0,1379.0,4.71,2885.1,269000.0,96.1,4487817.0,151.135,12004.6,12307.0
2015-06-19,1.61,0.489,1205.0,1379.0,4.73,2885.1,269000.0,96.1,4487817.0,158.541,12004.6,12307.0
2015-06-20,1.61,0.489,1205.0,1379.0,4.73,2885.1,273000.0,96.1,4487817.0,158.541,12004.6,12307.0
2015-06-22,1.69,0.489,1205.0,1379.0,4.62,2885.1,273000.0,96.1,4487817.0,171.906,12004.6,12307.0
2015-06-23,1.72,0.489,1205.0,1379.0,4.62,2885.1,273000.0,96.1,4487817.0,181.548,12004.6,12307.0
2015-06-24,1.7,0.489,1205.0,1379.0,4.66,2885.1,273000.0,96.1,4495055.0,136.642,12004.6,12307.0
2015-06-25,1.72,0.489,1205.0,1379.0,4.67,2885.1,273000.0,96.1,4495055.0,64.918,12004.6,12307.0
2015-06-26,1.77,0.489,1205.0,1379.0,4.65,2885.1,273000.0,96.1,4495055.0,86.539,12004.6,12307.0
2015-06-27,1.77,0.489,1205.0,1379.0,4.65,2885.1,275000.0,96.1,4495055.0,86.539,12004.6,12307.0
2015-06-29,1.69,0.489,1205.0,1379.0,4.91,2885.1,275000.0,96.1,4495055.0,45.063,12004.6,12307.0
2015-06-30,1.71,0.489,1205.0,1379.0,5.0,2885.1,275000.0,96.1,4495055.0,192.602,12004.6,12307.0
2015-07-01,1.74,0.491,1146.0,1140.0,4.88,2884.7,275000.0,93.1,4479130.0,93.411,12048.3,12323.0
2015-07-02,1.76,0.491,1146.0,1140.0,4.91,2884.7,275000.0,93.1,4479130.0,176.063,12048.3,12323.0
2015-07-03,1.76,0.491,1146.0,1140.0,4.91,2884.7,275000.0,93.1,4479130.0,176.063,12048.3,12323.0
2015-07-04,1.76,0.491,1146.0,1140.0,4.91,2884.7,292000.0,93.1,4479130.0,176.063,12048.3,12323.0
2015-07-06,1.7,0.491,1146.0,1140.0,5.07,2884.7,292000.0,93.1,4479130.0,169.851,12048.3,12323.0
2015-07-07,1.69,0.491,1146.0,1140.0,5.13,2884.7,292000.0,93.1,4479130.0,159.651,12048.3,12323.0
2015-07-08,1.67,0.491,1146.0,1140.0,5.21,2884.7,292000.0,93.1,4481289.0,145.47,12048.3,12323.0
2015-07-09,1.72,0.491,1146.0,1140.0,5.11,2884.7,292000.0,93.1,4481289.0,129.671,12048.3,12323.0
2015-07-10,1.77,0.491,1146.0,1140.0,4.97,2884.7,292000.0,93.1,4481289.0,119.629,12048.3,12323.0
2015-07-11,1.77,0.491,1146.0,1140.0,4.97,2884.7,285000.0,93.1,4481289.0,119.629,12048.3,12323.0
2015-07-13,1.75,0.491,1146.0,1140.0,4.93,2884.7,285000.0,93.1,4481289.0,115.323,12048.3,12323.0
2015-07-14,1.75,0.491,1146.0,1140.0,4.94,2884.7,285000.0,93.1,4481289.0,106.218,12048.3,12323.0
2015-07-15,1.72,0.491,1146.0,1140.0,4.93,2884.7,285000.0,93.1,4493605.0,103.217,12048.3,12323.0
2015-07-16,1.69,0.491,1146.0,1140.0,4.91,2884.7,285000.0,93.1,4493605.0,104.58,12048.3,12323.0
2015-07-17,1.66,0.491,1146.0,1140.0,4.95,2884.7,285000.0,93.1,4493605.0,116.519,12048.3,12323.0
2015-07-18,1.66,0.491,1146.0,1140.0,4.95,2884.7,265000.0,93.1,4493605.0,116.519,12048.3,12323.0
2015-07-20,1.67,0.491,1146.0,1140.0,4.96,2884.7,265000.0,93.1,4493605.0,126.57,12048.3,12323.0
2015-07-21,1.64,0.491,1146.0,1140.0,5.06,2884.7,265000.0,93.1,4493605.0,110.141,12048.3,12323.0
2015-07-22,1.58,0.491,1146.0,1140.0,5.16,2884.7,265000.0,93.1,4500503.0,112.695,12048.3,12323.0
2015-07-23,1.57,0.491,1146.0,1140.0,5.21,2884.7,265000.0,93.1,4500503.0,112.052,12048.3,12323.0
2015-07-24,1.57,0.491,1146.0,1140.0,5.32,2884.7,265000.0,93.1,4500503.0,79.416,12048.3,12323.0
2015-07-25,1.57,0.491,1146.0,1140.0,5.32,2884.7,269000.0,93.1,4500503.0,79.416,12048.3,12323.0
2015-07-27,1.55,0.491,1146.0,1140.0,5.49,2884.7,269000.0,93.1,4500503.0,85.122,12048.3,12323.0
2015-07-28,1.57,0.491,1146.0,1140.0,5.44,2884.7,269000.0,93.1,4500503.0,81.882,12048.3,12323.0
2015-07-29,1.59,0.491,1146.0,1140.0,5.33,2884.7,269000.0,93.1,4485480.0,86.429,12048.3,12323.0
2015-07-30,1.56,0.491,1146.0,1140.0,5.26,2884.7,269000.0,93.1,4485480.0,87.405,12048.3,12323.0
2015-07-31,1.53,0.491,1146.0,1140.0,5.36,2884.7,269000.0,93.1,4485480.0,131.978,12048.3,12323.0
2015-08-01,1.53,0.451,1130.0,1165.0,5.36,2887.3,270000.0,91.9,4485480.0,131.978,12093.1,12318.0
2015-08-03,1.48,0.451,1130.0,1165.0,5.45,2887.3,270000.0,91.9,4485480.0,95.005,12093.1,12318.0
2015-08-04,1.49,0.451,1130.0,1165.0,5.41,2887.3,270000.0,91.9,4485480.0,88.841,12093.1,12318.0
2015-08-05,1.55,0.451,1130.0,1165.0,5.29,2887.3,270000.0,91.9,4486329.0,86.869,12093.1,12318.0
2015-08-06,1.52,0.451,1130.0,1165.0,5.4,2887.3,270000.0,91.9,4486329.0,93.508,12093.1,12318.0
2015-08-07,1.45,0.451,1130.0,1165.0,5.52,2887.3,270000.0,91.9,4486329.0,84.994,12093.1,12318.0
2015-08-08,1.45,0.451,1130.0,1165.0,5.52,2887.3,274000.0,91.9,4486329.0,84.994,12093.1,12318.0
2015-08-10,1.51,0.451,1130.0,1165.0,5.51,2887.3,274000.0,91.9,4486329.0,81.806,12093.1,12318.0
2015-08-11,1.47,0.451,1130.0,1165.0,5.67,2887.3,274000.0,91.9,4486329.0,78.367,12093.1,12318.0
2015-08-12,1.47,0.451,1130.0,1165.0,5.79,2887.3,274000.0,91.9,4489250.0,64.411,12093.1,12318.0
2015-08-13,1.47,0.451,1130.0,1165.0,5.66,2887.3,274000.0,91.9,4489250.0,77.057,12093.1,12318.0
2015-08-14,1.47,0.451,1130.0,1165.0,5.52,2887.3,274000.0,91.9,4489250.0,64.557,12093.1,12318.0
2015-08-15,1.47,0.451,1130.0,1165.0,5.52,2887.3,279000.0,91.9,4489250.0,64.557,12093.1,12318.0
2015-08-17,1.44,0.451,1130.0,1165.0,5.58,2887.3,279000.0,91.9,4489250.0,66.54,12093.1,12318.0
2015-08-18,1.46,0.451,1130.0,1165.0,5.56,2887.3,279000.0,91.9,4489250.0,88.144,12093.1,12318.0
2015-08-19,1.45,0.451,1130.0,1165.0,5.68,2887.3,279000.0,91.9,4487208.0,84.36,12093.1,12318.0
2015-08-20,1.4,0.451,1130.0,1165.0,5.75,2887.3,279000.0,91.9,4487208.0,93.262,12093.1,12318.0
2015-08-21,1.41,0.451,1130.0,1165.0,5.86,2887.3,279000.0,91.9,4487208.0,92.353,12093.1,12318.0
2015-08-22,1.41,0.451,1130.0,1165.0,5.86,2887.3,274000.0,91.9,4487208.0,92.353,12093.1,12318.0
2015-08-24,1.42,0.451,1130.0,1165.0,6.14,2887.3,274000.0,91.9,4487208.0,73.813,12093.1,12318.0
2015-08-25,1.45,0.451,1130.0,1165.0,5.9,2887.3,274000.0,91.9,4487208.0,73.165,12093.1,12318.0
2015-08-26,1.51,0.451,1130.0,1165.0,5.91,2887.3,274000.0,91.9,4475105.0,68.719,12093.1,12318.0
2015-08-27,1.5,0.451,1130.0,1165.0,5.8,2887.3,274000.0,91.9,4475105.0,71.312,12093.1,12318.0
2015-08-28,1.47,0.451,1130.0,1165.0,5.72,2887.3,274000.0,91.9,4475105.0,73.547,12093.1,12318.0
2015-08-29,1.47,0.451,1130.0,1165.0,5.72,2887.3,279000.0,91.9,4475105.0,73.547,12093.1,12318.0
2015-08-31,1.47,0.451,1130.0,1165.0,5.7,2887.3,279000.0,91.9,4475105.0,149.694,12093.1,12318.0
2015-09-01,1.47,0.447,1224.0,1144.0,5.78,2882.8,279000.0,87.2,4475105.0,84.778,12154.3,12326.0
2015-09-02,1.48,0.447,1224.0,1144.0,5.73,2882.8,279000.0,87.2,4475886.0,70.33,12154.3,12326.0
2015-09-03,1.47,0.447,1224.0,1144.0,5.7,2882.8,279000.0,87.2,4475886.0,67.183,12154.3,12326.0
2015-09-04,1.42,0.447,1224.0,1144.0,5.74,2882.8,279000.0,87.2,4475886.0,64.428,12154.3,12326.0
2015-09-05,1.42,0.447,1224.0,1144.0,5.74,2882.8,273000.0,87.2,4475886.0,64.428,12154.3,12326.0
2015-09-07,1.42,0.447,1224.0,1144.0,5.74,2882.8,273000.0,87.2,4475886.0,64.428,12154.3,12326.0
2015-09-08,1.46,0.447,1224.0,1144.0,5.64,2882.8,273000.0,87.2,4475886.0,66.694,12154.3,12326.0
2015-09-09,1.46,0.447,1224.0,1144.0,5.59,2882.8,273000.0,87.2,4478213.0,68.129,12154.3,12326.0
2015-09-10,1.48,0.447,1224.0,1144.0,5.58,2882.8,273000.0,87.2,4478213.0,66.083,12154.3,12326.0
2015-09-11,1.49,0.447,1224.0,1144.0,5.62,2882.8,273000.0,87.2,4478213.0,70.782,12154.3,12326.0
2015-09-12,1.49,0.447,1224.0,1144.0,5.62,2882.8,264000.0,87.2,4478213.0,70.782,12154.3,12326.0
2015-09-14,1.45,0.447,1224.0,1144.0,5.62,2882.8,264000.0,87.2,4478213.0,72.809,12154.3,12326.0
2015-09-15,1.46,0.447,1224.0,1144.0,5.54,2882.8,264000.0,87.2,4478213.0,73.117,12154.3,12326.0
2015-09-16,1.48,0.447,1224.0,1144.0,5.59,2882.8,264000.0,87.2,4487809.0,82.181,12154.3,12326.0
2015-09-17,1.51,0.447,1224.0,1144.0,5.71,2882.8,264000.0,87.2,4487809.0,106.254,12154.3,12326.0
2015-09-18,1.44,0.447,1224.0,1144.0,5.8,2882.8,264000.0,87.2,4487809.0,131.757,12154.3,12326.0
2015-09-19,1.44,0.447,1224.0,1144.0,5.8,2882.8,269000.0,87.2,4487809.0,131.757,12154.3,12326.0
2015-09-21,1.48,0.447,1224.0,1144.0,5.77,2882.8,269000.0,87.2,4487809.0,134.575,12154.3,12326.0
2015-09-22,1.45,0.447,1224.0,1144.0,5.98,2882.8,269000.0,87.2,4487809.0,139.476,12154.3,12326.0
2015-09-23,1.46,0.447,1224.0,1144.0,5.98,2882.8,269000.0,87.2,4497484.0,144.297,12154.3,12326.0
2015-09-24,1.46,0.447,1224.0,1144.0,6.14,2882.8,269000.0,87.2,4497484.0,45.671,12154.3,12326.0
2015-09-25,1.47,0.447,1224.0,1144.0,6.15,2882.8,269000.0,87.2,4497484.0,63.966,12154.3,12326.0
2015-09-26,1.47,0.447,1224.0,1144.0,6.15,2882.8,272000.0,87.2,4497484.0,63.966,12154.3,12326.0
2015-09-28,1.43,0.447,1224.0,1144.0,6.48,2882.8,272000.0,87.2,4497484.0,101.855,12154.3,12326.0
2015-09-29,1.41,0.447,1224.0,1144.0,6.6,2882.8,272000.0,87.2,4497484.0,122.86,12154.3,12326.0
2015-09-30,1.42,0.447,1224.0,1144.0,6.62,2882.8,272000.0,87.2,4484111.0,199.614,12154.3,12326.0
2015-10-01,1.41,0.452,1058.0,1160.0,6.67,2895.0,272000.0,90.0,4484111.0,75.143,12205.6,12334.0
2015-10-02,1.41,0.452,1058.0,1160.0,6.83,2895.0,272000.0,90.0,4484111.0,173.162,12205.6,12334.0
2015-10-03,1.41,0.452,1058.0,1160.0,6.83,2895.0,267000.0,90.0,4484111.0,173.162,12205.6,12334.0
2015-10-05,1.46,0.452,1058.0,1160.0,6.62,2895.0,267000.0,90.0,4484111.0,156.558,12205.6,12334.0
2015-10-06,1.44,0.452,1058.0,1160.0,6.52,2895.0,267000.0,90.0,4484111.0,130.247,12205.6,12334.0
2015-10-07,1.43,0.452,1058.0,1160.0,6.32,2895.0,267000.0,90.0,4486185.0,115.434,12205.6,12334.0
2015-10-08,1.47,0.452,1058.0,1160.0,6.26,2895.0,267000.0,90.0,4486185.0,121.144,12205.6,12334.0
2015-10-09,1.47,0.452,1058.0,1160.0,6.13,2895.0,267000.0,90.0,4486185.0,109.367,12205.6,12334.0
2015-10-10,1.47,0.452,1058.0,1160.0,6.13,2895.0,265000.0,90.0,4486185.0,109.367,12205.6,12334.0
2015-10-12,1.47,0.452,1058.0,1160.0,6.13,2895.0,265000.0,90.0,4486185.0,109.367,12205.6,12334.0
2015-10-13,1.42,0.452,1058.0,1160.0,6.24,2895.0,265000.0,90.0,4486185.0,105.728,12205.6,12334.0
2015-10-14,1.42,0.452,1058.0,1160.0,6.31,2895.0,265000.0,90.0,4504704.0,90.184,12205.6,12334.0
2015-10-15,1.43,0.452,1058.0,1160.0,6.26,2895.0,265000.0,90.0,4504704.0,100.247,12205.6,12334.0
2015-10-16,1.43,0.452,1058.0,1160.0,6.18,2895.0,265000.0,90.0,4504704.0,123.637,12205.6,12334.0
2015-10-17,1.43,0.452,1058.0,1160.0,6.18,2895.0,264000.0,90.0,4504704.0,123.637,12205.6,12334.0
2015-10-19,1.43,0.452,1058.0,1160.0,6.16,2895.0,264000.0,90.0,4504704.0,136.36,12205.6,12334.0
2015-10-20,1.42,0.452,1058.0,1160.0,6.06,2895.0,264000.0,90.0,4504704.0,146.257,12205.6,12334.0
2015-10-21,1.4,0.452,1058.0,1160.0,6.07,2895.0,264000.0,90.0,4501372.0,151.082,12205.6,12334.0
2015-10-22,1.43,0.452,1058.0,1160.0,6.1,2895.0,264000.0,90.0,4501372.0,152.87,12205.6,12334.0
2015-10-23,1.43,0.452,1058.0,1160.0,5.97,2895.0,264000.0,90.0,4501372.0,125.635,12205.6,12334.0
2015-10-24,1.43,0.452,1058.0,1160.0,5.97,2895.0,264000.0,90.0,4501372.0,125.635,12205.6,12334.0
2015-10-26,1.41,0.452,1058.0,1160.0,6.0,2895.0,264000.0,90.0,4501372.0,134.597,12205.6,12334.0
2015-10-27,1.4,0.452,1058.0,1160.0,6.07,2895.0,264000.0,90.0,4501372.0,150.968,12205.6,12334.0
2015-10-28,1.37,0.452,1058.0,1160.0,5.97,2895.0,264000.0,90.0,4489339.0,155.316,12205.6,12334.0
2015-10-29,1.44,0.452,1058.0,1160.0,5.89,2895.0,264000.0,90.0,4489339.0,172.839,12205.6,12334.0
2015-10-30,1.41,0.452,1058.0,1160.0,5.88,2895.0,264000.0,90.0,4489339.0,225.326,12205.6,12334.0
2015-10-31,1.41,0.452,1058.0,1160.0,5.9,2895.0,275000.0,90.0,4489339.0,225.326,12205.6,12334.0
2015-11-01,1.41,0.451,1172.0,1244.0,5.9,2894.1,275000.0,91.3,4489339.0,225.326,12296.9,12329.0
2015-11-02,1.43,0.451,1172.0,1244.0,5.84,2894.1,275000.0,91.3,4489339.0,132.234,12296.9,12329.0
2015-11-03,1.43,0.451,1172.0,1244.0,5.77,2894.1,275000.0,91.3,4489339.0,117.622,12296.9,12329.0
2015-11-04,1.41,0.451,1172.0,1244.0,5.73,2894.1,275000.0,91.3,4489702.0,107.406,12296.9,12329.0
2015-11-05,1.41,0.451,1172.0,1244.0,5.8,2894.1,275000.0,91.3,4489702.0,87.664,12296.9,12329.0
2015-11-06,1.44,0.451,1172.0,1244.0,5.82,2894.1,275000.0,91.3,4489702.0,70.435,12296.9,12329.0
2015-11-07,1.44,0.451,1172.0,1244.0,5.82,2894.1,276000.0,91.3,4489702.0,70.435,12296.9,12329.0
2015-11-09,1.47,0.451,1172.0,1244.0,5.94,2894.1,276000.0,91.3,4489702.0,80.894,12296.9,12329.0
2015-11-10,1.45,0.451,1172.0,1244.0,6.02,2894.1,276000.0,91.3,4489702.0,83.13,12296.9,12329.0
2015-11-11,1.45,0.451,1172.0,1244.0,6.02,2894.1,276000.0,91.3,4492012.0,83.13,12296.9,12329.0
2015-11-12,1.43,0.451,1172.0,1244.0,6.13,2894.1,276000.0,91.3,4492012.0,73.228,12296.9,12329.0
2015-11-13,1.42,0.451,1172.0,1244.0,6.24,2894.1,276000.0,91.3,4492012.0,60.117,12296.9,12329.0
2015-11-14,1.42,0.451,1172.0,1244.0,6.24,2894.1,272000.0,91.3,4492012.0,60.117,12296.9,12329.0
2015-11-16,1.39,0.451,1172.0,1244.0,6.28,2894.1,272000.0,91.3,4492012.0,67.873,12296.9,12329.0
2015-11-17,1.39,0.451,1172.0,1244.0,6.19,2894.1,272000.0,91.3,4492012.0,86.157,12296.9,12329.0
2015-11-18,1.37,0.451,1172.0,1244.0,6.2,2894.1,272000.0,91.3,4486721.0,121.961,12296.9,12329.0
2015-11-19,1.33,0.451,1172.0,1244.0,6.28,2894.1,272000.0,91.3,4486721.0,120.822,12296.9,12329.0
2015-11-20,1.33,0.451,1172.0,1244.0,6.32,2894.1,272000.0,91.3,4486721.0,122.99,12296.9,12329.0
2015-11-21,1.33,0.451,1172.0,1244.0,6.32,2894.1,261000.0,91.3,4486721.0,122.99,12296.9,12329.0
2015-11-23,1.31,0.451,1172.0,1244.0,6.35,2894.1,261000.0,91.3,4486721.0,147.598,12296.9,12329.0
2015-11-24,1.31,0.451,1172.0,1244.0,6.41,2894.1,261000.0,91.3,4486721.0,95.918,12296.9,12329.0
2015-11-25,1.3,0.451,1172.0,1244.0,6.37,2894.1,261000.0,91.3,4477088.0,100.152,12296.9,12329.0
2015-11-26,1.3,0.451,1172.0,1244.0,6.37,2894.1,261000.0,91.3,4477088.0,100.152,12296.9,12329.0
2015-11-27,1.3,0.451,1172.0,1244.0,6.38,2894.1,261000.0,91.3,4477088.0,81.785,12296.9,12329.0
2015-11-28,1.3,0.451,1172.0,1244.0,6.38,2894.1,265000.0,91.3,4477088.0,81.785,12296.9,12329.0
2015-11-30,1.27,0.451,1172.0,1244.0,6.4,2894.1,265000.0,91.3,4477088.0,139.594,12296.9,12329.0
2015-12-01,1.24,0.422,1146.0,1211.0,6.4,2932.0,265000.0,92.6,4477088.0,88.983,12368.2,12333.0
2015-12-02,1.24,0.422,1146.0,1211.0,6.34,2932.0,265000.0,92.6,4478069.0,84.184,12368.2,12333.0
2015-12-03,1.37,0.422,1146.0,1211.0,6.32,2932.0,265000.0,92.6,4478069.0,74.766,12368.2,12333.0
2015-12-04,1.32,0.422,1146.0,1211.0,6.37,2932.0,265000.0,92.6,4478069.0,69.292,12368.2,12333.0
2015-12-05,1.32,0.422,1146.0,1211.0,6.37,2932.0,280000.0,92.6,4478069.0,69.292,12368.2,12333.0
2015-12-07,1.29,0.422,1146.0,1211.0,6.51,2932.0,280000.0,92.6,4478069.0,77.805,12368.2,12333.0
2015-12-08,1.3,0.422,1146.0,1211.0,6.65,2932.0,280000.0,92.6,4478069.0,75.817,12368.2,12333.0
2015-12-09,1.29,0.422,1146.0,1211.0,6.72,2932.0,280000.0,92.6,4480436.0,87.963,12368.2,12333.0
2015-12-10,1.29,0.422,1146.0,1211.0,6.71,2932.0,280000.0,92.6,4480436.0,86.714,12368.2,12333.0
2015-12-11,1.25,0.422,1146.0,1211.0,7.1,2932.0,280000.0,92.6,4480436.0,89.317,12368.2,12333.0
2015-12-12,1.25,0.422,1146.0,1211.0,7.1,2932.0,268000.0,92.6,4480436.0,89.317,12368.2,12333.0
2015-12-14,1.26,0.422,1146.0,1211.0,7.33,2932.0,268000.0,92.6,4480436.0,86.38,12368.2,12333.0
2015-12-15,1.3,0.422,1146.0,1211.0,7.09,2932.0,268000.0,92.6,4480436.0,95.404,12368.2,12333.0
2015-12-16,1.28,0.422,1146.0,1211.0,6.98,2932.0,268000.0,92.6,4489593.0,102.004,12368.2,12333.0
2015-12-17,1.24,0.422,1146.0,1211.0,7.01,2932.0,268000.0,92.6,4489593.0,105.185,12368.2,12333.0
2015-12-18,1.22,0.422,1146.0,1211.0,7.2,2932.0,268000.0,92.6,4489593.0,143.223,12368.2,12333.0
2015-12-19,1.22,0.422,1146.0,1211.0,7.2,2932.0,260000.0,92.6,4489593.0,143.223,12368.2,12333.0
2015-12-21,1.24,0.422,1146.0,1211.0,7.25,2932.0,260000.0,92.6,4489593.0,160.606,12368.2,12333.0
2015-12-22,1.25,0.422,1146.0,1211.0,7.15,2932.0,260000.0,92.6,4489593.0,185.35,12368.2,12333.0
2015-12-23,1.26,0.422,1146.0,1211.0,7.05,2932.0,260000.0,92.6,4496523.0,178.331,12368.2,12333.0
2015-12-24,1.22,0.422,1146.0,1211.0,7.05,2932.0,260000.0,92.6,4496523.0,161.879,12368.2,12333.0
2015-12-25,1.22,0.422,1146.0,1211.0,7.05,2932.0,260000.0,92.6,4496523.0,161.879,12368.2,12333.0
2015-12-26,1.22,0.422,1146.0,1211.0,7.05,2932.0,276000.0,92.6,4496523.0,161.879,12368.2,12333.0
2015-12-28,1.19,0.422,1146.0,1211.0,7.07,2932.0,276000.0,92.6,4496523.0,177.196,12368.2,12333.0
2015-12-29,1.23,0.422,1146.0,1211.0,6.96,2932.0,276000.0,92.6,4496523.0,222.513,12368.2,12333.0
2015-12-30,1.23,0.422,1146.0,1211.0,6.95,2932.0,276000.0,92.6,4486587.0,277.446,12368.2,12333.0
2015-12-31,1.21,0.422,1146.0,1211.0,6.95,2932.0,276000.0,92.6,4486587.0,474.591,12368.2,12333.0
2016-01-01,1.21,0.444,1092.0,1171.0,6.95,2888.6,276000.0,92.0,4486587.0,474.591,12505.5,12354.0
2016-01-02,1.21,0.444,1092.0,1171.0,6.95,2888.6,273000.0,92.0,4486587.0,474.591,12505.5,12354.0
2016-01-04,1.22,0.444,1092.0,1171.0,7.1,2888.6,273000.0,92.0,4486587.0,199.67,12505.5,12354.0
2016-01-05,1.21,0.444,1092.0,1171.0,7.03,2888.6,273000.0,92.0,4486587.0,169.615,12505.5,12354.0
2016-01-06,1.19,0.444,1092.0,1171.0,7.11,2888.6,273000.0,92.0,4486606.0,126.584,12505.5,12354.0
2016-01-07,1.2,0.444,1092.0,1171.0,7.24,2888.6,273000.0,92.0,4486606.0,116.843,12505.5,12354.0
2016-01-08,1.19,0.444,1092.0,1171.0,7.23,2888.6,273000.0,92.0,4486606.0,99.971,12505.5,12354.0
2016-01-09,1.19,0.444,1092.0,1171.0,7.23,2888.6,284000.0,92.0,4486606.0,99.971,12505.5,12354.0
2016-01-11,1.23,0.444,1092.0,1171.0,7.31,2888.6,284000.0,92.0,4486606.0,97.39,12505.5,12354.0
2016-01-12,1.19,0.444,1092.0,1171.0,7.38,2888.6,284000.0,92.0,4486606.0,86.191,12505.5,12354.0
2016-01-13,1.17,0.444,1092.0,1171.0,7.5,2888.6,284000.0,92.0,4501695.0,84.416,12505.5,12354.0
2016-01-14,1.2,0.444,1092.0,1171.0,7.57,2888.6,284000.0,92.0,4501695.0,78.422,12505.5,12354.0
2016-01-15,1.18,0.444,1092.0,1171.0,7.89,2888.6,284000.0,92.0,4501695.0,90.534,12505.5,12354.0
2016-01-16,1.18,0.444,1092.0,1171.0,7.89,2888.6,290000.0,92.0,4501695.0,90.534,12505.5,12354.0
2016-01-18,1.18,0.444,1092.0,1171.0,7.9,2888.6,290000.0,92.0,4501695.0,90.534,12505.5,12354.0
2016-01-19,1.18,0.444,1092.0,1171.0,7.88,2888.6,290000.0,92.0,4501695.0,90.221,12505.5,12354.0
2016-01-20,1.16,0.444,1092.0,1171.0,8.27,2888.6,290000.0,92.0,4488840.0,106.627,12505.5,12354.0
2016-01-21,1.18,0.444,1092.0,1171.0,8.13,2888.6,290000.0,92.0,4488840.0,90.44,12505.5,12354.0
2016-01-22,1.19,0.444,1092.0,1171.0,7.87,2888.6,290000.0,92.0,4488840.0,60.316,12505.5,12354.0
2016-01-23,1.19,0.444,1092.0,1171.0,7.87,2888.6,269000.0,92.0,4488840.0,60.316,12505.5,12354.0
2016-01-25,1.15,0.444,1092.0,1171.0,7.85,2888.6,269000.0,92.0,4488840.0,80.17,12505.5,12354.0
2016-01-26,1.16,0.444,1092.0,1171.0,7.83,2888.6,269000.0,92.0,4488840.0,83.819,12505.5,12354.0
2016-01-27,1.18,0.444,1092.0,1171.0,7.78,2888.6,269000.0,92.0,4482349.0,89.304,12505.5,12354.0
2016-01-28,1.17,0.444,1092.0,1171.0,7.75,2888.6,269000.0,92.0,4482349.0,63.251,12505.5,12354.0
2016-01-29,1.18,0.444,1092.0,1171.0,7.74,2888.6,269000.0,92.0,4482349.0,114.573,12505.5,12354.0
2016-01-30,1.18,0.444,1092.0,1171.0,7.74,2888.6,282000.0,92.0,4482349.0,114.573,12505.5,12354.0
2016-01-31,1.18,0.444,1092.0,1171.0,7.77,2888.6,282000.0,92.0,4482349.0,114.573,12505.5,12354.0
2016-02-01,1.16,0.456,1225.0,1172.0,7.79,2885.5,282000.0,91.7,4482349.0,76.79,12577.7,12337.0
2016-02-02,1.12,0.456,1225.0,1172.0,7.98,2885.5,282000.0,91.7,4482349.0,80.127,12577.7,12337.0
2016-02-03,1.16,0.456,1225.0,1172.0,8.03,2885.5,282000.0,91.7,4483495.0,62.461,12577.7,12337.0
2016-02-04,1.17,0.456,1225.0,1172.0,8.03,2885.5,282000.0,91.7,4483495.0,55.893,12577.7,12337.0
2016-02-05,1.12,0.456,1225.0,1172.0,8.1,2885.5,282000.0,91.7,4483495.0,50.888,12577.7,12337.0
2016-02-06,1.12,0.456,1225.0,1172.0,8.1,2885.5,266000.0,91.7,4483495.0,50.888,12577.7,12337.0
2016-02-08,1.09,0.456,1225.0,1172.0,8.51,2885.5,266000.0,91.7,4483495.0,39.132,12577.7,12337.0
2016-02-09,1.05,0.456,1225.0,1172.0,8.62,2885.5,266000.0,91.7,4483495.0,44.123,12577.7,12337.0
2016-02-10,1.0,0.456,1225.0,1172.0,8.53,2885.5,266000.0,91.7,4486278.0,47.974,12577.7,12337.0
2016-02-11,0.99,0.456,1225.0,1172.0,8.87,2885.5,266000.0,91.7,4486278.0,44.482,12577.7,12337.0
2016-02-12,1.03,0.456,1225.0,1172.0,8.64,2885.5,266000.0,91.7,4486278.0,35.233,12577.7,12337.0
2016-02-13,1.03,0.456,1225.0,1172.0,8.64,2885.5,262000.0,91.7,4486278.0,35.233,12577.7,12337.0
2016-02-15,1.03,0.456,1225.0,1172.0,8.59,2885.5,262000.0,91.7,4486278.0,35.233,12577.7,12337.0
2016-02-16,1.04,0.456,1225.0,1172.0,8.45,2885.5,262000.0,91.7,4486278.0,34.728,12577.7,12337.0
2016-02-17,1.07,0.456,1225.0,1172.0,8.21,2885.5,262000.0,91.7,4483629.0,52.098,12577.7,12337.0
2016-02-18,1.04,0.456,1225.0,1172.0,8.17,2885.5,262000.0,91.7,4483629.0,71.581,12577.7,12337.0
2016-02-19,1.0,0.456,1225.0,1172.0,8.23,2885.5,262000.0,91.7,4483629.0,59.088,12577.7,12337.0
2016-02-20,1.0,0.456,1225.0,1172.0,8.23,2885.5,270000.0,91.7,4483629.0,59.088,12577.7,12337.0
2016-02-22,0.99,0.456,1225.0,1172.0,8.09,2885.5,270000.0,91.7,4483629.0,54.405,12577.7,12337.0
2016-02-23,0.98,0.456,1225.0,1172.0,8.1,2885.5,270000.0,91.7,4483629.0,64.808,12577.7,12337.0
2016-02-24,1.0,0.456,1225.0,1172.0,8.17,2885.5,270000.0,91.7,4489796.0,41.065,12577.7,12337.0
2016-02-25,0.99,0.456,1225.0,1172.0,8.08,2885.5,270000.0,91.7,4489796.0,43.818,12577.7,12337.0
2016-02-26,0.96,0.456,1225.0,1172.0,7.8,2885.5,270000.0,91.7,4489796.0,56.919,12577.7,12337.0
2016-02-27,0.96,0.456,1225.0,1172.0,7.8,2885.5,269000.0,91.7,4489796.0,56.919,12577.7,12337.0
2016-02-29,0.96,0.456,1225.0,1172.0,7.75,2885.5,269000.0,91.7,4489796.0,94.123,12577.7,12337.0
2016-03-01,0.98,0.465,1111.0,1118.0,7.46,2885.6,269000.0,91.0,4489796.0,38.763,12628.6,12313.0
2016-03-02,0.99,0.465,1111.0,1118.0,7.31,2885.6,269000.0,91.0,4478485.0,44.546,12628.6,12313.0
2016-03-03,0.98,0.465,1111.0,1118.0,7.28,2885.6,269000.0,91.0,4478485.0,50.384,12628.6,12313.0
2016-03-04,1.0,0.465,1111.0,1118.0,7.08,2885.6,269000.0,91.0,4478485.0,51.368,12628.6,12313.0
2016-03-05,1.0,0.465,1111.0,1118.0,7.08,2885.6,255000.0,91.0,4478485.0,51.368,12628.6,12313.0
2016-03-07,1.0,0.465,1111.0,1118.0,7.03,2885.6,255000.0,91.0,4478485.0,53.724,12628.6,12313.0
2016-03-08,0.95,0.465,1111.0,1118.0,7.14,2885.6,255000.0,91.0,4478485.0,49.332,12628.6,12313.0
2016-03-09,1.0,0.465,1111.0,1118.0,7.15,2885.6,255000.0,91.0,4481083.0,47.346,12628.6,12313.0
2016-03-10,1.0,0.465,1111.0,1118.0,7.04,2885.6,255000.0,91.0,4481083.0,35.428,12628.6,12313.0
2016-03-11,1.01,0.465,1111.0,1118.0,6.82,2885.6,255000.0,91.0,4481083.0,39.73,12628.6,12313.0
2016-03-12,1.01,0.465,1111.0,1118.0,6.82,2885.6,263000.0,91.0,4481083.0,39.73,12628.6,12313.0
2016-03-14,1.0,0.465,1111.0,1118.0,6.74,2885.6,263000.0,91.0,4481083.0,40.518,12628.6,12313.0
2016-03-15,0.99,0.465,1111.0,1118.0,6.84,2885.6,263000.0,91.0,4481083.0,38.299,12628.6,12313.0
2016-03-16,1.07,0.465,1111.0,1118.0,6.94,2885.6,263000.0,91.0,4486333.0,48.389,12628.6,12313.0
2016-03-17,1.04,0.465,1111.0,1118.0,6.82,2885.6,263000.0,91.0,4486333.0,34.869,12628.6,12313.0
2016-03-18,1.04,0.465,1111.0,1118.0,6.71,2885.6,263000.0,91.0,4486333.0,67.622,12628.6,12313.0
2016-03-19,1.04,0.465,1111.0,1118.0,6.71,2885.6,264000.0,91.0,4486333.0,67.622,12628.6,12313.0
2016-03-21,1.05,0.465,1111.0,1118.0,6.65,2885.6,264000.0,91.0,4486333.0,55.751,12628.6,12313.0
2016-03-22,1.03,0.465,1111.0,1118.0,6.69,2885.6,264000.0,91.0,4486333.0,68.284,12628.6,12313.0
2016-03-23,1.01,0.465,1111.0,1118.0,6.79,2885.6,264000.0,91.0,4492857.0,70.075,12628.6,12313.0
2016-03-24,1.02,0.465,1111.0,1118.0,6.93,2885.6,264000.0,91.0,4492857.0,70.075,12628.6,12313.0
2016-03-25,1.02,0.465,1111.0,1118.0,6.93,2885.6,264000.0,91.0,4492857.0,70.075,12628.6,12313.0
2016-03-26,1.02,0.465,1111.0,1118.0,6.93,2885.6,271000.0,91.0,4492857.0,70.075,12628.6,12313.0
2016-03-28,1.0,0.465,1111.0,1118.0,6.99,2885.6,271000.0,91.0,4492857.0,65.481,12628.6,12313.0
2016-03-29,1.03,0.465,1111.0,1118.0,7.14,2885.6,271000.0,91.0,4492857.0,104.77,12628.6,12313.0
2016-03-30,1.07,0.465,1111.0,1118.0,7.03,2885.6,271000.0,91.0,4482840.0,127.119,12628.6,12313.0
2016-03-31,1.05,0.465,1111.0,1118.0,7.05,2885.6,271000.0,91.0,4482840.0,303.849,12628.6,12313.0
2016-04-01,1.03,0.422,1163.0,1160.0,7.05,2878.8,271000.0,89.0,4482840.0,89.118,12707.6,12325.0
2016-04-02,1.03,0.422,1163.0,1160.0,7.05,2878.8,273000.0,89.0,4482840.0,89.118,12707.6,12325.0
2016-04-04,1.03,0.422,1163.0,1160.0,7.03,2878.8,273000.0,89.0,4482840.0,65.692,12707.6,12325.0
2016-04-05,1.01,0.422,1163.0,1160.0,7.13,2878.8,273000.0,89.0,4482840.0,44.369,12707.6,12325.0
2016-04-06,1.03,0.422,1163.0,1160.0,7.04,2878.8,273000.0,89.0,4484069.0,27.455,12707.6,12325.0
2016-04-07,1.0,0.422,1163.0,1160.0,7.11,2878.8,273000.0,89.0,4484069.0,34.065,12707.6,12325.0
2016-04-08,1.02,0.422,1163.0,1160.0,7.03,2878.8,273000.0,89.0,4484069.0,21.618,12707.6,12325.0
2016-04-09,1.02,0.422,1163.0,1160.0,7.03,2878.8,263000.0,89.0,4484069.0,21.618,12707.6,12325.0
2016-04-11,1.03,0.422,1163.0,1160.0,7.0,2878.8,263000.0,89.0,4484069.0,22.151,12707.6,12325.0
2016-04-12,1.05,0.422,1163.0,1160.0,6.87,2878.8,263000.0,89.0,4484069.0,18.711,12707.6,12325.0
2016-04-13,1.02,0.422,1163.0,1160.0,6.71,2878.8,263000.0,89.0,4499729.0,16.61,12707.6,12325.0
2016-04-14,1.03,0.422,1163.0,1160.0,6.6,2878.8,263000.0,89.0,4499729.0,18.241,12707.6,12325.0
2016-04-15,1.02,0.422,1163.0,1160.0,6.62,2878.8,263000.0,89.0,4499729.0,23.479,12707.6,12325.0
2016-04-16,1.02,0.422,1163.0,1160.0,6.62,2878.8,257000.0,89.0,4499729.0,23.479,12707.6,12325.0
2016-04-18,1.03,0.422,1163.0,1160.0,6.62,2878.8,257000.0,89.0,4499729.0,38.607,12707.6,12325.0
2016-04-19,1.02,0.422,1163.0,1160.0,6.46,2878.8,257000.0,89.0,4499729.0,40.049,12707.6,12325.0
2016-04-20,1.05,0.422,1163.0,1160.0,6.31,2878.8,257000.0,89.0,4490131.0,31.971,12707.6,12325.0
2016-04-21,1.06,0.422,1163.0,1160.0,6.29,2878.8,257000.0,89.0,4490131.0,36.555,12707.6,12325.0
2016-04-22,1.05,0.422,1163.0,1160.0,6.29,2878.8,257000.0,89.0,4490131.0,19.084,12707.6,12325.0
2016-04-23,1.05,0.422,1163.0,1160.0,6.29,2878.8,259000.0,89.0,4490131.0,19.084,12707.6,12325.0
2016-04-25,1.06,0.422,1163.0,1160.0,6.32,2878.8,259000.0,89.0,4490131.0,24.148,12707.6,12325.0
2016-04-26,1.08,0.422,1163.0,1160.0,6.26,2878.8,259000.0,89.0,4490131.0,29.563,12707.6,12325.0
2016-04-27,1.04,0.422,1163.0,1160.0,6.25,2878.8,259000.0,89.0,4474665.0,31.432,12707.6,12325.0
2016-04-28,1.06,0.422,1163.0,1160.0,6.19,2878.8,259000.0,89.0,4474665.0,25.526,12707.6,12325.0
2016-04-29,1.06,0.422,1163.0,1160.0,6.24,2878.8,259000.0,89.0,4474665.0,65.558,12707.6,12325.0
2016-04-30,1.06,0.422,1163.0,1160.0,6.21,2878.8,278000.0,89.0,4474665.0,65.558,12707.6,12325.0
2016-05-01,1.06,0.406,1148.0,1205.0,6.21,2861.9,278000.0,94.7,4474665.0,65.558,12774.6,12303.0
2016-05-02,1.08,0.406,1148.0,1205.0,6.16,2861.9,278000.0,94.7,4474665.0,38.947,12774.6,12303.0
2016-05-03,1.06,0.406,1148.0,1205.0,6.31,2861.9,278000.0,94.7,4474665.0,38.536,12774.6,12303.0
2016-05-04,1.04,0.406,1148.0,1205.0,6.39,2861.9,278000.0,94.7,4477270.0,35.592,12774.6,12303.0
2016-05-05,1.04,0.406,1148.0,1205.0,6.42,2861.9,278000.0,94.7,4477270.0,30.222,12774.6,12303.0
2016-05-06,1.05,0.406,1148.0,1205.0,6.48,2861.9,278000.0,94.7,4477270.0,28.294,12774.6,12303.0
2016-05-07,1.05,0.406,1148.0,1205.0,6.48,2861.9,289000.0,94.7,4477270.0,28.294,12774.6,12303.0
2016-05-09,1.05,0.406,1148.0,1205.0,6.53,2861.9,289000.0,94.7,4477270.0,23.238,12774.6,12303.0
2016-05-10,1.05,0.406,1148.0,1205.0,6.46,2861.9,289000.0,94.7,4477270.0,31.035,12774.6,12303.0
2016-05-11,0.99,0.406,1148.0,1205.0,6.4,2861.9,289000.0,94.7,4478411.0,31.533,12774.6,12303.0
2016-05-12,0.99,0.406,1148.0,1205.0,6.36,2861.9,289000.0,94.7,4478411.0,34.843,12774.6,12303.0
2016-05-13,0.95,0.406,1148.0,1205.0,6.41,2861.9,289000.0,94.7,4478411.0,17.088,12774.6,12303.0
2016-05-14,0.95,0.406,1148.0,1205.0,6.41,2861.9,279000.0,94.7,4478411.0,17.088,12774.6,12303.0
2016-05-16,0.96,0.406,1148.0,1205.0,6.3,2861.9,279000.0,94.7,4478411.0,20.123,12774.6,12303.0
2016-05-17,0.94,0.406,1148.0,1205.0,6.26,2861.9,279000.0,94.7,4478411.0,21.115,12774.6,12303.0
2016-05-18,0.97,0.406,1148.0,1205.0,6.16,2861.9,279000.0,94.7,4473741.0,63.92,12774.6,12303.0
2016-05-19,0.96,0.406,1148.0,1205.0,6.29,2861.9,279000.0,94.7,4473741.0,63.293,12774.6,12303.0
2016-05-20,0.96,0.406,1148.0,1205.0,6.22,2861.9,279000.0,94.7,4473741.0,60.342,12774.6,12303.0
2016-05-21,0.96,0.406,1148.0,1205.0,6.22,2861.9,267000.0,94.7,4473741.0,60.342,12774.6,12303.0
2016-05-23,0.93,0.406,1148.0,1205.0,6.21,2861.9,267000.0,94.7,4473741.0,78.109,12774.6,12303.0
2016-05-24,0.94,0.406,1148.0,1205.0,6.13,2861.9,267000.0,94.7,4473741.0,57.676,12774.6,12303.0
2016-05-25,0.95,0.406,1148.0,1205.0,6.04,2861.9,267000.0,94.7,4461111.0,65.797,12774.6,12303.0
2016-05-26,0.96,0.406,1148.0,1205.0,6.08,2861.9,267000.0,94.7,4461111.0,58.671,12774.6,12303.0
2016-05-27,0.95,0.406,1148.0,1205.0,6.08,2861.9,267000.0,94.7,4461111.0,40.472,12774.6,12303.0
2016-05-28,0.95,0.406,1148.0,1205.0,6.08,2861.9,263000.0,94.7,4461111.0,40.472,12774.6,12303.0
2016-05-30,0.95,0.406,1148.0,1205.0,6.08,2861.9,263000.0,94.7,4461111.0,40.472,12774.6,12303.0
2016-05-31,0.97,0.406,1148.0,1205.0,5.97,2861.9,263000.0,94.7,4461111.0,102.627,12774.6,12303.0
2016-06-01,0.94,0.402,1203.0,1208.0,6.01,2877.9,263000.0,93.5,4461393.0,61.186,12835.1,12321.0
2016-06-02,0.92,0.402,1203.0,1208.0,6.0,2877.9,263000.0,93.5,4461393.0,62.973,12835.1,12321.0
2016-06-03,0.93,0.402,1203.0,1208.0,6.09,2877.9,263000.0,93.5,4461393.0,58.183,12835.1,12321.0
2016-06-04,0.93,0.402,1203.0,1208.0,6.09,2877.9,265000.0,93.5,4461393.0,58.183,12835.1,12321.0
2016-06-06,0.93,0.402,1203.0,1208.0,6.0,2877.9,265000.0,93.5,4461393.0,53.352,12835.1,12321.0
2016-06-07,0.94,0.402,1203.0,1208.0,5.92,2877.9,265000.0,93.5,4461393.0,49.906,12835.1,12321.0
2016-06-08,0.93,0.402,1203.0,1208.0,5.82,2877.9,265000.0,93.5,4463542.0,41.445,12835.1,12321.0
2016-06-09,0.91,0.402,1203.0,1208.0,5.86,2877.9,265000.0,93.5,4463542.0,41.435,12835.1,12321.0
2016-06-10,0.91,0.402,1203.0,1208.0,5.98,2877.9,265000.0,93.5,4463542.0,40.5,12835.1,12321.0
2016-06-11,0.91,0.402,1203.0,1208.0,5.98,2877.9,273000.0,93.5,4463542.0,40.5,12835.1,12321.0
2016-06-13,0.89,0.402,1203.0,1208.0,6.07,2877.9,273000.0,93.5,4463542.0,46.016,12835.1,12321.0
2016-06-14,0.88,0.402,1203.0,1208.0,6.19,2877.9,273000.0,93.5,4463542.0,34.936,12835.1,12321.0
2016-06-15,0.91,0.402,1203.0,1208.0,6.18,2877.9,273000.0,93.5,4472817.0,28.313,12835.1,12321.0
2016-06-16,0.87,0.402,1203.0,1208.0,6.32,2877.9,273000.0,93.5,4472817.0,35.1,12835.1,12321.0
2016-06-17,0.92,0.402,1203.0,1208.0,6.21,2877.9,273000.0,93.5,4472817.0,58.606,12835.1,12321.0
2016-06-18,0.92,0.402,1203.0,1208.0,6.21,2877.9,261000.0,93.5,4472817.0,58.606,12835.1,12321.0
2016-06-20,0.93,0.402,1203.0,1208.0,6.0,2877.9,261000.0,93.5,4472817.0,67.757,12835.1,12321.0
2016-06-21,0.95,0.402,1203.0,1208.0,6.0,2877.9,261000.0,93.5,4472817.0,86.546,12835.1,12321.0
2016-06-22,0.94,0.402,1203.0,1208.0,5.96,2877.9,261000.0,93.5,4482009.0,90.386,12835.1,12321.0
2016-06-23,0.96,0.402,1203.0,1208.0,5.83,2877.9,261000.0,93.5,4482009.0,91.509,12835.1,12321.0
2016-06-24,0.93,0.402,1203.0,1208.0,6.33,2877.9,261000.0,93.5,4482009.0,87.498,12835.1,12321.0
2016-06-25,0.93,0.402,1203.0,1208.0,6.33,2877.9,262000.0,93.5,4482009.0,87.498,12835.1,12321.0
2016-06-27,0.85,0.402,1203.0,1208.0,6.57,2877.9,262000.0,93.5,4482009.0,116.639,12835.1,12321.0
2016-06-28,0.85,0.402,1203.0,1208.0,6.48,2877.9,262000.0,93.5,4482009.0,129.102,12835.1,12321.0
2016-06-29,0.88,0.402,1203.0,1208.0,6.26,2877.9,262000.0,93.5,4466482.0,143.206,12835.1,12321.0
2016-06-30,0.91,0.402,1203.0,1208.0,6.21,2877.9,262000.0,93.5,4466482.0,278.809,12835.1,12321.0
2016-07-01,0.87,0.366,1239.0,1198.0,6.12,2882.0,262000.0,90.0,4466482.0,113.428,12889.3,12342.0
2016-07-02,0.87,0.366,1239.0,1198.0,6.12,2882.0,255000.0,90.0,4466482.0,113.428,12889.3,12342.0
2016-07-04,0.87,0.366,1239.0,1198.0,6.12,2882.0,255000.0,90.0,4466482.0,113.428,12889.3,12342.0
2016-07-05,0.81,0.366,1239.0,1198.0,6.16,2882.0,255000.0,90.0,4466482.0,111.242,12889.3,12342.0
2016-07-06,0.8,0.366,1239.0,1198.0,6.14,2882.0,255000.0,90.0,4470605.0,83.401,12889.3,12342.0
2016-07-07,0.82,0.366,1239.0,1198.0,6.02,2882.0,255000.0,90.0,4470605.0,76.407,12889.3,12342.0
2016-07-08,0.76,0.366,1239.0,1198.0,5.88,2882.0,255000.0,90.0,4470605.0,67.516,12889.3,12342.0
2016-07-09,0.76,0.366,1239.0,1198.0,5.88,2882.0,252000.0,90.0,4470605.0,67.516,12889.3,12342.0
2016-07-11,0.77,0.366,1239.0,1198.0,5.66,2882.0,252000.0,90.0,4470605.0,61.876,12889.3,12342.0
2016-07-12,0.84,0.366,1239.0,1198.0,5.46,2882.0,252000.0,90.0,4470605.0,62.64,12889.3,12342.0
2016-07-13,0.8,0.366,1239.0,1198.0,5.58,2882.0,252000.0,90.0,4472202.0,48.357,12889.3,12342.0
2016-07-14,0.85,0.366,1239.0,1198.0,5.44,2882.0,252000.0,90.0,4472202.0,30.358,12889.3,12342.0
2016-07-15,0.89,0.366,1239.0,1198.0,5.42,2882.0,252000.0,90.0,4472202.0,41.162,12889.3,12342.0
2016-07-16,0.89,0.366,1239.0,1198.0,5.42,2882.0,260000.0,90.0,4472202.0,41.162,12889.3,12342.0
2016-07-18,0.91,0.366,1239.0,1198.0,5.44,2882.0,260000.0,90.0,4472202.0,80.813,12889.3,12342.0
2016-07-19,0.86,0.366,1239.0,1198.0,5.45,2882.0,260000.0,90.0,4472202.0,82.273,12889.3,12342.0
2016-07-20,0.86,0.366,1239.0,1198.0,5.4,2882.0,260000.0,90.0,4480973.0,79.368,12889.3,12342.0
2016-07-21,0.87,0.366,1239.0,1198.0,5.41,2882.0,260000.0,90.0,4480973.0,70.517,12889.3,12342.0
2016-07-22,0.86,0.366,1239.0,1198.0,5.39,2882.0,260000.0,90.0,4480973.0,44.897,12889.3,12342.0
2016-07-23,0.86,0.366,1239.0,1198.0,5.39,2882.0,264000.0,90.0,4480973.0,44.897,12889.3,12342.0
2016-07-25,0.86,0.366,1239.0,1198.0,5.39,2882.0,264000.0,90.0,4480973.0,49.132,12889.3,12342.0
2016-07-26,0.82,0.366,1239.0,1198.0,5.45,2882.0,264000.0,90.0,4480973.0,69.799,12889.3,12342.0
2016-07-27,0.79,0.366,1239.0,1198.0,5.51,2882.0,264000.0,90.0,4464498.0,67.687,12889.3,12342.0
2016-07-28,0.8,0.366,1239.0,1198.0,5.54,2882.0,264000.0,90.0,4464498.0,45.194,12889.3,12342.0
2016-07-29,0.79,0.366,1239.0,1198.0,5.61,2882.0,264000.0,90.0,4464498.0,110.518,12889.3,12342.0
2016-07-30,0.79,0.366,1239.0,1198.0,5.61,2882.0,266000.0,90.0,4464498.0,110.518,12889.3,12342.0
2016-07-31,0.79,0.366,1239.0,1198.0,5.69,2882.0,266000.0,90.0,4464498.0,110.518,12889.3,12342.0
2016-08-01,0.84,0.386,1171.0,1201.0,5.69,2878.7,266000.0,89.8,4464498.0,72.911,12973.6,12319.0
2016-08-02,0.88,0.386,1171.0,1201.0,5.73,2878.7,266000.0,89.8,4464498.0,80.535,12973.6,12319.0
2016-08-03,0.88,0.386,1171.0,1201.0,5.72,2878.7,266000.0,89.8,4466793.0,68.075,12973.6,12319.0
2016-08-04,0.87,0.386,1171.0,1201.0,5.65,2878.7,266000.0,89.8,4466793.0,50.263,12973.6,12319.0
2016-08-05,0.87,0.386,1171.0,1201.0,5.46,2878.7,266000.0,89.8,4466793.0,56.235,12973.6,12319.0
2016-08-06,0.87,0.386,1171.0,1201.0,5.46,2878.7,265000.0,89.8,4466793.0,56.235,12973.6,12319.0
2016-08-08,0.85,0.386,1171.0,1201.0,5.42,2878.7,265000.0,89.8,4466793.0,60.625,12973.6,12319.0
2016-08-09,0.84,0.386,1171.0,1201.0,5.36,2878.7,265000.0,89.8,4466793.0,66.881,12973.6,12319.0
2016-08-10,0.81,0.386,1171.0,1201.0,5.38,2878.7,265000.0,89.8,4468929.0,80.174,12973.6,12319.0
2016-08-11,0.81,0.386,1171.0,1201.0,5.31,2878.7,265000.0,89.8,4468929.0,80.145,12973.6,12319.0
2016-08-12,0.8,0.386,1171.0,1201.0,5.34,2878.7,265000.0,89.8,4468929.0,37.278,12973.6,12319.0
2016-08-13,0.8,0.386,1171.0,1201.0,5.34,2878.7,264000.0,89.8,4468929.0,37.278,12973.6,12319.0
2016-08-15,0.83,0.386,1171.0,1201.0,5.23,2878.7,264000.0,89.8,4468929.0,56.95,12973.6,12319.0
2016-08-16,0.81,0.386,1171.0,1201.0,5.17,2878.7,264000.0,89.8,4468929.0,76.397,12973.6,12319.0
2016-08-17,0.82,0.386,1171.0,1201.0,5.19,2878.7,264000.0,89.8,4466476.0,81.337,12973.6,12319.0
2016-08-18,0.82,0.386,1171.0,1201.0,5.2,2878.7,264000.0,89.8,4466476.0,95.089,12973.6,12319.0
2016-08-19,0.82,0.386,1171.0,1201.0,5.15,2878.7,264000.0,89.8,4466476.0,101.468,12973.6,12319.0
2016-08-20,0.82,0.386,1171.0,1201.0,5.15,2878.7,264000.0,89.8,4466476.0,101.468,12973.6,12319.0
2016-08-22,0.79,0.386,1171.0,1201.0,5.18,2878.7,264000.0,89.8,4466476.0,116.124,12973.6,12319.0
2016-08-23,0.81,0.386,1171.0,1201.0,5.14,2878.7,264000.0,89.8,4466476.0,121.654,12973.6,12319.0
2016-08-24,0.8,0.386,1171.0,1201.0,5.13,2878.7,264000.0,89.8,4473840.0,95.35,12973.6,12319.0
2016-08-25,0.8,0.386,1171.0,1201.0,5.14,2878.7,264000.0,89.8,4473840.0,72.817,12973.6,12319.0
2016-08-26,0.78,0.386,1171.0,1201.0,5.04,2878.7,264000.0,89.8,4473840.0,76.532,12973.6,12319.0
2016-08-27,0.78,0.386,1171.0,1201.0,5.04,2878.7,261000.0,89.8,4473840.0,76.532,12973.6,12319.0
2016-08-29,0.76,0.386,1171.0,1201.0,5.1,2878.7,261000.0,89.8,4473840.0,79.731,12973.6,12319.0
2016-08-30,0.77,0.386,1171.0,1201.0,5.07,2878.7,261000.0,89.8,4473840.0,101.422,12973.6,12319.0
2016-08-31,0.78,0.386,1171.0,1201.0,5.1,2878.7,261000.0,89.8,4457907.0,171.368,12973.6,12319.0
2016-09-01,0.79,0.382,1068.0,1303.0,5.12,2901.3,261000.0,91.2,4457907.0,90.607,13033.8,12317.0
2016-09-02,0.8,0.382,1068.0,1303.0,5.09,2901.3,261000.0,91.2,4457907.0,96.194,13033.8,12317.0
2016-09-03,0.8,0.382,1068.0,1303.0,5.09,2901.3,257000.0,91.2,4457907.0,96.194,13033.8,12317.0
2016-09-05,0.8,0.382,1068.0,1303.0,5.09,2901.3,257000.0,91.2,4457907.0,96.194,13033.8,12317.0
2016-09-06,0.81,0.382,1068.0,1303.0,5.09,2901.3,257000.0,91.2,4457907.0,92.733,13033.8,12317.0
2016-09-07,0.8,0.382,1068.0,1303.0,5.07,2901.3,257000.0,91.2,4459394.0,79.08,13033.8,12317.0
2016-09-08,0.83,0.382,1068.0,1303.0,4.99,2901.3,257000.0,91.2,4459394.0,60.729,13033.8,12317.0
2016-09-09,0.88,0.382,1068.0,1303.0,5.1,2901.3,257000.0,91.2,4459394.0,78.784,13033.8,12317.0
2016-09-10,0.88,0.382,1068.0,1303.0,5.1,2901.3,252000.0,91.2,4459394.0,78.784,13033.8,12317.0
2016-09-12,0.89,0.382,1068.0,1303.0,5.18,2901.3,252000.0,91.2,4459394.0,86.056,13033.8,12317.0
2016-09-13,0.93,0.382,1068.0,1303.0,5.24,2901.3,252000.0,91.2,4459394.0,83.109,13033.8,12317.0
2016-09-14,0.93,0.382,1068.0,1303.0,5.26,2901.3,252000.0,91.2,4481635.0,64.485,13033.8,12317.0
2016-09-15,0.97,0.382,1068.0,1303.0,5.26,2901.3,252000.0,91.2,4481635.0,55.994,13033.8,12317.0
2016-09-16,0.93,0.382,1068.0,1303.0,5.27,2901.3,252000.0,91.2,4481635.0,100.761,13033.8,12317.0
2016-09-17,0.93,0.382,1068.0,1303.0,5.27,2901.3,250000.0,91.2,4481635.0,100.761,13033.8,12317.0
2016-09-19,0.91,0.382,1068.0,1303.0,5.25,2901.3,250000.0,91.2,4481635.0,125.636,13033.8,12317.0
2016-09-20,0.9,0.382,1068.0,1303.0,5.24,2901.3,250000.0,91.2,4481635.0,156.685,13033.8,12317.0
2016-09-21,0.87,0.382,1068.0,1303.0,5.22,2901.3,250000.0,91.2,4473032.0,176.835,13033.8,12317.0
2016-09-22,0.84,0.382,1068.0,1303.0,5.09,2901.3,250000.0,91.2,4473032.0,194.053,13033.8,12317.0
2016-09-23,0.85,0.382,1068.0,1303.0,5.1,2901.3,250000.0,91.2,4473032.0,174.726,13033.8,12317.0
2016-09-24,0.85,0.382,1068.0,1303.0,5.1,2901.3,247000.0,91.2,4473032.0,174.726,13033.8,12317.0
2016-09-26,0.83,0.382,1068.0,1303.0,5.16,2901.3,247000.0,91.2,4473032.0,200.068,13033.8,12317.0
2016-09-27,0.81,0.382,1068.0,1303.0,5.18,2901.3,247000.0,91.2,4473032.0,239.7,13033.8,12317.0
2016-09-28,0.82,0.382,1068.0,1303.0,5.14,2901.3,247000.0,91.2,4452002.0,272.277,13033.8,12317.0
2016-09-29,0.83,0.382,1068.0,1303.0,5.09,2901.3,247000.0,91.2,4452002.0,271.847,13033.8,12317.0
2016-09-30,0.83,0.382,1068.0,1303.0,4.97,2901.3,247000.0,91.2,4452002.0,412.523,13033.8,12317.0
2016-10-01,0.83,0.348,1313.0,1254.0,4.97,2894.6,245000.0,87.2,4452002.0,412.523,13107.1,12316.0
2016-10-03,0.83,0.348,1313.0,1254.0,4.93,2894.6,245000.0,87.2,4452002.0,320.889,13107.1,12316.0
2016-10-04,0.87,0.348,1313.0,1254.0,4.85,2894.6,245000.0,87.2,4452002.0,306.041,13107.1,12316.0
2016-10-05,0.87,0.348,1313.0,1254.0,4.78,2894.6,245000.0,87.2,4459407.0,297.964,13107.1,12316.0
2016-10-06,0.89,0.348,1313.0,1254.0,4.75,2894.6,245000.0,87.2,4459407.0,237.619,13107.1,12316.0
2016-10-07,0.9,0.348,1313.0,1254.0,4.76,2894.6,245000.0,87.2,4459407.0,226.065,13107.1,12316.0
2016-10-08,0.9,0.348,1313.0,1254.0,4.76,2894.6,250000.0,87.2,4459407.0,226.065,13107.1,12316.0
2016-10-10,0.9,0.348,1313.0,1254.0,4.76,2894.6,250000.0,87.2,4459407.0,226.065,13107.1,12316.0
2016-10-11,0.9,0.348,1313.0,1254.0,4.75,2894.6,250000.0,87.2,4459407.0,201.546,13107.1,12316.0
2016-10-12,0.92,0.348,1313.0,1254.0,4.75,2894.6,250000.0,87.2,4457698.0,188.671,13107.1,12316.0
2016-10-13,0.9,0.348,1313.0,1254.0,4.82,2894.6,250000.0,87.2,4457698.0,180.971,13107.1,12316.0
2016-10-14,0.96,0.348,1313.0,1254.0,4.72,2894.6,250000.0,87.2,4457698.0,133.359,13107.1,12316.0
2016-10-15,0.96,0.348,1313.0,1254.0,4.72,2894.6,263000.0,87.2,4457698.0,133.359,13107.1,12316.0
2016-10-17,0.96,0.348,1313.0,1254.0,4.76,2894.6,263000.0,87.2,4457698.0,124.407,13107.1,12316.0
2016-10-18,0.93,0.348,1313.0,1254.0,4.72,2894.6,263000.0,87.2,4457698.0,174.966,13107.1,12316.0
2016-10-19,0.95,0.348,1313.0,1254.0,4.66,2894.6,263000.0,87.2,4467382.0,191.81,13107.1,12316.0
2016-10-20,0.92,0.348,1313.0,1254.0,4.62,2894.6,263000.0,87.2,4467382.0,172.312,13107.1,12316.0
2016-10-21,0.9,0.348,1313.0,1254.0,4.62,2894.6,263000.0,87.2,4467382.0,181.285,13107.1,12316.0
2016-10-22,0.9,0.348,1313.0,1254.0,4.62,2894.6,256000.0,87.2,4467382.0,181.285,13107.1,12316.0
2016-10-24,0.93,0.348,1313.0,1254.0,4.6,2894.6,256000.0,87.2,4467382.0,142.574,13107.1,12316.0
2016-10-25,0.91,0.348,1313.0,1254.0,4.6,2894.6,256000.0,87.2,4467382.0,132.403,13107.1,12316.0
2016-10-26,0.93,0.348,1313.0,1254.0,4.66,2894.6,256000.0,87.2,4454326.0,142.065,13107.1,12316.0
2016-10-27,0.98,0.348,1313.0,1254.0,4.69,2894.6,256000.0,87.2,4454326.0,135.113,13107.1,12316.0
2016-10-28,1.0,0.348,1313.0,1254.0,4.76,2894.6,256000.0,87.2,4454326.0,129.983,13107.1,12316.0
2016-10-29,1.0,0.348,1313.0,1254.0,4.76,2894.6,265000.0,87.2,4454326.0,129.983,13107.1,12316.0
2016-10-31,0.98,0.348,1313.0,1254.0,4.91,2894.6,265000.0,87.2,4454326.0,214.798,13107.1,12316.0
2016-11-01,1.0,0.38,1140.0,1230.0,5.05,2903.4,265000.0,93.8,4454326.0,171.89,13180.6,12311.0
2016-11-02,1.0,0.38,1140.0,1230.0,5.15,2903.4,265000.0,93.8,4453087.0,176.232,13180.6,12311.0
2016-11-03,1.01,0.38,1140.0,1230.0,5.15,2903.4,265000.0,93.8,4453087.0,148.543,13180.6,12311.0
2016-11-04,0.99,0.38,1140.0,1230.0,5.2,2903.4,265000.0,93.8,4453087.0,136.483,13180.6,12311.0
2016-11-05,0.99,0.38,1140.0,1230.0,5.2,2903.4,250000.0,93.8,4453087.0,136.483,13180.6,12311.0
2016-11-07,1.01,0.38,1140.0,1230.0,5.01,2903.4,250000.0,93.8,4453087.0,128.671,13180.6,12311.0
2016-11-08,1.01,0.38,1140.0,1230.0,4.98,2903.4,250000.0,93.8,4453087.0,127.33,13180.6,12311.0
2016-11-09,1.17,0.38,1140.0,1230.0,4.94,2903.4,250000.0,93.8,4455087.0,130.993,13180.6,12311.0
2016-11-10,1.23,0.38,1140.0,1230.0,4.97,2903.4,250000.0,93.8,4455087.0,99.936,13180.6,12311.0
2016-11-11,1.23,0.38,1140.0,1230.0,4.97,2903.4,250000.0,93.8,4455087.0,99.936,13180.6,12311.0
2016-11-12,1.23,0.38,1140.0,1230.0,4.97,2903.4,232000.0,93.8,4455087.0,99.936,13180.6,12311.0
2016-11-14,1.23,0.38,1140.0,1230.0,5.11,2903.4,232000.0,93.8,4455087.0,81.448,13180.6,12311.0
2016-11-15,1.21,0.38,1140.0,1230.0,4.94,2903.4,232000.0,93.8,4455087.0,102.247,13180.6,12311.0
2016-11-16,1.22,0.38,1140.0,1230.0,4.94,2903.4,232000.0,93.8,4453633.0,116.044,13180.6,12311.0
2016-11-17,1.25,0.38,1140.0,1230.0,4.85,2903.4,232000.0,93.8,4453633.0,92.397,13180.6,12311.0
2016-11-18,1.27,0.38,1140.0,1230.0,4.84,2903.4,232000.0,93.8,4453633.0,116.091,13180.6,12311.0
2016-11-19,1.27,0.38,1140.0,1230.0,4.84,2903.4,246000.0,93.8,4453633.0,116.091,13180.6,12311.0
2016-11-21,1.25,0.38,1140.0,1230.0,4.78,2903.4,246000.0,93.8,4453633.0,135.387,13180.6,12311.0
2016-11-22,1.24,0.38,1140.0,1230.0,4.7,2903.4,246000.0,93.8,4453633.0,128.222,13180.6,12311.0
2016-11-23,1.24,0.38,1140.0,1230.0,4.66,2903.4,246000.0,93.8,4465782.0,119.371,13180.6,12311.0
2016-11-24,1.24,0.38,1140.0,1230.0,4.66,2903.4,246000.0,93.8,4465782.0,119.371,13180.6,12311.0
2016-11-25,1.24,0.38,1140.0,1230.0,4.64,2903.4,246000.0,93.8,4465782.0,121.165,13180.6,12311.0
2016-11-26,1.24,0.38,1140.0,1230.0,4.64,2903.4,255000.0,93.8,4465782.0,121.165,13180.6,12311.0
2016-11-28,1.21,0.38,1140.0,1230.0,4.66,2903.4,255000.0,93.8,4465782.0,146.903,13180.6,12311.0
2016-11-29,1.21,0.38,1140.0,1230.0,4.69,2903.4,255000.0,93.8,4465782.0,138.401,13180.6,12311.0
2016-11-30,1.26,0.38,1140.0,1230.0,4.67,2903.4,255000.0,93.8,4446307.0,208.524,13180.6,12311.0
2016-12-01,1.31,0.371,1252.0,1248.0,4.62,2906.8,255000.0,98.2,4446307.0,159.215,13225.8,12324.0
2016-12-02,1.29,0.371,1252.0,1248.0,4.64,2906.8,255000.0,98.2,4446307.0,167.881,13225.8,12324.0
2016-12-03,1.29,0.371,1252.0,1248.0,4.64,2906.8,248000.0,98.2,4446307.0,167.881,13225.8,12324.0
2016-12-05,1.26,0.371,1252.0,1248.0,4.58,2906.8,248000.0,98.2,4446307.0,168.369,13225.8,12324.0
2016-12-06,1.27,0.371,1252.0,1248.0,4.5,2906.8,248000.0,98.2,4446307.0,185.55,13225.8,12324.0
2016-12-07,1.24,0.371,1252.0,1248.0,4.42,2906.8,248000.0,98.2,4448618.0,185.812,13225.8,12324.0
2016-12-08,1.28,0.371,1252.0,1248.0,4.38,2906.8,248000.0,98.2,4448618.0,186.313,13225.8,12324.0
2016-12-09,1.32,0.371,1252.0,1248.0,4.28,2906.8,248000.0,98.2,4448618.0,185.799,13225.8,12324.0
2016-12-10,1.32,0.371,1252.0,1248.0,4.28,2906.8,252000.0,98.2,4448618.0,185.799,13225.8,12324.0
2016-12-12,1.34,0.371,1252.0,1248.0,4.25,2906.8,252000.0,98.2,4448618.0,189.33,13225.8,12324.0
2016-12-13,1.31,0.371,1252.0,1248.0,4.2,2906.8,252000.0,98.2,4448618.0,238.46,13225.8,12324.0
2016-12-14,1.27,0.371,1252.0,1248.0,4.12,2906.8,252000.0,98.2,4470973.0,169.563,13225.8,12324.0
2016-12-15,1.31,0.371,1252.0,1248.0,4.2,2906.8,252000.0,98.2,4470973.0,199.654,13225.8,12324.0
2016-12-16,1.32,0.371,1252.0,1248.0,4.21,2906.8,252000.0,98.2,4470973.0,213.706,13225.8,12324.0
2016-12-17,1.32,0.371,1252.0,1248.0,4.21,2906.8,260000.0,98.2,4470973.0,213.706,13225.8,12324.0
2016-12-19,1.3,0.371,1252.0,1248.0,4.23,2906.8,260000.0,98.2,4470973.0,237.525,13225.8,12324.0
2016-12-20,1.32,0.371,1252.0,1248.0,4.2,2906.8,260000.0,98.2,4470973.0,277.354,13225.8,12324.0
2016-12-21,1.34,0.371,1252.0,1248.0,4.19,2906.8,260000.0,98.2,4469089.0,307.477,13225.8,12324.0
2016-12-22,1.33,0.371,1252.0,1248.0,4.17,2906.8,260000.0,98.2,4469089.0,312.338,13225.8,12324.0
2016-12-23,1.33,0.371,1252.0,1248.0,4.16,2906.8,260000.0,98.2,4469089.0,280.643,13225.8,12324.0
2016-12-24,1.33,0.371,1252.0,1248.0,4.16,2906.8,257000.0,98.2,4469089.0,280.643,13225.8,12324.0
2016-12-26,1.33,0.371,1252.0,1248.0,4.16,2906.8,257000.0,98.2,4469089.0,280.643,13225.8,12324.0
2016-12-27,1.29,0.371,1252.0,1248.0,4.11,2906.8,257000.0,98.2,4469089.0,294.061,13225.8,12324.0
2016-12-28,1.25,0.371,1252.0,1248.0,4.15,2906.8,257000.0,98.2,4451451.0,323.912,13225.8,12324.0
2016-12-29,1.27,0.371,1252.0,1248.0,4.18,2906.8,257000.0,98.2,4451451.0,346.472,13225.8,12324.0
2016-12-30,1.25,0.371,1252.0,1248.0,4.21,2906.8,257000.0,98.2,4451451.0,468.355,13225.8,12324.0
2016-12-31,1.25,0.371,1252.0,1248.0,4.22,2906.8,244000.0,98.2,4451451.0,468.355,13225.8,12324.0
2017-01-01,1.25,0.363,1190.0,1303.0,4.22,2908.8,244000.0,98.5,4451451.0,468.355,13300.3,12334.0
2017-01-02,1.25,0.363,1190.0,1303.0,4.22,2908.8,244000.0,98.5,4451451.0,468.355,13300.3,12334.0
2017-01-03,1.23,0.363,1190.0,1303.0,4.13,2908.8,244000.0,98.5,4451451.0,287.236,13300.3,12334.0
2017-01-04,1.22,0.363,1190.0,1303.0,4.02,2908.8,244000.0,98.5,4453101.0,266.468,13300.3,12334.0
2017-01-05,1.2,0.363,1190.0,1303.0,4.04,2908.8,244000.0,98.5,4453101.0,233.43,13300.3,12334.0
2017-01-06,1.2,0.363,1190.0,1303.0,3.98,2908.8,244000.0,98.5,4453101.0,209.205,13300.3,12334.0
2017-01-07,1.2,0.363,1190.0,1303.0,3.98,2908.8,245000.0,98.5,4453101.0,209.205,13300.3,12334.0
2017-01-09,1.17,0.363,1190.0,1303.0,4.02,2908.8,245000.0,98.5,4453101.0,191.97,13300.3,12334.0
2017-01-10,1.19,0.363,1190.0,1303.0,4.0,2908.8,245000.0,98.5,4453101.0,180.715,13300.3,12334.0
2017-01-11,1.18,0.363,1190.0,1303.0,4.03,2908.8,245000.0,98.5,4452509.0,158.82,13300.3,12334.0
2017-01-12,1.18,0.363,1190.0,1303.0,4.05,2908.8,245000.0,98.5,4452509.0,141.218,13300.3,12334.0
2017-01-13,1.19,0.363,1190.0,1303.0,4.02,2908.8,245000.0,98.5,4452509.0,88.201,13300.3,12334.0
2017-01-14,1.19,0.363,1190.0,1303.0,4.02,2908.8,240000.0,98.5,4452509.0,88.201,13300.3,12334.0
2017-01-16,1.19,0.363,1190.0,1303.0,4.0,2908.8,240000.0,98.5,4452509.0,88.201,13300.3,12334.0
2017-01-17,1.16,0.363,1190.0,1303.0,4.06,2908.8,240000.0,98.5,4452509.0,96.798,13300.3,12334.0
2017-01-18,1.19,0.363,1190.0,1303.0,4.01,2908.8,240000.0,98.5,4460758.0,130.118,13300.3,12334.0
2017-01-19,1.22,0.363,1190.0,1303.0,3.99,2908.8,240000.0,98.5,4460758.0,138.637,13300.3,12334.0
2017-01-20,1.28,0.363,1190.0,1303.0,4.02,2908.8,240000.0,98.5,4460758.0,148.785,13300.3,12334.0
2017-01-21,1.28,0.363,1190.0,1303.0,4.02,2908.8,250000.0,98.5,4460758.0,148.785,13300.3,12334.0
2017-01-23,1.25,0.363,1190.0,1303.0,4.1,2908.8,250000.0,98.5,4460758.0,156.316,13300.3,12334.0
2017-01-24,1.26,0.363,1190.0,1303.0,4.02,2908.8,250000.0,98.5,4460758.0,110.193,13300.3,12334.0
2017-01-25,1.3,0.363,1190.0,1303.0,3.93,2908.8,250000.0,98.5,4452838.0,108.36,13300.3,12334.0
2017-01-26,1.3,0.363,1190.0,1303.0,3.93,2908.8,250000.0,98.5,4452838.0,94.67,13300.3,12334.0
2017-01-27,1.27,0.363,1190.0,1303.0,3.93,2908.8,250000.0,98.5,4452838.0,108.772,13300.3,12334.0
2017-01-28,1.27,0.363,1190.0,1303.0,3.93,2908.8,241000.0,98.5,4452838.0,108.772,13300.3,12334.0
2017-01-30,1.27,0.363,1190.0,1303.0,3.96,2908.8,241000.0,98.5,4452838.0,101.514,13300.3,12334.0
2017-01-31,1.26,0.363,1190.0,1303.0,4.0,2908.8,241000.0,98.5,4452838.0,180.162,13300.3,12334.0
2017-02-01,1.26,0.384,1271.0,1234.0,3.95,2903.7,241000.0,96.3,4453881.0,133.73,13367.0,12350.0
2017-02-02,1.27,0.384,1271.0,1234.0,3.93,2903.7,241000.0,96.3,4453881.0,111.12,13367.0,12350.0
2017-02-03,1.28,0.384,1271.0,1234.0,3.86,2903.7,241000.0,96.3,4453881.0,117.361,13367.0,12350.0
2017-02-04,1.28,0.384,1271.0,1234.0,3.86,2903.7,230000.0,96.3,4453881.0,117.361,13367.0,12350.0
2017-02-06,1.26,0.384,1271.0,1234.0,3.91,2903.7,230000.0,96.3,4453881.0,125.66,13367.0,12350.0
2017-02-07,1.24,0.384,1271.0,1234.0,3.93,2903.7,230000.0,96.3,4453881.0,131.659,13367.0,12350.0
2017-02-08,1.19,0.384,1271.0,1234.0,3.98,2903.7,230000.0,96.3,4456236.0,122.934,13367.0,12350.0
2017-02-09,1.2,0.384,1271.0,1234.0,3.93,2903.7,230000.0,96.3,4456236.0,83.894,13367.0,12350.0
2017-02-10,1.21,0.384,1271.0,1234.0,3.9,2903.7,230000.0,96.3,4456236.0,74.169,13367.0,12350.0
2017-02-11,1.21,0.384,1271.0,1234.0,3.9,2903.7,233000.0,96.3,4456236.0,74.169,13367.0,12350.0
2017-02-13,1.23,0.384,1271.0,1234.0,3.86,2903.7,233000.0,96.3,4456236.0,98.103,13367.0,12350.0
2017-02-14,1.22,0.384,1271.0,1234.0,3.8,2903.7,233000.0,96.3,4456236.0,87.998,13367.0,12350.0
2017-02-15,1.24,0.384,1271.0,1234.0,3.77,2903.7,233000.0,96.3,4454676.0,105.123,13367.0,12350.0
2017-02-16,1.23,0.384,1271.0,1234.0,3.83,2903.7,233000.0,96.3,4454676.0,104.978,13367.0,12350.0
2017-02-17,1.21,0.384,1271.0,1234.0,3.86,2903.7,233000.0,96.3,4454676.0,147.243,13367.0,12350.0
2017-02-18,1.21,0.384,1271.0,1234.0,3.86,2903.7,237000.0,96.3,4454676.0,147.243,13367.0,12350.0
2017-02-20,1.21,0.384,1271.0,1234.0,3.86,2903.7,237000.0,96.3,4454676.0,147.243,13367.0,12350.0
2017-02-21,1.21,0.384,1271.0,1234.0,3.81,2903.7,237000.0,96.3,4454676.0,163.259,13367.0,12350.0
2017-02-22,1.2,0.384,1271.0,1234.0,3.78,2903.7,237000.0,96.3,4468702.0,177.833,13367.0,12350.0
2017-02-23,1.2,0.384,1271.0,1234.0,3.77,2903.7,237000.0,96.3,4468702.0,187.176,13367.0,12350.0
2017-02-24,1.19,0.384,1271.0,1234.0,3.84,2903.7,237000.0,96.3,4468702.0,160.882,13367.0,12350.0
2017-02-25,1.19,0.384,1271.0,1234.0,3.84,2903.7,221000.0,96.3,4468702.0,160.882,13367.0,12350.0
2017-02-27,1.16,0.384,1271.0,1234.0,3.75,2903.7,221000.0,96.3,4468702.0,153.382,13367.0,12350.0
2017-02-28,1.14,0.384,1271.0,1234.0,3.74,2903.7,221000.0,96.3,4468702.0,204.651,13367.0,12350.0
2017-03-01,1.17,0.405,1190.0,1272.0,3.57,2910.9,221000.0,96.9,4458018.0,156.01,13428.4,12361.0
2017-03-02,1.17,0.405,1190.0,1272.0,3.55,2910.9,221000.0,96.9,4458018.0,168.142,13428.4,12361.0
2017-03-03,1.17,0.405,1190.0,1272.0,3.6,2910.9,221000.0,96.9,4458018.0,193.272,13428.4,12361.0
2017-03-04,1.17,0.405,1190.0,1272.0,3.6,2910.9,236000.0,96.9,4458018.0,193.272,13428.4,12361.0
2017-03-06,1.18,0.405,1190.0,1272.0,3.66,2910.9,236000.0,96.9,4458018.0,205.21,13428.4,12361.0
2017-03-07,1.2,0.405,1190.0,1272.0,3.73,2910.9,236000.0,96.9,4458018.0,208.765,13428.4,12361.0
2017-03-08,1.21,0.405,1190.0,1272.0,3.79,2910.9,236000.0,96.9,4459840.0,212.124,13428.4,12361.0
2017-03-09,1.23,0.405,1190.0,1272.0,3.88,2910.9,236000.0,96.9,4459840.0,217.831,13428.4,12361.0
2017-03-10,1.22,0.405,1190.0,1272.0,3.89,2910.9,236000.0,96.9,4459840.0,233.046,13428.4,12361.0
2017-03-11,1.22,0.405,1190.0,1272.0,3.89,2910.9,228000.0,96.9,4459840.0,233.046,13428.4,12361.0
2017-03-13,1.22,0.405,1190.0,1272.0,3.94,2910.9,228000.0,96.9,4459840.0,232.962,13428.4,12361.0
2017-03-14,1.2,0.405,1190.0,1272.0,4.05,2910.9,228000.0,96.9,4459840.0,200.798,13428.4,12361.0
2017-03-15,1.18,0.405,1190.0,1272.0,4.02,2910.9,228000.0,96.9,4469577.0,226.51,13428.4,12361.0
2017-03-16,1.18,0.405,1190.0,1272.0,3.88,2910.9,228000.0,96.9,4469577.0,209.114,13428.4,12361.0
2017-03-17,1.17,0.405,1190.0,1272.0,3.91,2910.9,228000.0,96.9,4469577.0,240.669,13428.4,12361.0
2017-03-18,1.17,0.405,1190.0,1272.0,3.91,2910.9,235000.0,96.9,4469577.0,240.669,13428.4,12361.0
2017-03-20,1.17,0.405,1190.0,1272.0,3.97,2910.9,235000.0,96.9,4469577.0,235.827,13428.4,12361.0
2017-03-21,1.16,0.405,1190.0,1272.0,4.04,2910.9,235000.0,96.9,4469577.0,237.331,13428.4,12361.0
2017-03-22,1.13,0.405,1190.0,1272.0,4.16,2910.9,235000.0,96.9,4478236.0,251.013,13428.4,12361.0
2017-03-23,1.15,0.405,1190.0,1272.0,4.11,2910.9,235000.0,96.9,4478236.0,231.463,13428.4,12361.0
2017-03-24,1.14,0.405,1190.0,1272.0,4.07,2910.9,235000.0,96.9,4478236.0,200.237,13428.4,12361.0
2017-03-25,1.14,0.405,1190.0,1272.0,4.07,2910.9,236000.0,96.9,4478236.0,200.237,13428.4,12361.0
2017-03-27,1.11,0.405,1190.0,1272.0,4.12,2910.9,236000.0,96.9,4478236.0,215.473,13428.4,12361.0
2017-03-28,1.12,0.405,1190.0,1272.0,4.01,2910.9,236000.0,96.9,4478236.0,224.475,13428.4,12361.0
2017-03-29,1.13,0.405,1190.0,1272.0,3.94,2910.9,236000.0,96.9,4469618.0,260.357,13428.4,12361.0
2017-03-30,1.14,0.405,1190.0,1272.0,3.85,2910.9,236000.0,96.9,4469618.0,224.134,13428.4,12361.0
2017-03-31,1.13,0.405,1190.0,1272.0,3.92,2910.9,236000.0,96.9,4469618.0,346.853,13428.4,12361.0
2017-04-01,1.13,0.395,1146.0,1251.0,3.92,2907.8,216000.0,97.0,4469618.0,346.853,13484.4,12367.0
2017-04-03,1.11,0.395,1146.0,1251.0,3.98,2907.8,216000.0,97.0,4469618.0,233.582,13484.4,12367.0
2017-04-04,1.11,0.395,1146.0,1251.0,3.98,2907.8,216000.0,97.0,4469618.0,207.711,13484.4,12367.0
2017-04-05,1.1,0.395,1146.0,1251.0,3.91,2907.8,216000.0,97.0,4474634.0,174.644,13484.4,12367.0
2017-04-06,1.1,0.395,1146.0,1251.0,3.93,2907.8,216000.0,97.0,4474634.0,117.337,13484.4,12367.0
2017-04-07,1.09,0.395,1146.0,1251.0,3.86,2907.8,216000.0,97.0,4474634.0,117.774,13484.4,12367.0
2017-04-08,1.09,0.395,1146.0,1251.0,3.86,2907.8,222000.0,97.0,4474634.0,117.774,13484.4,12367.0
2017-04-10,1.08,0.395,1146.0,1251.0,3.86,2907.8,222000.0,97.0,4474634.0,120.504,13484.4,12367.0
2017-04-11,1.08,0.395,1146.0,1251.0,3.94,2907.8,222000.0,97.0,4474634.0,114.753,13484.4,12367.0
2017-04-12,1.04,0.395,1146.0,1251.0,3.96,2907.8,222000.0,97.0,4484492.0,105.528,13484.4,12367.0
2017-04-13,1.03,0.395,1146.0,1251.0,4.03,2907.8,222000.0,97.0,4484492.0,105.528,13484.4,12367.0
2017-04-14,1.03,0.395,1146.0,1251.0,4.03,2907.8,222000.0,97.0,4484492.0,105.528,13484.4,12367.0
2017-04-15,1.03,0.395,1146.0,1251.0,4.03,2907.8,231000.0,97.0,4484492.0,105.528,13484.4,12367.0
2017-04-17,1.05,0.395,1146.0,1251.0,4.0,2907.8,231000.0,97.0,4484492.0,64.37,13484.4,12367.0
2017-04-18,1.0,0.395,1146.0,1251.0,4.07,2907.8,231000.0,97.0,4484492.0,109.402,13484.4,12367.0
2017-04-19,1.02,0.395,1146.0,1251.0,4.01,2907.8,231000.0,97.0,4479270.0,116.567,13484.4,12367.0
2017-04-20,1.03,0.395,1146.0,1251.0,3.98,2907.8,231000.0,97.0,4479270.0,128.726,13484.4,12367.0
2017-04-21,1.04,0.395,1146.0,1251.0,3.97,2907.8,231000.0,97.0,4479270.0,136.521,13484.4,12367.0
2017-04-22,1.04,0.395,1146.0,1251.0,3.97,2907.8,238000.0,97.0,4479270.0,136.521,13484.4,12367.0
2017-04-24,1.03,0.395,1146.0,1251.0,3.86,2907.8,238000.0,97.0,4479270.0,118.667,13484.4,12367.0
2017-04-25,1.06,0.395,1146.0,1251.0,3.78,2907.8,238000.0,97.0,4479270.0,116.956,13484.4,12367.0
2017-04-26,1.04,0.395,1146.0,1251.0,3.76,2907.8,238000.0,97.0,4470142.0,122.323,13484.4,12367.0
2017-04-27,1.05,0.395,1146.0,1251.0,3.78,2907.8,238000.0,97.0,4470142.0,127.826,13484.4,12367.0
2017-04-28,1.01,0.395,1146.0,1251.0,3.75,2907.8,238000.0,97.0,4470142.0,181.976,13484.4,12367.0
2017-04-29,1.01,0.395,1146.0,1251.0,3.75,2907.8,232000.0,97.0,4470142.0,181.976,13484.4,12367.0
2017-04-30,1.01,0.395,1146.0,1251.0,3.81,2907.8,232000.0,97.0,4470142.0,181.976,13484.4,12367.0
2017-05-01,1.05,0.417,1157.0,1208.0,3.78,2933.7,232000.0,97.1,4470142.0,162.198,13536.4,12377.0
2017-05-02,1.02,0.417,1157.0,1208.0,3.79,2933.7,232000.0,97.1,4470142.0,183.851,13536.4,12377.0
2017-05-03,1.03,0.417,1157.0,1208.0,3.76,2933.7,232000.0,97.1,4471246.0,186.667,13536.4,12377.0
2017-05-04,1.04,0.417,1157.0,1208.0,3.8,2933.7,232000.0,97.1,4471246.0,152.793,13536.4,12377.0
2017-05-05,1.04,0.417,1157.0,1208.0,3.82,2933.7,232000.0,97.1,4471246.0,156.789,13536.4,12377.0
2017-05-06,1.04,0.417,1157.0,1208.0,3.82,2933.7,233000.0,97.1,4471246.0,156.789,13536.4,12377.0
2017-05-08,1.06,0.417,1157.0,1208.0,3.8,2933.7,233000.0,97.1,4471246.0,162.58,13536.4,12377.0
2017-05-09,1.05,0.417,1157.0,1208.0,3.74,2933.7,233000.0,97.1,4471246.0,167.302,13536.4,12377.0
2017-05-10,1.06,0.417,1157.0,1208.0,3.72,2933.7,233000.0,97.1,4473459.0,187.269,13536.4,12377.0
2017-05-11,1.04,0.417,1157.0,1208.0,3.72,2933.7,233000.0,97.1,4473459.0,161.232,13536.4,12377.0
2017-05-12,1.04,0.417,1157.0,1208.0,3.77,2933.7,233000.0,97.1,4473459.0,167.696,13536.4,12377.0
2017-05-13,1.04,0.417,1157.0,1208.0,3.77,2933.7,234000.0,97.1,4473459.0,167.696,13536.4,12377.0
2017-05-15,1.03,0.417,1157.0,1208.0,3.72,2933.7,234000.0,97.1,4473459.0,144.99,13536.4,12377.0
2017-05-16,1.04,0.417,1157.0,1208.0,3.71,2933.7,234000.0,97.1,4473459.0,157.693,13536.4,12377.0
2017-05-17,0.96,0.417,1157.0,1208.0,3.84,2933.7,234000.0,97.1,4467108.0,167.158,13536.4,12377.0
2017-05-18,0.96,0.417,1157.0,1208.0,3.85,2933.7,234000.0,97.1,4467108.0,185.287,13536.4,12377.0
2017-05-19,0.95,0.417,1157.0,1208.0,3.78,2933.7,234000.0,97.1,4467108.0,182.273,13536.4,12377.0
2017-05-20,0.95,0.417,1157.0,1208.0,3.78,2933.7,236000.0,97.1,4467108.0,182.273,13536.4,12377.0
2017-05-22,0.96,0.417,1157.0,1208.0,3.72,2933.7,236000.0,97.1,4467108.0,185.031,13536.4,12377.0
2017-05-23,0.98,0.417,1157.0,1208.0,3.67,2933.7,236000.0,97.1,4467108.0,198.865,13536.4,12377.0
2017-05-24,0.97,0.417,1157.0,1208.0,3.68,2933.7,236000.0,97.1,4470852.0,184.946,13536.4,12377.0
2017-05-25,0.95,0.417,1157.0,1208.0,3.67,2933.7,236000.0,97.1,4470852.0,153.451,13536.4,12377.0
2017-05-26,0.95,0.417,1157.0,1208.0,3.67,2933.7,236000.0,97.1,4470852.0,168.041,13536.4,12377.0
2017-05-27,0.95,0.417,1157.0,1208.0,3.67,2933.7,253000.0,97.1,4470852.0,168.041,13536.4,12377.0
2017-05-29,0.95,0.417,1157.0,1208.0,3.67,2933.7,253000.0,97.1,4470852.0,168.041,13536.4,12377.0
2017-05-30,0.93,0.417,1157.0,1208.0,3.68,2933.7,253000.0,97.1,4470852.0,182.065,13536.4,12377.0
2017-05-31,0.93,0.417,1157.0,1208.0,3.74,2933.7,253000.0,97.1,4459914.0,256.176,13536.4,12377.0
2017-06-01,0.93,0.427,1249.0,1353.0,3.69,2946.5,253000.0,95.0,4459914.0,163.755,13558.1,12390.0
2017-06-02,0.87,0.427,1249.0,1353.0,3.69,2946.5,253000.0,95.0,4459914.0,170.496,13558.1,12390.0
2017-06-03,0.87,0.427,1249.0,1353.0,3.69,2946.5,251000.0,95.0,4459914.0,170.496,13558.1,12390.0
2017-06-05,0.86,0.427,1249.0,1353.0,3.68,2946.5,251000.0,95.0,4459914.0,164.208,13558.1,12390.0
2017-06-06,0.84,0.427,1249.0,1353.0,3.72,2946.5,251000.0,95.0,4459914.0,160.949,13558.1,12390.0
2017-06-07,0.86,0.427,1249.0,1353.0,3.73,2946.5,251000.0,95.0,4462443.0,165.138,13558.1,12390.0
2017-06-08,0.86,0.427,1249.0,1353.0,3.76,2946.5,251000.0,95.0,4462443.0,151.582,13558.1,12390.0
2017-06-09,0.86,0.427,1249.0,1353.0,3.73,2946.5,251000.0,95.0,4462443.0,155.344,13558.1,12390.0
2017-06-10,0.86,0.427,1249.0,1353.0,3.73,2946.5,245000.0,95.0,4462443.0,155.344,13558.1,12390.0
2017-06-12,0.86,0.427,1249.0,1353.0,3.71,2946.5,245000.0,95.0,4462443.0,152.198,13558.1,12390.0
2017-06-13,0.83,0.427,1249.0,1353.0,3.68,2946.5,245000.0,95.0,4462443.0,172.973,13558.1,12390.0
2017-06-14,0.8,0.427,1249.0,1353.0,3.7,2946.5,245000.0,95.0,4476269.0,163.056,13558.1,12390.0
2017-06-15,0.81,0.427,1249.0,1353.0,3.72,2946.5,245000.0,95.0,4476269.0,131.378,13558.1,12390.0
2017-06-16,0.84,0.427,1249.0,1353.0,3.76,2946.5,245000.0,95.0,4476269.0,158.566,13558.1,12390.0
2017-06-17,0.84,0.427,1249.0,1353.0,3.76,2946.5,249000.0,95.0,4476269.0,158.566,13558.1,12390.0
2017-06-19,0.83,0.427,1249.0,1353.0,3.7,2946.5,249000.0,95.0,4476269.0,166.745,13558.1,12390.0
2017-06-20,0.8,0.427,1249.0,1353.0,3.77,2946.5,249000.0,95.0,4476269.0,192.347,13558.1,12390.0
2017-06-21,0.8,0.427,1249.0,1353.0,3.85,2946.5,249000.0,95.0,4474257.0,198.769,13558.1,12390.0
2017-06-22,0.81,0.427,1249.0,1353.0,3.87,2946.5,249000.0,95.0,4474257.0,195.144,13558.1,12390.0
2017-06-23,0.81,0.427,1249.0,1353.0,3.86,2946.5,249000.0,95.0,4474257.0,201.475,13558.1,12390.0
2017-06-24,0.81,0.427,1249.0,1353.0,3.86,2946.5,247000.0,95.0,4474257.0,201.475,13558.1,12390.0
2017-06-26,0.78,0.427,1249.0,1353.0,3.83,2946.5,247000.0,95.0,4474257.0,185.227,13558.1,12390.0
2017-06-27,0.83,0.427,1249.0,1353.0,3.77,2946.5,247000.0,95.0,4474257.0,212.664,13558.1,12390.0
2017-06-28,0.88,0.427,1249.0,1353.0,3.77,2946.5,247000.0,95.0,4463347.0,263.699,13558.1,12390.0
2017-06-29,0.89,0.427,1249.0,1353.0,3.76,2946.5,247000.0,95.0,4463347.0,269.565,13558.1,12390.0
2017-06-30,0.93,0.427,1249.0,1353.0,3.77,2946.5,247000.0,95.0,4463347.0,398.875,13558.1,12390.0
2017-07-01,0.93,0.395,1206.0,1256.0,3.77,2955.0,256000.0,93.4,4463347.0,398.875,13615.1,12390.0
2017-07-03,0.94,0.395,1206.0,1256.0,3.72,2955.0,256000.0,93.4,4463347.0,255.693,13615.1,12390.0
2017-07-04,0.94,0.395,1206.0,1256.0,3.72,2955.0,256000.0,93.4,4463347.0,255.693,13615.1,12390.0
2017-07-05,0.92,0.395,1206.0,1256.0,3.73,2955.0,256000.0,93.4,4467272.0,240.029,13615.1,12390.0
2017-07-06,0.97,0.395,1206.0,1256.0,3.78,2955.0,256000.0,93.4,4467272.0,189.992,13615.1,12390.0
2017-07-07,0.99,0.395,1206.0,1256.0,3.83,2955.0,256000.0,93.4,4467272.0,189.214,13615.1,12390.0
2017-07-08,0.99,0.395,1206.0,1256.0,3.83,2955.0,259000.0,93.4,4467272.0,189.214,13615.1,12390.0
2017-07-10,0.98,0.395,1206.0,1256.0,3.83,2955.0,259000.0,93.4,4467272.0,189.721,13615.1,12390.0
2017-07-11,1.0,0.395,1206.0,1256.0,3.85,2955.0,259000.0,93.4,4467272.0,173.774,13615.1,12390.0
2017-07-12,0.98,0.395,1206.0,1256.0,3.81,2955.0,259000.0,93.4,4466702.0,179.172,13615.1,12390.0
2017-07-13,0.98,0.395,1206.0,1256.0,3.77,2955.0,259000.0,93.4,4466702.0,162.379,13615.1,12390.0
2017-07-14,0.98,0.395,1206.0,1256.0,3.73,2955.0,259000.0,93.4,4466702.0,136.231,13615.1,12390.0
2017-07-15,0.98,0.395,1206.0,1256.0,3.73,2955.0,245000.0,93.4,4466702.0,136.231,13615.1,12390.0
2017-07-17,0.95,0.395,1206.0,1256.0,3.69,2955.0,245000.0,93.4,4466702.0,122.436,13615.1,12390.0
2017-07-18,0.91,0.395,1206.0,1256.0,3.69,2955.0,245000.0,93.4,4466702.0,157.322,13615.1,12390.0
2017-07-19,0.9,0.395,1206.0,1256.0,3.64,2955.0,245000.0,93.4,4476903.0,144.731,13615.1,12390.0
2017-07-20,0.9,0.395,1206.0,1256.0,3.61,2955.0,245000.0,93.4,4476903.0,126.676,13615.1,12390.0
2017-07-21,0.88,0.395,1206.0,1256.0,3.64,2955.0,245000.0,93.4,4476903.0,122.712,13615.1,12390.0
2017-07-22,0.88,0.395,1206.0,1256.0,3.64,2955.0,249000.0,93.4,4476903.0,122.712,13615.1,12390.0
2017-07-24,0.89,0.395,1206.0,1256.0,3.63,2955.0,249000.0,93.4,4476903.0,95.123,13615.1,12390.0
2017-07-25,0.93,0.395,1206.0,1256.0,3.55,2955.0,249000.0,93.4,4476903.0,74.54,13615.1,12390.0
2017-07-26,0.93,0.395,1206.0,1256.0,3.56,2955.0,249000.0,93.4,4465284.0,103.311,13615.1,12390.0
2017-07-27,0.96,0.395,1206.0,1256.0,3.55,2955.0,249000.0,93.4,4465284.0,95.636,13615.1,12390.0
2017-07-28,0.96,0.395,1206.0,1256.0,3.59,2955.0,249000.0,93.4,4465284.0,108.479,13615.1,12390.0
2017-07-29,0.96,0.395,1206.0,1256.0,3.59,2955.0,245000.0,93.4,4465284.0,108.479,13615.1,12390.0
2017-07-31,0.96,0.395,1206.0,1256.0,3.61,2955.0,245000.0,93.4,4465284.0,204.622,13615.1,12390.0
2017-08-01,0.92,0.438,1159.0,1319.0,3.6,2955.1,245000.0,96.8,4465284.0,98.069,13674.3,12435.0
2017-08-02,0.91,0.438,1159.0,1319.0,3.59,2955.1,245000.0,96.8,4466846.0,119.334,13674.3,12435.0
2017-08-03,0.9,0.438,1159.0,1319.0,3.63,2955.1,245000.0,96.8,4466846.0,87.844,13674.3,12435.0
2017-08-04,0.91,0.438,1159.0,1319.0,3.63,2955.1,245000.0,96.8,4466846.0,93.778,13674.3,12435.0
2017-08-05,0.91,0.438,1159.0,1319.0,3.63,2955.1,254000.0,96.8,4466846.0,93.778,13674.3,12435.0
2017-08-07,0.9,0.438,1159.0,1319.0,3.64,2955.1,254000.0,96.8,4466846.0,104.061,13674.3,12435.0
2017-08-08,0.93,0.438,1159.0,1319.0,3.64,2955.1,254000.0,96.8,4466846.0,103.612,13674.3,12435.0
2017-08-09,0.91,0.438,1159.0,1319.0,3.81,2955.1,254000.0,96.8,4469083.0,103.95,13674.3,12435.0
2017-08-10,0.87,0.438,1159.0,1319.0,3.92,2955.1,254000.0,96.8,4469083.0,90.273,13674.3,12435.0
2017-08-11,0.89,0.438,1159.0,1319.0,4.0,2955.1,254000.0,96.8,4469083.0,95.534,13674.3,12435.0
2017-08-12,0.89,0.438,1159.0,1319.0,4.0,2955.1,245000.0,96.8,4469083.0,95.534,13674.3,12435.0
2017-08-14,0.89,0.438,1159.0,1319.0,3.89,2955.1,245000.0,96.8,4469083.0,74.682,13674.3,12435.0
2017-08-15,0.92,0.438,1159.0,1319.0,3.87,2955.1,245000.0,96.8,4469083.0,71.382,13674.3,12435.0
2017-08-16,0.9,0.438,1159.0,1319.0,3.88,2955.1,245000.0,96.8,4462871.0,92.84,13674.3,12435.0
2017-08-17,0.87,0.438,1159.0,1319.0,3.93,2955.1,245000.0,96.8,4462871.0,78.582,13674.3,12435.0
2017-08-18,0.86,0.438,1159.0,1319.0,3.98,2955.1,245000.0,96.8,4462871.0,129.105,13674.3,12435.0
2017-08-19,0.86,0.438,1159.0,1319.0,3.98,2955.1,245000.0,96.8,4462871.0,129.105,13674.3,12435.0
2017-08-21,0.86,0.438,1159.0,1319.0,4.0,2955.1,245000.0,96.8,4462871.0,144.1,13674.3,12435.0
2017-08-22,0.89,0.438,1159.0,1319.0,3.93,2955.1,245000.0,96.8,4462871.0,166.094,13674.3,12435.0
2017-08-23,0.85,0.438,1159.0,1319.0,3.95,2955.1,245000.0,96.8,4463837.0,169.793,13674.3,12435.0
2017-08-24,0.86,0.438,1159.0,1319.0,3.91,2955.1,245000.0,96.8,4463837.0,130.879,13674.3,12435.0
2017-08-25,0.82,0.438,1159.0,1319.0,3.89,2955.1,245000.0,96.8,4463837.0,122.167,13674.3,12435.0
2017-08-26,0.82,0.438,1159.0,1319.0,3.89,2955.1,247000.0,96.8,4463837.0,122.167,13674.3,12435.0
2017-08-28,0.83,0.438,1159.0,1319.0,3.88,2955.1,247000.0,96.8,4463837.0,121.947,13674.3,12435.0
2017-08-29,0.8,0.438,1159.0,1319.0,3.9,2955.1,247000.0,96.8,4463837.0,127.243,13674.3,12435.0
2017-08-30,0.82,0.438,1159.0,1319.0,3.86,2955.1,247000.0,96.8,4452360.0,146.086,13674.3,12435.0
2017-08-31,0.79,0.438,1159.0,1319.0,3.85,2955.1,247000.0,96.8,4452360.0,213.486,13674.3,12435.0
2017-09-01,0.81,0.42,1181.0,1273.0,3.82,2946.5,247000.0,95.1,4452360.0,124.952,13722.7,12443.0
2017-09-02,0.81,0.42,1181.0,1273.0,3.82,2946.5,297000.0,95.1,4452360.0,124.952,13722.7,12443.0
2017-09-04,0.81,0.42,1181.0,1273.0,3.82,2946.5,297000.0,95.1,4452360.0,124.952,13722.7,12443.0
2017-09-05,0.77,0.42,1181.0,1273.0,3.91,2946.5,297000.0,95.1,4452360.0,136.131,13722.7,12443.0
2017-09-06,0.8,0.42,1181.0,1273.0,3.84,2946.5,297000.0,95.1,4453474.0,145.128,13722.7,12443.0
2017-09-07,0.78,0.42,1181.0,1273.0,3.88,2946.5,297000.0,95.1,4453474.0,126.607,13722.7,12443.0
2017-09-08,0.79,0.42,1181.0,1273.0,3.92,2946.5,297000.0,95.1,4453474.0,113.842,13722.7,12443.0
2017-09-09,0.79,0.42,1181.0,1273.0,3.92,2946.5,280000.0,95.1,4453474.0,113.842,13722.7,12443.0
2017-09-11,0.82,0.42,1181.0,1273.0,3.85,2946.5,280000.0,95.1,4453474.0,115.972,13722.7,12443.0
2017-09-12,0.84,0.42,1181.0,1273.0,3.81,2946.5,280000.0,95.1,4453474.0,127.019,13722.7,12443.0
2017-09-13,0.85,0.42,1181.0,1273.0,3.78,2946.5,280000.0,95.1,4471174.0,125.668,13722.7,12443.0
2017-09-14,0.83,0.42,1181.0,1273.0,3.74,2946.5,280000.0,95.1,4471174.0,97.564,13722.7,12443.0
2017-09-15,0.81,0.42,1181.0,1273.0,3.73,2946.5,280000.0,95.1,4471174.0,109.645,13722.7,12443.0
2017-09-16,0.81,0.42,1181.0,1273.0,3.73,2946.5,261000.0,95.1,4471174.0,109.645,13722.7,12443.0
2017-09-18,0.83,0.42,1181.0,1273.0,3.68,2946.5,261000.0,95.1,4471174.0,138.909,13722.7,12443.0
2017-09-19,0.84,0.42,1181.0,1273.0,3.66,2946.5,261000.0,95.1,4471174.0,156.728,13722.7,12443.0
2017-09-20,0.83,0.42,1181.0,1273.0,3.6,2946.5,261000.0,95.1,4458576.0,168.025,13722.7,12443.0
2017-09-21,0.82,0.42,1181.0,1273.0,3.62,2946.5,261000.0,95.1,4458576.0,152.866,13722.7,12443.0
2017-09-22,0.8,0.42,1181.0,1273.0,3.64,2946.5,261000.0,95.1,4458576.0,157.33,13722.7,12443.0
2017-09-23,0.8,0.42,1181.0,1273.0,3.64,2946.5,264000.0,95.1,4458576.0,157.33,13722.7,12443.0
2017-09-25,0.78,0.42,1181.0,1273.0,3.66,2946.5,264000.0,95.1,4458576.0,158.503,13722.7,12443.0
2017-09-26,0.79,0.42,1181.0,1273.0,3.62,2946.5,264000.0,95.1,4458576.0,173.715,13722.7,12443.0
2017-09-27,0.84,0.42,1181.0,1273.0,3.57,2946.5,264000.0,95.1,4455661.0,220.083,13722.7,12443.0
2017-09-28,0.86,0.42,1181.0,1273.0,3.57,2946.5,264000.0,95.1,4455661.0,208.936,13722.7,12443.0
2017-09-29,0.86,0.42,1181.0,1273.0,3.54,2946.5,264000.0,95.1,4455661.0,316.09,13722.7,12443.0
2017-09-30,0.86,0.42,1181.0,1273.0,3.56,2946.5,260000.0,95.1,4455661.0,316.09,13722.7,12443.0
2017-10-01,0.86,0.423,1257.0,1356.0,3.56,2962.0,260000.0,100.7,4455661.0,316.09,13782.0,12457.0
2017-10-02,0.85,0.423,1257.0,1356.0,3.55,2962.0,260000.0,100.7,4455661.0,190.377,13782.0,12457.0
2017-10-03,0.86,0.423,1257.0,1356.0,3.55,2962.0,260000.0,100.7,4455661.0,181.605,13782.0,12457.0
2017-10-04,0.86,0.423,1257.0,1356.0,3.54,2962.0,260000.0,100.7,4460422.0,178.738,13782.0,12457.0
2017-10-05,0.86,0.423,1257.0,1356.0,3.52,2962.0,260000.0,100.7,4460422.0,132.827,13782.0,12457.0
2017-10-06,0.83,0.423,1257.0,1356.0,3.52,2962.0,260000.0,100.7,4460422.0,119.529,13782.0,12457.0
2017-10-07,0.83,0.423,1257.0,1356.0,3.52,2962.0,252000.0,100.7,4460422.0,119.529,13782.0,12457.0
2017-10-09,0.83,0.423,1257.0,1356.0,3.51,2962.0,252000.0,100.7,4460422.0,119.529,13782.0,12457.0
2017-10-10,0.84,0.423,1257.0,1356.0,3.52,2962.0,252000.0,100.7,4460422.0,121.913,13782.0,12457.0
2017-10-11,0.84,0.423,1257.0,1356.0,3.52,2962.0,252000.0,100.7,4459415.0,129.805,13782.0,12457.0
2017-10-12,0.82,0.423,1257.0,1356.0,3.56,2962.0,252000.0,100.7,4459415.0,102.807,13782.0,12457.0
2017-10-13,0.77,0.423,1257.0,1356.0,3.6,2962.0,252000.0,100.7,4459415.0,99.961,13782.0,12457.0
2017-10-14,0.77,0.423,1257.0,1356.0,3.6,2962.0,235000.0,100.7,4459415.0,99.961,13782.0,12457.0
2017-10-16,0.76,0.423,1257.0,1356.0,3.53,2962.0,235000.0,100.7,4459415.0,78.531,13782.0,12457.0
2017-10-17,0.76,0.423,1257.0,1356.0,3.5,2962.0,235000.0,100.7,4459415.0,91.188,13782.0,12457.0
2017-10-18,0.75,0.423,1257.0,1356.0,3.46,2962.0,235000.0,100.7,4469723.0,121.457,13782.0,12457.0
2017-10-19,0.75,0.423,1257.0,1356.0,3.48,2962.0,235000.0,100.7,4469723.0,102.612,13782.0,12457.0
2017-10-20,0.79,0.423,1257.0,1356.0,3.42,2962.0,235000.0,100.7,4469723.0,102.488,13782.0,12457.0
2017-10-21,0.79,0.423,1257.0,1356.0,3.42,2962.0,241000.0,100.7,4469723.0,102.488,13782.0,12457.0
2017-10-23,0.8,0.423,1257.0,1356.0,3.4,2962.0,241000.0,100.7,4469723.0,110.26,13782.0,12457.0
2017-10-24,0.82,0.423,1257.0,1356.0,3.38,2962.0,241000.0,100.7,4469723.0,97.202,13782.0,12457.0
2017-10-25,0.83,0.423,1257.0,1356.0,3.42,2962.0,241000.0,100.7,4461117.0,112.057,13782.0,12457.0
2017-10-26,0.83,0.423,1257.0,1356.0,3.41,2962.0,241000.0,100.7,4461117.0,98.412,13782.0,12457.0
2017-10-27,0.83,0.423,1257.0,1356.0,3.44,2962.0,241000.0,100.7,4461117.0,105.903,13782.0,12457.0
2017-10-28,0.83,0.423,1257.0,1356.0,3.44,2962.0,241000.0,100.7,4461117.0,105.903,13782.0,12457.0
2017-10-30,0.79,0.423,1257.0,1356.0,3.49,2962.0,241000.0,100.7,4461117.0,102.147,13782.0,12457.0
2017-10-31,0.78,0.423,1257.0,1356.0,3.51,2962.0,241000.0,100.7,4461117.0,173.605,13782.0,12457.0
2017-11-01,0.76,0.452,1273.0,1299.0,3.48,2965.1,241000.0,98.5,4455887.0,87.165,13814.6,12472.0
2017-11-02,0.74,0.452,1273.0,1299.0,3.52,2965.1,241000.0,98.5,4455887.0,58.758,13814.6,12472.0
2017-11-03,0.71,0.452,1273.0,1299.0,3.52,2965.1,241000.0,98.5,4455887.0,60.915,13814.6,12472.0
2017-11-04,0.71,0.452,1273.0,1299.0,3.52,2965.1,248000.0,98.5,4455887.0,60.915,13814.6,12472.0
2017-11-06,0.71,0.452,1273.0,1299.0,3.55,2965.1,248000.0,98.5,4455887.0,70.365,13814.6,12472.0
2017-11-07,0.69,0.452,1273.0,1299.0,3.57,2965.1,248000.0,98.5,4455887.0,58.971,13814.6,12472.0
2017-11-08,0.67,0.452,1273.0,1299.0,3.67,2965.1,248000.0,98.5,4458552.0,74.546,13814.6,12472.0
2017-11-09,0.7,0.452,1273.0,1299.0,3.79,2965.1,248000.0,98.5,4458552.0,46.378,13814.6,12472.0
2017-11-10,0.73,0.452,1273.0,1299.0,3.76,2965.1,248000.0,98.5,4458552.0,39.671,13814.6,12472.0
2017-11-11,0.73,0.452,1273.0,1299.0,3.76,2965.1,254000.0,98.5,4458552.0,39.671,13814.6,12472.0
2017-11-13,0.7,0.452,1273.0,1299.0,3.77,2965.1,254000.0,98.5,4458552.0,35.243,13814.6,12472.0
2017-11-14,0.7,0.452,1273.0,1299.0,3.84,2965.1,254000.0,98.5,4458552.0,32.219,13814.6,12472.0
2017-11-15,0.65,0.452,1273.0,1299.0,3.97,2965.1,254000.0,98.5,4448289.0,35.038,13814.6,12472.0
2017-11-16,0.65,0.452,1273.0,1299.0,3.79,2965.1,254000.0,98.5,4448289.0,20.709,13814.6,12472.0
2017-11-17,0.62,0.452,1273.0,1299.0,3.76,2965.1,254000.0,98.5,4448289.0,38.838,13814.6,12472.0
2017-11-18,0.62,0.452,1273.0,1299.0,3.76,2965.1,246000.0,98.5,4448289.0,38.838,13814.6,12472.0
2017-11-20,0.6,0.452,1273.0,1299.0,3.7,2965.1,246000.0,98.5,4448289.0,34.576,13814.6,12472.0
2017-11-21,0.59,0.452,1273.0,1299.0,3.66,2965.1,246000.0,98.5,4448289.0,42.899,13814.6,12472.0
2017-11-22,0.58,0.452,1273.0,1299.0,3.7,2965.1,246000.0,98.5,4450615.0,51.634,13814.6,12472.0
2017-11-23,0.58,0.452,1273.0,1299.0,3.7,2965.1,246000.0,98.5,4450615.0,51.634,13814.6,12472.0
2017-11-24,0.59,0.452,1273.0,1299.0,3.67,2965.1,246000.0,98.5,4450615.0,40.488,13814.6,12472.0
2017-11-25,0.59,0.452,1273.0,1299.0,3.67,2965.1,243000.0,98.5,4450615.0,40.488,13814.6,12472.0
2017-11-27,0.58,0.452,1273.0,1299.0,3.66,2965.1,243000.0,98.5,4450615.0,39.381,13814.6,12472.0
2017-11-28,0.59,0.452,1273.0,1299.0,3.67,2965.1,243000.0,98.5,4450615.0,50.834,13814.6,12472.0
2017-11-29,0.59,0.452,1273.0,1299.0,3.64,2965.1,243000.0,98.5,4438592.0,67.019,13814.6,12472.0
2017-11-30,0.64,0.452,1273.0,1299.0,3.61,2965.1,243000.0,98.5,4438592.0,102.719,13814.6,12472.0
2017-12-01,0.59,0.442,1177.0,1311.0,3.63,2968.4,243000.0,95.9,4438592.0,59.03,13873.5,12501.0
2017-12-02,0.59,0.442,1177.0,1311.0,3.63,2968.4,241000.0,95.9,4438592.0,59.03,13873.5,12501.0
2017-12-04,0.57,0.442,1177.0,1311.0,3.58,2968.4,241000.0,95.9,4438592.0,72.389,13873.5,12501.0
2017-12-05,0.53,0.442,1177.0,1311.0,3.57,2968.4,241000.0,95.9,4438592.0,68.297,13873.5,12501.0
2017-12-06,0.55,0.442,1177.0,1311.0,3.63,2968.4,241000.0,95.9,4437148.0,76.368,13873.5,12501.0
2017-12-07,0.57,0.442,1177.0,1311.0,3.63,2968.4,241000.0,95.9,4437148.0,63.552,13873.5,12501.0
2017-12-08,0.58,0.442,1177.0,1311.0,3.63,2968.4,241000.0,95.9,4437148.0,82.714,13873.5,12501.0
2017-12-09,0.58,0.442,1177.0,1311.0,3.63,2968.4,229000.0,95.9,4437148.0,82.714,13873.5,12501.0
2017-12-11,0.57,0.442,1177.0,1311.0,3.61,2968.4,229000.0,95.9,4437148.0,107.473,13873.5,12501.0
2017-12-12,0.57,0.442,1177.0,1311.0,3.58,2968.4,229000.0,95.9,4437148.0,119.09,13873.5,12501.0
2017-12-13,0.57,0.442,1177.0,1311.0,3.64,2968.4,229000.0,95.9,4452726.0,143.392,13873.5,12501.0
2017-12-14,0.53,0.442,1177.0,1311.0,3.63,2968.4,229000.0,95.9,4452726.0,107.679,13873.5,12501.0
2017-12-15,0.51,0.442,1177.0,1311.0,3.64,2968.4,229000.0,95.9,4452726.0,80.206,13873.5,12501.0
2017-12-16,0.51,0.442,1177.0,1311.0,3.64,2968.4,244000.0,95.9,4452726.0,80.206,13873.5,12501.0
2017-12-18,0.55,0.442,1177.0,1311.0,3.64,2968.4,244000.0,95.9,4452726.0,117.276,13873.5,12501.0
2017-12-19,0.59,0.442,1177.0,1311.0,3.6,2968.4,244000.0,95.9,4452726.0,112.628,13873.5,12501.0
2017-12-20,0.62,0.442,1177.0,1311.0,3.58,2968.4,244000.0,95.9,4447470.0,127.582,13873.5,12501.0
2017-12-21,0.59,0.442,1177.0,1311.0,3.57,2968.4,244000.0,95.9,4447470.0,116.978,13873.5,12501.0
2017-12-22,0.57,0.442,1177.0,1311.0,3.56,2968.4,244000.0,95.9,4447470.0,113.852,13873.5,12501.0
2017-12-23,0.57,0.442,1177.0,1311.0,3.56,2968.4,251000.0,95.9,4447470.0,113.852,13873.5,12501.0
2017-12-25,0.57,0.442,1177.0,1311.0,3.56,2968.4,251000.0,95.9,4447470.0,113.852,13873.5,12501.0
2017-12-26,0.55,0.442,1177.0,1311.0,3.57,2968.4,251000.0,95.9,4447470.0,119.456,13873.5,12501.0
2017-12-27,0.53,0.442,1177.0,1311.0,3.59,2968.4,251000.0,95.9,4448680.0,147.749,13873.5,12501.0
2017-12-28,0.52,0.442,1177.0,1311.0,3.55,2968.4,251000.0,95.9,4448680.0,158.478,13873.5,12501.0
2017-12-29,0.51,0.442,1177.0,1311.0,3.58,2968.4,251000.0,95.9,4448680.0,319.595,13873.5,12501.0
2017-12-30,0.51,0.442,1177.0,1311.0,3.58,2968.4,248000.0,95.9,4448680.0,319.595,13873.5,12501.0
2017-12-31,0.51,0.442,1177.0,1311.0,3.63,2968.4,248000.0,95.9,4448680.0,319.595,13873.5,12501.0
2018-01-01,0.51,0.43,1299.0,1317.0,3.63,2971.9,248000.0,95.7,4448680.0,319.595,13882.9,12527.0
2018-01-02,0.54,0.43,1299.0,1317.0,3.55,2971.9,248000.0,95.7,4448680.0,136.967,13882.9,12527.0
2018-01-03,0.5,0.43,1299.0,1317.0,3.48,2971.9,248000.0,95.7,4443718.0,131.622,13882.9,12527.0
2018-01-04,0.5,0.43,1299.0,1317.0,3.4,2971.9,248000.0,95.7,4443718.0,76.624,13882.9,12527.0
2018-01-05,0.51,0.43,1299.0,1317.0,3.36,2971.9,248000.0,95.7,4443718.0,63.804,13882.9,12527.0
2018-01-06,0.51,0.43,1299.0,1317.0,3.36,2971.9,252000.0,95.7,4443718.0,63.804,13882.9,12527.0
2018-01-08,0.53,0.43,1299.0,1317.0,3.35,2971.9,252000.0,95.7,4443718.0,63.531,13882.9,12527.0
2018-01-09,0.57,0.43,1299.0,1317.0,3.33,2971.9,252000.0,95.7,4443718.0,56.468,13882.9,12527.0
2018-01-10,0.57,0.43,1299.0,1317.0,3.42,2971.9,252000.0,95.7,4446062.0,57.954,13882.9,12527.0
2018-01-11,0.56,0.43,1299.0,1317.0,3.4,2971.9,252000.0,95.7,4446062.0,33.597,13882.9,12527.0
2018-01-12,0.56,0.43,1299.0,1317.0,3.37,2971.9,252000.0,95.7,4446062.0,21.59,13882.9,12527.0
2018-01-13,0.56,0.43,1299.0,1317.0,3.37,2971.9,230000.0,95.7,4446062.0,21.59,13882.9,12527.0
2018-01-15,0.56,0.43,1299.0,1317.0,3.35,2971.9,230000.0,95.7,4446062.0,21.59,13882.9,12527.0
2018-01-16,0.51,0.43,1299.0,1317.0,3.34,2971.9,230000.0,95.7,4446062.0,22.003,13882.9,12527.0
2018-01-17,0.52,0.43,1299.0,1317.0,3.34,2971.9,230000.0,95.7,4439145.0,20.548,13882.9,12527.0
2018-01-18,0.57,0.43,1299.0,1317.0,3.35,2971.9,230000.0,95.7,4439145.0,22.804,13882.9,12527.0
2018-01-19,0.58,0.43,1299.0,1317.0,3.35,2971.9,230000.0,95.7,4439145.0,22.196,13882.9,12527.0
2018-01-20,0.58,0.43,1299.0,1317.0,3.35,2971.9,231000.0,95.7,4439145.0,22.196,13882.9,12527.0
2018-01-22,0.58,0.43,1299.0,1317.0,3.32,2971.9,231000.0,95.7,4439145.0,28.706,13882.9,12527.0
2018-01-23,0.57,0.43,1299.0,1317.0,3.31,2971.9,231000.0,95.7,4439145.0,31.791,13882.9,12527.0
2018-01-24,0.57,0.43,1299.0,1317.0,3.28,2971.9,231000.0,95.7,4441317.0,36.371,13882.9,12527.0
2018-01-25,0.55,0.43,1299.0,1317.0,3.28,2971.9,231000.0,95.7,4441317.0,19.891,13882.9,12527.0
2018-01-26,0.53,0.43,1299.0,1317.0,3.23,2971.9,231000.0,95.7,4441317.0,21.427,13882.9,12527.0
2018-01-27,0.53,0.43,1299.0,1317.0,3.23,2971.9,228000.0,95.7,4441317.0,21.427,13882.9,12527.0
2018-01-29,0.59,0.43,1299.0,1317.0,3.26,2971.9,228000.0,95.7,4441317.0,23.98,13882.9,12527.0
2018-01-30,0.6,0.43,1299.0,1317.0,3.33,2971.9,228000.0,95.7,4441317.0,31.766,13882.9,12527.0
2018-01-31,0.58,0.43,1299.0,1317.0,3.29,2971.9,228000.0,95.7,4419225.0,65.797,13882.9,12527.0
2018-02-01,0.62,0.472,1277.0,1321.0,3.29,2982.9,228000.0,99.7,4419225.0,31.825,13919.0,12551.0
2018-02-02,0.69,0.472,1277.0,1321.0,3.36,2982.9,228000.0,99.7,4419225.0,43.931,13919.0,12551.0
2018-02-03,0.69,0.472,1277.0,1321.0,3.36,2982.9,224000.0,99.7,4419225.0,43.931,13919.0,12551.0
2018-02-05,0.69,0.472,1277.0,1321.0,3.48,2982.9,224000.0,99.7,4419225.0,59.008,13919.0,12551.0
2018-02-06,0.69,0.472,1277.0,1321.0,3.6,2982.9,224000.0,99.7,4419225.0,49.214,13919.0,12551.0
2018-02-07,0.69,0.472,1277.0,1321.0,3.46,2982.9,224000.0,99.7,4420745.0,48.12,13919.0,12551.0
2018-02-08,0.72,0.472,1277.0,1321.0,3.59,2982.9,224000.0,99.7,4420745.0,33.272,13919.0,12551.0
2018-02-09,0.78,0.472,1277.0,1321.0,3.82,2982.9,224000.0,99.7,4420745.0,36.567,13919.0,12551.0
2018-02-10,0.78,0.472,1277.0,1321.0,3.82,2982.9,225000.0,99.7,4420745.0,36.567,13919.0,12551.0
2018-02-12,0.77,0.472,1277.0,1321.0,3.71,2982.9,225000.0,99.7,4420745.0,30.631,13919.0,12551.0
2018-02-13,0.73,0.472,1277.0,1321.0,3.78,2982.9,225000.0,99.7,4420745.0,43.137,13919.0,12551.0
2018-02-14,0.74,0.472,1277.0,1321.0,3.69,2982.9,225000.0,99.7,4434863.0,38.518,13919.0,12551.0
2018-02-15,0.71,0.472,1277.0,1321.0,3.57,2982.9,225000.0,99.7,4434863.0,29.08,13919.0,12551.0
2018-02-16,0.66,0.472,1277.0,1321.0,3.5,2982.9,225000.0,99.7,4434863.0,29.615,13919.0,12551.0
2018-02-17,0.66,0.472,1277.0,1321.0,3.5,2982.9,219000.0,99.7,4434863.0,29.615,13919.0,12551.0
2018-02-19,0.66,0.472,1277.0,1321.0,3.5,2982.9,219000.0,99.7,4434863.0,29.615,13919.0,12551.0
2018-02-20,0.63,0.472,1277.0,1321.0,3.48,2982.9,219000.0,99.7,4434863.0,32.495,13919.0,12551.0
2018-02-21,0.68,0.472,1277.0,1321.0,3.46,2982.9,219000.0,99.7,4411660.0,45.171,13919.0,12551.0
2018-02-22,0.67,0.472,1277.0,1321.0,3.53,2982.9,219000.0,99.7,4411660.0,36.32,13919.0,12551.0
2018-02-23,0.63,0.472,1277.0,1321.0,3.58,2982.9,219000.0,99.7,4411660.0,15.875,13919.0,12551.0
2018-02-24,0.63,0.472,1277.0,1321.0,3.58,2982.9,216000.0,99.7,4411660.0,15.875,13919.0,12551.0
2018-02-26,0.64,0.472,1277.0,1321.0,3.5,2982.9,216000.0,99.7,4411660.0,9.36,13919.0,12551.0
2018-02-27,0.63,0.472,1277.0,1321.0,3.47,2982.9,216000.0,99.7,4411660.0,19.729,13919.0,12551.0
2018-02-28,0.62,0.472,1277.0,1321.0,3.47,2982.9,216000.0,99.7,4393401.0,44.51,13919.0,12551.0
2018-03-01,0.59,0.466,1318.0,1385.0,3.59,2986.6,216000.0,101.4,4393401.0,14.334,13975.8,12576.0
2018-03-02,0.61,0.466,1318.0,1385.0,3.65,2986.6,216000.0,101.4,4393401.0,15.642,13975.8,12576.0
2018-03-03,0.61,0.466,1318.0,1385.0,3.65,2986.6,228000.0,101.4,4393401.0,15.642,13975.8,12576.0
2018-03-05,0.64,0.466,1318.0,1385.0,3.59,2986.6,228000.0,101.4,4393401.0,15.23,13975.8,12576.0
2018-03-06,0.63,0.466,1318.0,1385.0,3.53,2986.6,228000.0,101.4,4393401.0,11.205,13975.8,12576.0
2018-03-07,0.64,0.466,1318.0,1385.0,3.56,2986.6,228000.0,101.4,4396097.0,14.295,13975.8,12576.0
2018-03-08,0.61,0.466,1318.0,1385.0,3.56,2986.6,228000.0,101.4,4396097.0,6.963,13975.8,12576.0
2018-03-09,0.63,0.466,1318.0,1385.0,3.53,2986.6,228000.0,101.4,4396097.0,3.247,13975.8,12576.0
2018-03-10,0.63,0.466,1318.0,1385.0,3.53,2986.6,223000.0,101.4,4396097.0,3.247,13975.8,12576.0
2018-03-12,0.6,0.466,1318.0,1385.0,3.55,2986.6,223000.0,101.4,4396097.0,1.77,13975.8,12576.0
2018-03-13,0.58,0.466,1318.0,1385.0,3.58,2986.6,223000.0,101.4,4396097.0,2.145,13975.8,12576.0
2018-03-14,0.55,0.466,1318.0,1385.0,3.62,2986.6,223000.0,101.4,4407258.0,4.97,13975.8,12576.0
2018-03-15,0.53,0.466,1318.0,1385.0,3.62,2986.6,223000.0,101.4,4407258.0,3.746,13975.8,12576.0
2018-03-16,0.54,0.466,1318.0,1385.0,3.6,2986.6,223000.0,101.4,4407258.0,10.28,13975.8,12576.0
2018-03-17,0.54,0.466,1318.0,1385.0,3.6,2986.6,225000.0,101.4,4407258.0,10.28,13975.8,12576.0
2018-03-19,0.54,0.466,1318.0,1385.0,3.65,2986.6,225000.0,101.4,4407258.0,7.82,13975.8,12576.0
2018-03-20,0.55,0.466,1318.0,1385.0,3.62,2986.6,225000.0,101.4,4407258.0,11.95,13975.8,12576.0
2018-03-21,0.58,0.466,1318.0,1385.0,3.6,2986.6,225000.0,101.4,4401222.0,20.586,13975.8,12576.0
2018-03-22,0.54,0.466,1318.0,1385.0,3.7,2986.6,225000.0,101.4,4401222.0,11.592,13975.8,12576.0
2018-03-23,0.54,0.466,1318.0,1385.0,3.74,2986.6,225000.0,101.4,4401222.0,10.45,13975.8,12576.0
2018-03-24,0.54,0.466,1318.0,1385.0,3.74,2986.6,221000.0,101.4,4401222.0,10.45,13975.8,12576.0
2018-03-26,0.52,0.466,1318.0,1385.0,3.73,2986.6,221000.0,101.4,4401222.0,5.921,13975.8,12576.0
2018-03-27,0.52,0.466,1318.0,1385.0,3.75,2986.6,221000.0,101.4,4401222.0,9.62,13975.8,12576.0
2018-03-28,0.49,0.466,1318.0,1385.0,3.77,2986.6,221000.0,101.4,4392198.0,17.898,13975.8,12576.0
2018-03-29,0.47,0.466,1318.0,1385.0,3.79,2986.6,221000.0,101.4,4392198.0,17.898,13975.8,12576.0
2018-03-30,0.47,0.466,1318.0,1385.0,3.79,2986.6,221000.0,101.4,4392198.0,17.898,13975.8,12576.0
2018-03-31,0.47,0.466,1318.0,1385.0,3.72,2986.6,232000.0,101.4,4392198.0,17.898,13975.8,12576.0
2018-04-01,0.47,0.467,1276.0,1378.0,3.72,2994.2,232000.0,98.8,4392198.0,17.898,13993.7,12595.0
2018-04-02,0.48,0.467,1276.0,1378.0,3.77,2994.2,232000.0,98.8,4392198.0,3.823,13993.7,12595.0
2018-04-03,0.51,0.467,1276.0,1378.0,3.71,2994.2,232000.0,98.8,4392198.0,8.695,13993.7,12595.0
2018-04-04,0.51,0.467,1276.0,1378.0,3.71,2994.2,232000.0,98.8,4386104.0,4.57,13993.7,12595.0
2018-04-05,0.53,0.467,1276.0,1378.0,3.59,2994.2,232000.0,98.8,4386104.0,4.645,13993.7,12595.0
2018-04-06,0.5,0.467,1276.0,1378.0,3.64,2994.2,232000.0,98.8,4386104.0,4.895,13993.7,12595.0
2018-04-07,0.5,0.467,1276.0,1378.0,3.64,2994.2,234000.0,98.8,4386104.0,4.895,13993.7,12595.0
2018-04-09,0.49,0.467,1276.0,1378.0,3.61,2994.2,234000.0,98.8,4386104.0,4.07,13993.7,12595.0
2018-04-10,0.48,0.467,1276.0,1378.0,3.52,2994.2,234000.0,98.8,4386104.0,3.99,13993.7,12595.0
2018-04-11,0.47,0.467,1276.0,1378.0,3.5,2994.2,234000.0,98.8,4383684.0,2.361,13993.7,12595.0
2018-04-12,0.49,0.467,1276.0,1378.0,3.42,2994.2,234000.0,98.8,4383684.0,4.12,13993.7,12595.0
2018-04-13,0.45,0.467,1276.0,1378.0,3.38,2994.2,234000.0,98.8,4383684.0,3.471,13993.7,12595.0
2018-04-14,0.45,0.467,1276.0,1378.0,3.38,2994.2,236000.0,98.8,4383684.0,3.471,13993.7,12595.0
2018-04-16,0.44,0.467,1276.0,1378.0,3.33,2994.2,236000.0,98.8,4383684.0,3.372,13993.7,12595.0
2018-04-17,0.41,0.467,1276.0,1378.0,3.29,2994.2,236000.0,98.8,4383684.0,3.971,13993.7,12595.0
2018-04-18,0.45,0.467,1276.0,1378.0,3.24,2994.2,236000.0,98.8,4385903.0,14.021,13993.7,12595.0
2018-04-19,0.48,0.467,1276.0,1378.0,3.33,2994.2,236000.0,98.8,4385903.0,13.92,13993.7,12595.0
2018-04-20,0.5,0.467,1276.0,1378.0,3.33,2994.2,236000.0,98.8,4385903.0,12.02,13993.7,12595.0
2018-04-21,0.5,0.467,1276.0,1378.0,3.33,2994.2,207000.0,98.8,4385903.0,12.02,13993.7,12595.0
2018-04-23,0.49,0.467,1276.0,1378.0,3.36,2994.2,207000.0,98.8,4385903.0,10.821,13993.7,12595.0
2018-04-24,0.52,0.467,1276.0,1378.0,3.41,2994.2,207000.0,98.8,4385903.0,9.532,13993.7,12595.0
2018-04-25,0.54,0.467,1276.0,1378.0,3.47,2994.2,207000.0,98.8,4372886.0,3.57,13993.7,12595.0
2018-04-26,0.51,0.467,1276.0,1378.0,3.43,2994.2,207000.0,98.8,4372886.0,3.795,13993.7,12595.0
2018-04-27,0.47,0.467,1276.0,1378.0,3.44,2994.2,207000.0,98.8,4372886.0,2.92,13993.7,12595.0
2018-04-28,0.47,0.467,1276.0,1378.0,3.44,2994.2,209000.0,98.8,4372886.0,2.92,13993.7,12595.0
2018-04-30,0.46,0.467,1276.0,1378.0,3.46,2994.2,209000.0,98.8,4372886.0,13.83,13993.7,12595.0
2018-05-01,0.47,0.487,1357.0,1338.0,3.47,2995.0,209000.0,98.0,4372886.0,3.82,14049.4,12623.0
2018-05-02,0.48,0.487,1357.0,1338.0,3.45,2995.0,209000.0,98.0,4356129.0,6.52,14049.4,12623.0
2018-05-03,0.45,0.487,1357.0,1338.0,3.5,2995.0,209000.0,98.0,4356129.0,5.775,14049.4,12623.0
2018-05-04,0.44,0.487,1357.0,1338.0,3.49,2995.0,209000.0,98.0,4356129.0,5.415,14049.4,12623.0
2018-05-05,0.44,0.487,1357.0,1338.0,3.49,2995.0,211000.0,98.0,4356129.0,5.415,14049.4,12623.0
2018-05-07,0.46,0.487,1357.0,1338.0,3.46,2995.0,211000.0,98.0,4356129.0,3.22,14049.4,12623.0
2018-05-08,0.46,0.487,1357.0,1338.0,3.46,2995.0,211000.0,98.0,4356129.0,3.921,14049.4,12623.0
2018-05-09,0.46,0.487,1357.0,1338.0,3.43,2995.0,211000.0,98.0,4358207.0,2.72,14049.4,12623.0
2018-05-10,0.43,0.487,1357.0,1338.0,3.41,2995.0,211000.0,98.0,4358207.0,4.645,14049.4,12623.0
2018-05-11,0.43,0.487,1357.0,1338.0,3.4,2995.0,211000.0,98.0,4358207.0,3.222,14049.4,12623.0
2018-05-12,0.43,0.487,1357.0,1338.0,3.4,2995.0,222000.0,98.0,4358207.0,3.222,14049.4,12623.0
2018-05-14,0.45,0.487,1357.0,1338.0,3.37,2995.0,222000.0,98.0,4358207.0,3.859,14049.4,12623.0
2018-05-15,0.5,0.487,1357.0,1338.0,3.36,2995.0,222000.0,98.0,4358207.0,2.095,14049.4,12623.0
2018-05-16,0.51,0.487,1357.0,1338.0,3.37,2995.0,222000.0,98.0,4337609.0,2.545,14049.4,12623.0
2018-05-17,0.54,0.487,1357.0,1338.0,3.36,2995.0,222000.0,98.0,4337609.0,1.896,14049.4,12623.0
2018-05-18,0.51,0.487,1357.0,1338.0,3.41,2995.0,222000.0,98.0,4337609.0,9.12,14049.4,12623.0
2018-05-19,0.51,0.487,1357.0,1338.0,3.41,2995.0,230000.0,98.0,4337609.0,9.12,14049.4,12623.0
2018-05-21,0.48,0.487,1357.0,1338.0,3.4,2995.0,230000.0,98.0,4337609.0,5.404,14049.4,12623.0
2018-05-22,0.47,0.487,1357.0,1338.0,3.39,2995.0,230000.0,98.0,4337609.0,3.951,14049.4,12623.0
2018-05-23,0.48,0.487,1357.0,1338.0,3.48,2995.0,230000.0,98.0,4337301.0,2.929,14049.4,12623.0
2018-05-24,0.48,0.487,1357.0,1338.0,3.49,2995.0,230000.0,98.0,4337301.0,6.62,14049.4,12623.0
2018-05-25,0.45,0.487,1357.0,1338.0,3.53,2995.0,230000.0,98.0,4337301.0,0.02,14049.4,12623.0
2018-05-26,0.45,0.487,1357.0,1338.0,3.53,2995.0,222000.0,98.0,4337301.0,0.02,14049.4,12623.0
2018-05-28,0.45,0.487,1357.0,1338.0,3.53,2995.0,222000.0,98.0,4337301.0,0.02,14049.4,12623.0
2018-05-29,0.45,0.487,1357.0,1338.0,3.75,2995.0,222000.0,98.0,4337301.0,0.88,14049.4,12623.0
2018-05-30,0.42,0.487,1357.0,1338.0,3.64,2995.0,222000.0,98.0,4327519.0,3.92,14049.4,12623.0
2018-05-31,0.43,0.487,1357.0,1338.0,3.63,2995.0,222000.0,98.0,4327519.0,21.475,14049.4,12623.0
2018-06-01,0.42,0.493,1192.0,1345.0,3.55,2996.3,222000.0,98.2,4327519.0,12.546,14109.7,12656.0
2018-06-02,0.42,0.493,1192.0,1345.0,3.55,2996.3,223000.0,98.2,4327519.0,12.546,14109.7,12656.0
2018-06-04,0.42,0.493,1192.0,1345.0,3.49,2996.3,223000.0,98.2,4327519.0,11.166,14109.7,12656.0
2018-06-05,0.43,0.493,1192.0,1345.0,3.5,2996.3,223000.0,98.2,4327519.0,6.635,14109.7,12656.0
2018-06-06,0.45,0.493,1192.0,1345.0,3.44,2996.3,223000.0,98.2,4319191.0,16.772,14109.7,12656.0
2018-06-07,0.43,0.493,1192.0,1345.0,3.44,2996.3,223000.0,98.2,4319191.0,5.771,14109.7,12656.0
2018-06-08,0.43,0.493,1192.0,1345.0,3.45,2996.3,223000.0,98.2,4319191.0,2.771,14109.7,12656.0
2018-06-09,0.43,0.493,1192.0,1345.0,3.45,2996.3,222000.0,98.2,4319191.0,2.771,14109.7,12656.0
2018-06-11,0.44,0.493,1192.0,1345.0,3.39,2996.3,222000.0,98.2,4319191.0,4.836,14109.7,12656.0
2018-06-12,0.42,0.493,1192.0,1345.0,3.38,2996.3,222000.0,98.2,4319191.0,1.308,14109.7,12656.0
2018-06-13,0.39,0.493,1192.0,1345.0,3.33,2996.3,222000.0,98.2,4324906.0,3.025,14109.7,12656.0
2018-06-14,0.35,0.493,1192.0,1345.0,3.31,2996.3,222000.0,98.2,4324906.0,2.935,14109.7,12656.0
2018-06-15,0.38,0.493,1192.0,1345.0,3.33,2996.3,222000.0,98.2,4324906.0,0.27,14109.7,12656.0
2018-06-16,0.38,0.493,1192.0,1345.0,3.33,2996.3,218000.0,98.2,4324906.0,0.27,14109.7,12656.0
2018-06-18,0.36,0.493,1192.0,1345.0,3.34,2996.3,218000.0,98.2,4324906.0,0.37,14109.7,12656.0
2018-06-19,0.35,0.493,1192.0,1345.0,3.4,2996.3,218000.0,98.2,4324906.0,0.195,14109.7,12656.0
2018-06-20,0.37,0.493,1192.0,1345.0,3.34,2996.3,218000.0,98.2,4315896.0,0.32,14109.7,12656.0
2018-06-21,0.34,0.493,1192.0,1345.0,3.39,2996.3,218000.0,98.2,4315896.0,1.37,14109.7,12656.0
2018-06-22,0.34,0.493,1192.0,1345.0,3.39,2996.3,218000.0,98.2,4315896.0,1.43,14109.7,12656.0
2018-06-23,0.34,0.493,1192.0,1345.0,3.39,2996.3,222000.0,98.2,4315896.0,1.43,14109.7,12656.0
2018-06-25,0.33,0.493,1192.0,1345.0,3.47,2996.3,222000.0,98.2,4315896.0,12.73,14109.7,12656.0
2018-06-26,0.35,0.493,1192.0,1345.0,3.48,2996.3,222000.0,98.2,4315896.0,10.385,14109.7,12656.0
2018-06-27,0.31,0.493,1192.0,1345.0,3.56,2996.3,222000.0,98.2,4305491.0,20.68,14109.7,12656.0
2018-06-28,0.32,0.493,1192.0,1345.0,3.64,2996.3,222000.0,98.2,4305491.0,20.419,14109.7,12656.0
2018-06-29,0.33,0.493,1192.0,1345.0,3.61,2996.3,222000.0,98.2,4305491.0,96.97,14109.7,12656.0
2018-06-30,0.33,0.493,1192.0,1345.0,3.71,2996.3,228000.0,98.2,4305491.0,96.97,14109.7,12656.0
2018-07-01,0.33,0.492,1208.0,1334.0,3.71,2995.9,228000.0,97.9,4305491.0,96.97,14143.9,12676.0
2018-07-02,0.3,0.492,1208.0,1334.0,3.78,2995.9,228000.0,97.9,4305491.0,32.139,14143.9,12676.0
2018-07-03,0.3,0.492,1208.0,1334.0,3.77,2995.9,228000.0,97.9,4305491.0,4.852,14143.9,12676.0
2018-07-04,0.3,0.492,1208.0,1334.0,3.77,2995.9,228000.0,97.9,4289764.0,4.852,14143.9,12676.0
2018-07-05,0.29,0.492,1208.0,1334.0,3.74,2995.9,228000.0,97.9,4289764.0,8.205,14143.9,12676.0
2018-07-06,0.29,0.492,1208.0,1334.0,3.74,2995.9,228000.0,97.9,4289764.0,4.195,14143.9,12676.0
2018-07-07,0.29,0.492,1208.0,1334.0,3.74,2995.9,216000.0,97.9,4289764.0,4.195,14143.9,12676.0
2018-07-09,0.29,0.492,1208.0,1334.0,3.65,2995.9,216000.0,97.9,4289764.0,3.596,14143.9,12676.0
2018-07-10,0.28,0.492,1208.0,1334.0,3.59,2995.9,216000.0,97.9,4289764.0,1.955,14143.9,12676.0
2018-07-11,0.27,0.492,1208.0,1334.0,3.66,2995.9,216000.0,97.9,4291201.0,1.23,14143.9,12676.0
2018-07-12,0.25,0.492,1208.0,1334.0,3.61,2995.9,216000.0,97.9,4291201.0,2.455,14143.9,12676.0
2018-07-13,0.24,0.492,1208.0,1334.0,3.62,2995.9,216000.0,97.9,4291201.0,0.871,14143.9,12676.0
2018-07-14,0.24,0.492,1208.0,1334.0,3.62,2995.9,205000.0,97.9,4291201.0,0.871,14143.9,12676.0
2018-07-16,0.26,0.492,1208.0,1334.0,3.59,2995.9,205000.0,97.9,4291201.0,0.87,14143.9,12676.0
2018-07-17,0.24,0.492,1208.0,1334.0,3.58,2995.9,205000.0,97.9,4291201.0,1.22,14143.9,12676.0
2018-07-18,0.28,0.492,1208.0,1334.0,3.56,2995.9,205000.0,97.9,4291615.0,6.021,14143.9,12676.0
2018-07-19,0.24,0.492,1208.0,1334.0,3.59,2995.9,205000.0,97.9,4291615.0,3.62,14143.9,12676.0
2018-07-20,0.29,0.492,1208.0,1334.0,3.55,2995.9,205000.0,97.9,4291615.0,1.17,14143.9,12676.0
2018-07-21,0.29,0.492,1208.0,1334.0,3.55,2995.9,210000.0,97.9,4291615.0,1.17,14143.9,12676.0
2018-07-23,0.32,0.492,1208.0,1334.0,3.5,2995.9,210000.0,97.9,4291615.0,2.27,14143.9,12676.0
2018-07-24,0.32,0.492,1208.0,1334.0,3.47,2995.9,210000.0,97.9,4291615.0,4.895,14143.9,12676.0
2018-07-25,0.28,0.492,1208.0,1334.0,3.48,2995.9,210000.0,97.9,4277681.0,0.72,14143.9,12676.0
2018-07-26,0.29,0.492,1208.0,1334.0,3.42,2995.9,210000.0,97.9,4277681.0,1.571,14143.9,12676.0
2018-07-27,0.29,0.492,1208.0,1334.0,3.42,2995.9,210000.0,97.9,4277681.0,1.47,14143.9,12676.0
2018-07-28,0.29,0.492,1208.0,1334.0,3.42,2995.9,207000.0,97.9,4277681.0,1.47,14143.9,12676.0
2018-07-30,0.32,0.492,1208.0,1334.0,3.43,2995.9,207000.0,97.9,4277681.0,1.995,14143.9,12676.0
2018-07-31,0.29,0.492,1208.0,1334.0,3.46,2995.9,207000.0,97.9,4277681.0,9.045,14143.9,12676.0
2018-08-01,0.33,0.52,1288.0,1273.0,3.43,2999.2,207000.0,96.2,4255653.0,0.795,14193.6,12688.0
2018-08-02,0.32,0.52,1288.0,1273.0,3.43,2999.2,207000.0,96.2,4255653.0,1.817,14193.6,12688.0
2018-08-03,0.32,0.52,1288.0,1273.0,3.43,2999.2,207000.0,96.2,4255653.0,1.673,14193.6,12688.0
2018-08-04,0.32,0.52,1288.0,1273.0,3.43,2999.2,210000.0,96.2,4255653.0,1.673,14193.6,12688.0
2018-08-06,0.3,0.52,1288.0,1273.0,3.43,2999.2,210000.0,96.2,4255653.0,2.095,14193.6,12688.0
2018-08-07,0.3,0.52,1288.0,1273.0,3.35,2999.2,210000.0,96.2,4255653.0,2.337,14193.6,12688.0
2018-08-08,0.28,0.52,1288.0,1273.0,3.37,2999.2,210000.0,96.2,4258030.0,1.659,14193.6,12688.0
2018-08-09,0.29,0.52,1288.0,1273.0,3.38,2999.2,210000.0,96.2,4258030.0,1.745,14193.6,12688.0
2018-08-10,0.26,0.52,1288.0,1273.0,3.5,2999.2,210000.0,96.2,4258030.0,2.47,14193.6,12688.0
2018-08-11,0.26,0.52,1288.0,1273.0,3.5,2999.2,206000.0,96.2,4258030.0,2.47,14193.6,12688.0
2018-08-13,0.27,0.52,1288.0,1273.0,3.52,2999.2,206000.0,96.2,4258030.0,1.383,14193.6,12688.0
2018-08-14,0.26,0.52,1288.0,1273.0,3.48,2999.2,206000.0,96.2,4258030.0,0.685,14193.6,12688.0
2018-08-15,0.25,0.52,1288.0,1273.0,3.55,2999.2,206000.0,96.2,4228924.0,0.315,14193.6,12688.0
2018-08-16,0.24,0.52,1288.0,1273.0,3.49,2999.2,206000.0,96.2,4228924.0,0.532,14193.6,12688.0
2018-08-17,0.26,0.52,1288.0,1273.0,3.49,2999.2,206000.0,96.2,4228924.0,4.016,14193.6,12688.0
2018-08-18,0.26,0.52,1288.0,1273.0,3.49,2999.2,207000.0,96.2,4228924.0,4.016,14193.6,12688.0
2018-08-20,0.22,0.52,1288.0,1273.0,3.52,2999.2,207000.0,96.2,4228924.0,1.646,14193.6,12688.0
2018-08-21,0.24,0.52,1288.0,1273.0,3.48,2999.2,207000.0,96.2,4228924.0,1.466,14193.6,12688.0
2018-08-22,0.22,0.52,1288.0,1273.0,3.48,2999.2,207000.0,96.2,4228818.0,1.126,14193.6,12688.0
2018-08-23,0.21,0.52,1288.0,1273.0,3.47,2999.2,207000.0,96.2,4228818.0,2.416,14193.6,12688.0
2018-08-24,0.19,0.52,1288.0,1273.0,3.46,2999.2,207000.0,96.2,4228818.0,4.665,14193.6,12688.0
2018-08-25,0.19,0.52,1288.0,1273.0,3.46,2999.2,211000.0,96.2,4228818.0,4.665,14193.6,12688.0
2018-08-27,0.18,0.52,1288.0,1273.0,3.43,2999.2,211000.0,96.2,4228818.0,0.996,14193.6,12688.0
2018-08-28,0.21,0.52,1288.0,1273.0,3.4,2999.2,211000.0,96.2,4228818.0,1.415,14193.6,12688.0
2018-08-29,0.22,0.52,1288.0,1273.0,3.39,2999.2,211000.0,96.2,4218914.0,0.84,14193.6,12688.0
2018-08-30,0.22,0.52,1288.0,1273.0,3.44,2999.2,211000.0,96.2,4218914.0,0.985,14193.6,12688.0
2018-08-31,0.24,0.52,1288.0,1273.0,3.49,2999.2,211000.0,96.2,4218914.0,0.39,14193.6,12688.0
2018-09-01,0.24,0.496,1250.0,1314.0,3.49,3000.2,201000.0,100.1,4218914.0,0.39,14229.1,12710.0
2018-09-03,0.24,0.496,1250.0,1314.0,3.49,3000.2,201000.0,100.1,4218914.0,0.39,14229.1,12710.0
2018-09-04,0.24,0.496,1250.0,1314.0,3.46,3000.2,201000.0,100.1,4218914.0,0.595,14229.1,12710.0
2018-09-05,0.24,0.496,1250.0,1314.0,3.49,3000.2,201000.0,100.1,4208496.0,0.01,14229.1,12710.0
2018-09-06,0.24,0.496,1250.0,1314.0,3.52,3000.2,201000.0,100.1,4208496.0,0.815,14229.1,12710.0
2018-09-07,0.23,0.496,1250.0,1314.0,3.48,3000.2,201000.0,100.1,4208496.0,0.015,14229.1,12710.0
2018-09-08,0.23,0.496,1250.0,1314.0,3.48,3000.2,204000.0,100.1,4208496.0,0.015,14229.1,12710.0
2018-09-10,0.21,0.496,1250.0,1314.0,3.46,3000.2,204000.0,100.1,4208496.0,0.015,14229.1,12710.0
2018-09-11,0.22,0.496,1250.0,1314.0,3.4,3000.2,204000.0,100.1,4208496.0,1.241,14229.1,12710.0
2018-09-12,0.23,0.496,1250.0,1314.0,3.38,3000.2,204000.0,100.1,4210812.0,1.315,14229.1,12710.0
2018-09-13,0.21,0.496,1250.0,1314.0,3.35,3000.2,204000.0,100.1,4210812.0,1.791,14229.1,12710.0
2018-09-14,0.21,0.496,1250.0,1314.0,3.29,3000.2,204000.0,100.1,4210812.0,1.315,14229.1,12710.0
2018-09-15,0.21,0.496,1250.0,1314.0,3.29,3000.2,206000.0,100.1,4210812.0,1.315,14229.1,12710.0
2018-09-17,0.21,0.496,1250.0,1314.0,3.29,3000.2,206000.0,100.1,4210812.0,0.715,14229.1,12710.0
2018-09-18,0.24,0.496,1250.0,1314.0,3.24,3000.2,206000.0,100.1,4210812.0,10.115,14229.1,12710.0
2018-09-19,0.27,0.496,1250.0,1314.0,3.24,3000.2,206000.0,100.1,4208059.0,8.915,14229.1,12710.0
2018-09-20,0.26,0.496,1250.0,1314.0,3.25,3000.2,206000.0,100.1,4208059.0,17.868,14229.1,12710.0
2018-09-21,0.26,0.496,1250.0,1314.0,3.25,3000.2,206000.0,100.1,4208059.0,17.465,14229.1,12710.0
2018-09-22,0.26,0.496,1250.0,1314.0,3.25,3000.2,205000.0,100.1,4208059.0,17.465,14229.1,12710.0
2018-09-24,0.25,0.496,1250.0,1314.0,3.28,3000.2,205000.0,100.1,4208059.0,9.34,14229.1,12710.0
2018-09-25,0.27,0.496,1250.0,1314.0,3.26,3000.2,205000.0,100.1,4208059.0,3.44,14229.1,12710.0
2018-09-26,0.23,0.496,1250.0,1314.0,3.27,3000.2,205000.0,100.1,4192909.0,5.625,14229.1,12710.0
2018-09-27,0.23,0.496,1250.0,1314.0,3.25,3000.2,205000.0,100.1,4192909.0,30.056,14229.1,12710.0
2018-09-28,0.24,0.496,1250.0,1314.0,3.24,3000.2,205000.0,100.1,4192909.0,48.43,14229.1,12710.0
2018-09-29,0.24,0.496,1250.0,1314.0,3.24,3000.2,210000.0,100.1,4192909.0,48.43,14229.1,12710.0
2018-09-30,0.24,0.496,1250.0,1314.0,3.28,3000.2,210000.0,100.1,4192909.0,48.43,14229.1,12710.0
2018-10-01,0.27,0.522,1221.0,1272.0,3.22,3001.0,210000.0,98.6,4192909.0,4.185,14241.1,12731.0
2018-10-02,0.23,0.522,1221.0,1272.0,3.22,3001.0,210000.0,98.6,4192909.0,3.295,14241.1,12731.0
2018-10-03,0.3,0.522,1221.0,1272.0,3.16,3001.0,210000.0,98.6,4174704.0,2.954,14241.1,12731.0
2018-10-04,0.32,0.522,1221.0,1272.0,3.29,3001.0,210000.0,98.6,4174704.0,3.265,14241.1,12731.0
2018-10-05,0.35,0.522,1221.0,1272.0,3.32,3001.0,210000.0,98.6,4174704.0,1.565,14241.1,12731.0
2018-10-06,0.35,0.522,1221.0,1272.0,3.32,3001.0,211000.0,98.6,4174704.0,1.565,14241.1,12731.0
2018-10-08,0.35,0.522,1221.0,1272.0,3.32,3001.0,211000.0,98.6,4174704.0,1.565,14241.1,12731.0
2018-10-09,0.33,0.522,1221.0,1272.0,3.41,3001.0,211000.0,98.6,4174704.0,2.39,14241.1,12731.0
2018-10-10,0.34,0.522,1221.0,1272.0,3.51,3001.0,211000.0,98.6,4176906.0,2.39,14241.1,12731.0
2018-10-11,0.29,0.522,1221.0,1272.0,3.58,3001.0,211000.0,98.6,4176906.0,2.016,14241.1,12731.0
2018-10-12,0.3,0.522,1221.0,1272.0,3.54,3001.0,211000.0,98.6,4176906.0,0.96,14241.1,12731.0
2018-10-13,0.3,0.522,1221.0,1272.0,3.54,3001.0,208000.0,98.6,4176906.0,0.96,14241.1,12731.0
2018-10-15,0.31,0.522,1221.0,1272.0,3.49,3001.0,208000.0,98.6,4176906.0,0.366,14241.1,12731.0
2018-10-16,0.29,0.522,1221.0,1272.0,3.45,3001.0,208000.0,98.6,4176906.0,0.466,14241.1,12731.0
2018-10-17,0.3,0.522,1221.0,1272.0,3.45,3001.0,208000.0,98.6,4175446.0,0.174,14241.1,12731.0
2018-10-18,0.3,0.522,1221.0,1272.0,3.51,3001.0,208000.0,98.6,4175446.0,10.29,14241.1,12731.0
2018-10-19,0.28,0.522,1221.0,1272.0,3.51,3001.0,208000.0,98.6,4175446.0,3.916,14241.1,12731.0
2018-10-20,0.28,0.522,1221.0,1272.0,3.51,3001.0,217000.0,98.6,4175446.0,3.916,14241.1,12731.0
2018-10-22,0.28,0.522,1221.0,1272.0,3.52,3001.0,217000.0,98.6,4175446.0,3.189,14241.1,12731.0
2018-10-23,0.28,0.522,1221.0,1272.0,3.65,3001.0,217000.0,98.6,4175446.0,4.466,14241.1,12731.0
2018-10-24,0.26,0.522,1221.0,1272.0,3.68,3001.0,217000.0,98.6,4173070.0,6.444,14241.1,12731.0
2018-10-25,0.28,0.522,1221.0,1272.0,3.72,3001.0,217000.0,98.6,4173070.0,1.944,14241.1,12731.0
2018-10-26,0.27,0.522,1221.0,1272.0,3.85,3001.0,217000.0,98.6,4173070.0,2.004,14241.1,12731.0
2018-10-27,0.27,0.522,1221.0,1272.0,3.85,3001.0,216000.0,98.6,4173070.0,2.004,14241.1,12731.0
2018-10-29,0.27,0.522,1221.0,1272.0,3.84,3001.0,216000.0,98.6,4173070.0,1.748,14241.1,12731.0
2018-10-30,0.28,0.522,1221.0,1272.0,3.89,3001.0,216000.0,98.6,4173070.0,0.715,14241.1,12731.0
2018-10-31,0.28,0.522,1221.0,1272.0,3.81,3001.0,216000.0,98.6,4139731.0,4.815,14241.1,12731.0
2018-11-01,0.3,0.508,1181.0,1340.0,3.81,2993.8,216000.0,97.5,4139731.0,4.64,14260.5,12741.0
2018-11-02,0.31,0.508,1181.0,1340.0,3.72,2993.8,216000.0,97.5,4139731.0,1.51,14260.5,12741.0
2018-11-03,0.31,0.508,1181.0,1340.0,3.72,2993.8,218000.0,97.5,4139731.0,1.51,14260.5,12741.0
2018-11-05,0.29,0.508,1181.0,1340.0,3.72,2993.8,218000.0,97.5,4139731.0,1.465,14260.5,12741.0
2018-11-06,0.29,0.508,1181.0,1340.0,3.68,2993.8,218000.0,97.5,4139731.0,2.54,14260.5,12741.0
2018-11-07,0.26,0.508,1181.0,1340.0,3.6,2993.8,218000.0,97.5,4141936.0,1.875,14260.5,12741.0
2018-11-08,0.26,0.508,1181.0,1340.0,3.57,2993.8,218000.0,97.5,4141936.0,1.166,14260.5,12741.0
2018-11-09,0.25,0.508,1181.0,1340.0,3.71,2993.8,218000.0,97.5,4141936.0,0.401,14260.5,12741.0
2018-11-10,0.25,0.508,1181.0,1340.0,3.71,2993.8,221000.0,97.5,4141936.0,0.401,14260.5,12741.0
2018-11-12,0.25,0.508,1181.0,1340.0,3.71,2993.8,221000.0,97.5,4141936.0,0.401,14260.5,12741.0
2018-11-13,0.25,0.508,1181.0,1340.0,3.89,2993.8,221000.0,97.5,4141936.0,1.065,14260.5,12741.0
2018-11-14,0.26,0.508,1181.0,1340.0,3.99,2993.8,221000.0,97.5,4145892.0,0.66,14260.5,12741.0
2018-11-15,0.25,0.508,1181.0,1340.0,4.11,2993.8,221000.0,97.5,4145892.0,0.494,14260.5,12741.0
2018-11-16,0.27,0.508,1181.0,1340.0,4.18,2993.8,221000.0,97.5,4145892.0,18.565,14260.5,12741.0
2018-11-17,0.27,0.508,1181.0,1340.0,4.18,2993.8,225000.0,97.5,4145892.0,18.565,14260.5,12741.0
2018-11-19,0.27,0.508,1181.0,1340.0,4.25,2993.8,225000.0,97.5,4145892.0,16.295,14260.5,12741.0
2018-11-20,0.27,0.508,1181.0,1340.0,4.33,2993.8,225000.0,97.5,4145892.0,15.235,14260.5,12741.0
2018-11-21,0.25,0.508,1181.0,1340.0,4.24,2993.8,225000.0,97.5,4106198.0,16.205,14260.5,12741.0
2018-11-22,0.25,0.508,1181.0,1340.0,4.25,2993.8,225000.0,97.5,4106198.0,16.205,14260.5,12741.0
2018-11-23,0.24,0.508,1181.0,1340.0,4.29,2993.8,225000.0,97.5,4106198.0,13.105,14260.5,12741.0
2018-11-24,0.24,0.508,1181.0,1340.0,4.29,2993.8,237000.0,97.5,4106198.0,13.105,14260.5,12741.0
2018-11-26,0.23,0.508,1181.0,1340.0,4.26,2993.8,237000.0,97.5,4106198.0,0.615,14260.5,12741.0
2018-11-27,0.23,0.508,1181.0,1340.0,4.31,2993.8,237000.0,97.5,4106198.0,0.44,14260.5,12741.0
2018-11-28,0.25,0.508,1181.0,1340.0,4.25,2993.8,237000.0,97.5,4097170.0,1.464,14260.5,12741.0
2018-11-29,0.22,0.508,1181.0,1340.0,4.22,2993.8,237000.0,97.5,4097170.0,1.814,14260.5,12741.0
2018-11-30,0.21,0.508,1181.0,1340.0,4.29,2993.8,237000.0,97.5,4097170.0,2.49,14260.5,12741.0
2018-12-01,0.21,0.484,1095.0,1317.0,4.29,2979.3,232000.0,98.3,4097170.0,2.49,14382.3,12761.0
2018-12-03,0.15,0.484,1095.0,1317.0,4.2,2979.3,232000.0,98.3,4097170.0,2.21,14382.3,12761.0
2018-12-04,0.11,0.484,1095.0,1317.0,4.29,2979.3,232000.0,98.3,4097170.0,2.21,14382.3,12761.0
2018-12-05,0.11,0.484,1095.0,1317.0,4.29,2979.3,232000.0,98.3,4086044.0,2.21,14382.3,12761.0
2018-12-06,0.12,0.484,1095.0,1317.0,4.5,2979.3,232000.0,98.3,4086044.0,3.36,14382.3,12761.0
2018-12-07,0.13,0.484,1095.0,1317.0,4.5,2979.3,232000.0,98.3,4086044.0,5.635,14382.3,12761.0
2018-12-08,0.13,0.484,1095.0,1317.0,4.5,2979.3,208000.0,98.3,4086044.0,5.635,14382.3,12761.0
2018-12-10,0.13,0.484,1095.0,1317.0,4.56,2979.3,208000.0,98.3,4086044.0,1.424,14382.3,12761.0
2018-12-11,0.11,0.484,1095.0,1317.0,4.48,2979.3,208000.0,98.3,4086044.0,0.352,14382.3,12761.0
2018-12-12,0.14,0.484,1095.0,1317.0,4.4,2979.3,208000.0,98.3,4088314.0,0.461,14382.3,12761.0
2018-12-13,0.16,0.484,1095.0,1317.0,4.39,2979.3,208000.0,98.3,4088314.0,0.415,14382.3,12761.0
2018-12-14,0.16,0.484,1095.0,1317.0,4.46,2979.3,208000.0,98.3,4088314.0,0.315,14382.3,12761.0
2018-12-15,0.16,0.484,1095.0,1317.0,4.46,2979.3,217000.0,98.3,4088314.0,0.315,14382.3,12761.0
2018-12-17,0.16,0.484,1095.0,1317.0,4.58,2979.3,217000.0,98.3,4088314.0,0.415,14382.3,12761.0
2018-12-18,0.17,0.484,1095.0,1317.0,4.72,2979.3,217000.0,98.3,4088314.0,6.216,14382.3,12761.0
2018-12-19,0.14,0.484,1095.0,1317.0,4.84,2979.3,217000.0,98.3,4084274.0,5.982,14382.3,12761.0
2018-12-20,0.12,0.484,1095.0,1317.0,5.11,2979.3,217000.0,98.3,4084274.0,9.521,14382.3,12761.0
2018-12-21,0.16,0.484,1095.0,1317.0,5.22,2979.3,217000.0,98.3,4084274.0,8.805,14382.3,12761.0
2018-12-22,0.16,0.484,1095.0,1317.0,5.22,2979.3,228000.0,98.3,4084274.0,8.805,14382.3,12761.0
2018-12-24,0.19,0.484,1095.0,1317.0,5.35,2979.3,228000.0,98.3,4084274.0,7.96,14382.3,12761.0
2018-12-25,0.19,0.484,1095.0,1317.0,5.35,2979.3,228000.0,98.3,4084274.0,7.96,14382.3,12761.0
2018-12-26,0.2,0.484,1095.0,1317.0,5.37,2979.3,228000.0,98.3,4075636.0,1.005,14382.3,12761.0
2018-12-27,0.21,0.484,1095.0,1317.0,5.38,2979.3,228000.0,98.3,4075636.0,3.1,14382.3,12761.0
2018-12-28,0.2,0.484,1095.0,1317.0,5.3,2979.3,228000.0,98.3,4075636.0,3.21,14382.3,12761.0
2018-12-29,0.2,0.484,1095.0,1317.0,5.3,2979.3,238000.0,98.3,4075636.0,3.21,14382.3,12761.0
2018-12-31,0.21,0.484,1095.0,1317.0,5.33,2979.3,238000.0,98.3,4075636.0,41.848,14382.3,12761.0
2019-01-01,0.21,0.534,1226.0,1254.0,5.33,2953.4,238000.0,91.2,4075636.0,41.848,14445.7,12790.0
2019-01-02,0.16,0.534,1226.0,1254.0,5.35,2953.4,238000.0,91.2,4058378.0,19.481,14445.7,12790.0
2019-01-03,0.17,0.534,1226.0,1254.0,5.44,2953.4,238000.0,91.2,4058378.0,7.198,14445.7,12790.0
2019-01-04,0.17,0.534,1226.0,1254.0,5.05,2953.4,238000.0,91.2,4058378.0,2.86,14445.7,12790.0
2019-01-05,0.17,0.534,1226.0,1254.0,5.05,2953.4,225000.0,91.2,4058378.0,2.86,14445.7,12790.0
2019-01-07,0.17,0.534,1226.0,1254.0,4.83,2953.4,225000.0,91.2,4058378.0,2.786,14445.7,12790.0
2019-01-08,0.15,0.534,1226.0,1254.0,4.65,2953.4,225000.0,91.2,4058378.0,2.811,14445.7,12790.0
2019-01-09,0.18,0.534,1226.0,1254.0,4.52,2953.4,225000.0,91.2,4056563.0,2.537,14445.7,12790.0
2019-01-10,0.18,0.534,1226.0,1254.0,4.54,2953.4,225000.0,91.2,4056563.0,2.216,14445.7,12790.0
2019-01-11,0.16,0.534,1226.0,1254.0,4.55,2953.4,225000.0,91.2,4056563.0,2.016,14445.7,12790.0
2019-01-12,0.16,0.534,1226.0,1254.0,4.55,2953.4,218000.0,91.2,4056563.0,2.016,14445.7,12790.0
2019-01-14,0.18,0.534,1226.0,1254.0,4.6,2953.4,218000.0,91.2,4056563.0,1.205,14445.7,12790.0
2019-01-15,0.19,0.534,1226.0,1254.0,4.55,2953.4,218000.0,91.2,4056563.0,2.016,14445.7,12790.0
2019-01-16,0.18,0.534,1226.0,1254.0,4.44,2953.4,218000.0,91.2,4050044.0,1.316,14445.7,12790.0
2019-01-17,0.19,0.534,1226.0,1254.0,4.4,2953.4,218000.0,91.2,4050044.0,2.065,14445.7,12790.0
2019-01-18,0.17,0.534,1226.0,1254.0,4.27,2953.4,218000.0,91.2,4050044.0,13.165,14445.7,12790.0
2019-01-19,0.17,0.534,1226.0,1254.0,4.27,2953.4,214000.0,91.2,4050044.0,13.165,14445.7,12790.0
2019-01-21,0.17,0.534,1226.0,1254.0,4.27,2953.4,214000.0,91.2,4050044.0,13.165,14445.7,12790.0
2019-01-22,0.16,0.534,1226.0,1254.0,4.41,2953.4,214000.0,91.2,4050044.0,10.465,14445.7,12790.0
2019-01-23,0.18,0.534,1226.0,1254.0,4.39,2953.4,214000.0,91.2,4047052.0,11.415,14445.7,12790.0
2019-01-24,0.16,0.534,1226.0,1254.0,4.45,2953.4,214000.0,91.2,4047052.0,15.06,14445.7,12790.0
2019-01-25,0.16,0.534,1226.0,1254.0,4.34,2953.4,214000.0,91.2,4047052.0,1.515,14445.7,12790.0
2019-01-26,0.16,0.534,1226.0,1254.0,4.34,2953.4,234000.0,91.2,4047052.0,1.515,14445.7,12790.0
2019-01-28,0.15,0.534,1226.0,1254.0,4.41,2953.4,234000.0,91.2,4047052.0,1.265,14445.7,12790.0
2019-01-29,0.16,0.534,1226.0,1254.0,4.4,2953.4,234000.0,91.2,4047052.0,1.84,14445.7,12790.0
2019-01-30,0.18,0.534,1226.0,1254.0,4.36,2953.4,234000.0,91.2,4039678.0,0.99,14445.7,12790.0
2019-01-31,0.18,0.534,1226.0,1254.0,4.37,2953.4,234000.0,91.2,4039678.0,1.051,14445.7,12790.0
2019-02-01,0.18,0.51,1121.0,1286.0,4.29,2940.5,234000.0,93.8,4039678.0,0.665,14480.8,12782.0
2019-02-02,0.18,0.51,1121.0,1286.0,4.29,2940.5,232000.0,93.8,4039678.0,0.665,14480.8,12782.0
2019-02-04,0.2,0.51,1121.0,1286.0,4.25,2940.5,232000.0,93.8,4039678.0,4.515,14480.8,12782.0
2019-02-05,0.18,0.51,1121.0,1286.0,4.15,2940.5,232000.0,93.8,4039678.0,1.686,14480.8,12782.0
2019-02-06,0.18,0.51,1121.0,1286.0,4.13,2940.5,232000.0,93.8,4026350.0,1.926,14480.8,12782.0
2019-02-07,0.17,0.51,1121.0,1286.0,4.29,2940.5,232000.0,93.8,4026350.0,2.32,14480.8,12782.0
2019-02-08,0.18,0.51,1121.0,1286.0,4.32,2940.5,232000.0,93.8,4026350.0,2.016,14480.8,12782.0
2019-02-09,0.18,0.51,1121.0,1286.0,4.32,2940.5,226000.0,93.8,4026350.0,2.016,14480.8,12782.0
2019-02-11,0.17,0.51,1121.0,1286.0,4.28,2940.5,226000.0,93.8,4026350.0,2.006,14480.8,12782.0
2019-02-12,0.18,0.51,1121.0,1286.0,4.17,2940.5,226000.0,93.8,4026350.0,1.658,14480.8,12782.0
2019-02-13,0.18,0.51,1121.0,1286.0,4.12,2940.5,226000.0,93.8,4028431.0,1.697,14480.8,12782.0
2019-02-14,0.16,0.51,1121.0,1286.0,4.17,2940.5,226000.0,93.8,4028431.0,1.341,14480.8,12782.0
2019-02-15,0.14,0.51,1121.0,1286.0,4.12,2940.5,226000.0,93.8,4028431.0,5.271,14480.8,12782.0
2019-02-16,0.14,0.51,1121.0,1286.0,4.12,2940.5,211000.0,93.8,4028431.0,5.271,14480.8,12782.0
2019-02-18,0.14,0.51,1121.0,1286.0,4.12,2940.5,211000.0,93.8,4028431.0,5.271,14480.8,12782.0
2019-02-19,0.15,0.51,1121.0,1286.0,4.11,2940.5,211000.0,93.8,4028431.0,1.967,14480.8,12782.0
2019-02-20,0.15,0.51,1121.0,1286.0,4.08,2940.5,211000.0,93.8,3981420.0,2.275,14480.8,12782.0
2019-02-21,0.16,0.51,1121.0,1286.0,4.04,2940.5,211000.0,93.8,3981420.0,1.725,14480.8,12782.0
2019-02-22,0.17,0.51,1121.0,1286.0,4.05,2940.5,211000.0,93.8,3981420.0,6.665,14480.8,12782.0
2019-02-23,0.17,0.51,1121.0,1286.0,4.05,2940.5,221000.0,93.8,3981420.0,6.665,14480.8,12782.0
2019-02-25,0.16,0.51,1121.0,1286.0,4.0,2940.5,221000.0,93.8,3981420.0,1.375,14480.8,12782.0
2019-02-26,0.16,0.51,1121.0,1286.0,4.01,2940.5,221000.0,93.8,3981420.0,1.815,14480.8,12782.0
2019-02-27,0.19,0.51,1121.0,1286.0,3.94,2940.5,221000.0,93.8,3974590.0,1.915,14480.8,12782.0
2019-02-28,0.21,0.51,1121.0,1286.0,3.92,2940.5,221000.0,93.8,3974590.0,3.415,14480.8,12782.0
2019-03-01,0.21,0.504,1191.0,1295.0,3.86,2935.6,221000.0,98.4,3974590.0,2.015,14525.9,12788.0
2019-03-02,0.21,0.504,1191.0,1295.0,3.86,2935.6,216000.0,98.4,3974590.0,2.015,14525.9,12788.0
2019-03-04,0.17,0.504,1191.0,1295.0,3.9,2935.6,216000.0,98.4,3974590.0,2.917,14525.9,12788.0
2019-03-05,0.17,0.504,1191.0,1295.0,3.91,2935.6,216000.0,98.4,3974590.0,3.119,14525.9,12788.0
2019-03-06,0.17,0.504,1191.0,1295.0,3.98,2935.6,216000.0,98.4,3969134.0,2.115,14525.9,12788.0
2019-03-07,0.17,0.504,1191.0,1295.0,4.1,2935.6,216000.0,98.4,3969134.0,0.717,14525.9,12788.0
2019-03-08,0.17,0.504,1191.0,1295.0,4.18,2935.6,216000.0,98.4,3969134.0,0.015,14525.9,12788.0
2019-03-09,0.17,0.504,1191.0,1295.0,4.18,2935.6,218000.0,98.4,3969134.0,0.015,14525.9,12788.0
2019-03-11,0.17,0.504,1191.0,1295.0,4.12,2935.6,218000.0,98.4,3969134.0,0.019,14525.9,12788.0
2019-03-12,0.16,0.504,1191.0,1295.0,4.08,2935.6,218000.0,98.4,3969134.0,0.027,14525.9,12788.0
2019-03-13,0.16,0.504,1191.0,1295.0,3.99,2935.6,218000.0,98.4,3971559.0,0.016,14525.9,12788.0
2019-03-14,0.17,0.504,1191.0,1295.0,3.95,2935.6,218000.0,98.4,3971559.0,0.019,14525.9,12788.0
2019-03-15,0.16,0.504,1191.0,1295.0,3.95,2935.6,218000.0,98.4,3971559.0,0.015,14525.9,12788.0
2019-03-16,0.16,0.504,1191.0,1295.0,3.95,2935.6,212000.0,98.4,3971559.0,0.015,14525.9,12788.0
2019-03-18,0.15,0.504,1191.0,1295.0,3.95,2935.6,212000.0,98.4,3971559.0,3.169,14525.9,12788.0
2019-03-19,0.15,0.504,1191.0,1295.0,3.91,2935.6,212000.0,98.4,3971559.0,2.515,14525.9,12788.0
2019-03-20,0.14,0.504,1191.0,1295.0,3.97,2935.6,212000.0,98.4,3962748.0,0.617,14525.9,12788.0
2019-03-21,0.13,0.504,1191.0,1295.0,3.92,2935.6,212000.0,98.4,3962748.0,0.411,14525.9,12788.0
2019-03-22,0.13,0.504,1191.0,1295.0,4.03,2935.6,212000.0,98.4,3962748.0,5.016,14525.9,12788.0
2019-03-23,0.13,0.504,1191.0,1295.0,4.03,2935.6,210000.0,98.4,3962748.0,5.016,14525.9,12788.0
2019-03-25,0.17,0.504,1191.0,1295.0,4.13,2935.6,210000.0,98.4,3962748.0,0.129,14525.9,12788.0
2019-03-26,0.17,0.504,1191.0,1295.0,4.09,2935.6,210000.0,98.4,3962748.0,0.566,14525.9,12788.0
2019-03-27,0.17,0.504,1191.0,1295.0,4.09,2935.6,210000.0,98.4,3955617.0,0.166,14525.9,12788.0
2019-03-28,0.16,0.504,1191.0,1295.0,4.08,2935.6,210000.0,98.4,3955617.0,0.515,14525.9,12788.0
2019-03-29,0.14,0.504,1191.0,1295.0,3.99,2935.6,210000.0,98.4,3955617.0,0.731,14525.9,12788.0
2019-03-30,0.14,0.504,1191.0,1295.0,3.99,2935.6,203000.0,98.4,3955617.0,0.731,14525.9,12788.0
2019-03-31,0.14,0.504,1191.0,1295.0,4.05,2935.6,203000.0,98.4,3955617.0,0.731,14525.9,12788.0
2019-04-01,0.16,0.577,1272.0,1322.0,3.94,2953.8,203000.0,97.2,3955617.0,0.011,14554.2,12785.0
2019-04-02,0.18,0.577,1272.0,1322.0,3.95,2953.8,203000.0,97.2,3955617.0,0.019,14554.2,12785.0
2019-04-03,0.19,0.577,1272.0,1322.0,3.9,2953.8,203000.0,97.2,3935509.0,0.016,14554.2,12785.0
2019-04-04,0.18,0.577,1272.0,1322.0,3.9,2953.8,203000.0,97.2,3935509.0,0.615,14554.2,12785.0
2019-04-05,0.15,0.577,1272.0,1322.0,3.86,2953.8,203000.0,97.2,3935509.0,0.015,14554.2,12785.0
2019-04-06,0.15,0.577,1272.0,1322.0,3.86,2953.8,196000.0,97.2,3935509.0,0.015,14554.2,12785.0
2019-04-08,0.16,0.577,1272.0,1322.0,3.84,2953.8,196000.0,97.2,3935509.0,0.284,14554.2,12785.0
2019-04-09,0.16,0.577,1272.0,1322.0,3.86,2953.8,196000.0,97.2,3935509.0,0.41,14554.2,12785.0
2019-04-10,0.17,0.577,1272.0,1322.0,3.86,2953.8,196000.0,97.2,3936784.0,2.731,14554.2,12785.0
2019-04-11,0.16,0.577,1272.0,1322.0,3.79,2953.8,196000.0,97.2,3936784.0,0.122,14554.2,12785.0
2019-04-12,0.16,0.577,1272.0,1322.0,3.68,2953.8,196000.0,97.2,3936784.0,0.016,14554.2,12785.0
2019-04-13,0.16,0.577,1272.0,1322.0,3.68,2953.8,197000.0,97.2,3936784.0,0.016,14554.2,12785.0
2019-04-15,0.15,0.577,1272.0,1322.0,3.68,2953.8,197000.0,97.2,3936784.0,0.018,14554.2,12785.0
2019-04-16,0.19,0.577,1272.0,1322.0,3.64,2953.8,197000.0,97.2,3936784.0,0.7,14554.2,12785.0
2019-04-17,0.19,0.577,1272.0,1322.0,3.67,2953.8,197000.0,97.2,3931827.0,0.015,14554.2,12785.0
2019-04-18,0.19,0.577,1272.0,1322.0,3.73,2953.8,197000.0,97.2,3931827.0,0.015,14554.2,12785.0
2019-04-19,0.19,0.577,1272.0,1322.0,3.73,2953.8,197000.0,97.2,3931827.0,0.015,14554.2,12785.0
2019-04-20,0.19,0.577,1272.0,1322.0,3.73,2953.8,222000.0,97.2,3931827.0,0.015,14554.2,12785.0
2019-04-22,0.21,0.577,1272.0,1322.0,3.73,2953.8,222000.0,97.2,3931827.0,1.117,14554.2,12785.0
2019-04-23,0.21,0.577,1272.0,1322.0,3.72,2953.8,222000.0,97.2,3931827.0,5.69,14554.2,12785.0
2019-04-24,0.21,0.577,1272.0,1322.0,3.73,2953.8,222000.0,97.2,3928273.0,9.515,14554.2,12785.0
2019-04-25,0.21,0.577,1272.0,1322.0,3.75,2953.8,222000.0,97.2,3928273.0,0.61,14554.2,12785.0
2019-04-26,0.23,0.577,1272.0,1322.0,3.76,2953.8,222000.0,97.2,3928273.0,0.915,14554.2,12785.0
2019-04-27,0.23,0.577,1272.0,1322.0,3.76,2953.8,224000.0,97.2,3928273.0,0.915,14554.2,12785.0
2019-04-29,0.24,0.577,1272.0,1322.0,3.73,2953.8,224000.0,97.2,3928273.0,0.615,14554.2,12785.0
2019-04-30,0.24,0.577,1272.0,1322.0,3.73,2953.8,224000.0,97.2,3928273.0,0.015,14554.2,12785.0
2019-05-01,0.21,0.569,1293.0,1347.0,3.71,2960.3,224000.0,100.0,3889691.0,0.027,14652.0,12778.0
2019-05-02,0.2,0.569,1293.0,1347.0,3.74,2960.3,224000.0,100.0,3889691.0,0.023,14652.0,12778.0
2019-05-03,0.21,0.569,1293.0,1347.0,3.72,2960.3,224000.0,100.0,3889691.0,0.01,14652.0,12778.0
2019-05-04,0.21,0.569,1293.0,1347.0,3.72,2960.3,225000.0,100.0,3889691.0,0.01,14652.0,12778.0
2019-05-06,0.2,0.569,1293.0,1347.0,3.82,2960.3,225000.0,100.0,3889691.0,0.067,14652.0,12778.0
2019-05-07,0.17,0.569,1293.0,1347.0,3.89,2960.3,225000.0,100.0,3889691.0,0.961,14652.0,12778.0
2019-05-08,0.19,0.569,1293.0,1347.0,3.87,2960.3,225000.0,100.0,3892216.0,0.021,14652.0,12778.0
2019-05-09,0.19,0.569,1293.0,1347.0,3.99,2960.3,225000.0,100.0,3892216.0,0.516,14652.0,12778.0
2019-05-10,0.21,0.569,1293.0,1347.0,4.01,2960.3,225000.0,100.0,3892216.0,0.271,14652.0,12778.0
2019-05-11,0.21,0.569,1293.0,1347.0,4.01,2960.3,212000.0,100.0,3892216.0,0.271,14652.0,12778.0
2019-05-13,0.22,0.569,1293.0,1347.0,4.2,2960.3,212000.0,100.0,3892216.0,0.111,14652.0,12778.0
2019-05-14,0.22,0.569,1293.0,1347.0,4.13,2960.3,212000.0,100.0,3892216.0,1.37,14652.0,12778.0
2019-05-15,0.21,0.569,1293.0,1347.0,4.17,2960.3,212000.0,100.0,3864749.0,0.46,14652.0,12778.0
2019-05-16,0.2,0.569,1293.0,1347.0,4.06,2960.3,212000.0,100.0,3864749.0,1.75,14652.0,12778.0
2019-05-17,0.19,0.569,1293.0,1347.0,4.07,2960.3,212000.0,100.0,3864749.0,9.7,14652.0,12778.0
2019-05-18,0.19,0.569,1293.0,1347.0,4.07,2960.3,215000.0,100.0,3864749.0,9.7,14652.0,12778.0
2019-05-20,0.2,0.569,1293.0,1347.0,4.06,2960.3,215000.0,100.0,3864749.0,8.105,14652.0,12778.0
2019-05-21,0.17,0.569,1293.0,1347.0,3.99,2960.3,215000.0,100.0,3864749.0,3.705,14652.0,12778.0
2019-05-22,0.16,0.569,1293.0,1347.0,4.03,2960.3,215000.0,100.0,3860435.0,3.751,14652.0,12778.0
2019-05-23,0.19,0.569,1293.0,1347.0,4.22,2960.3,215000.0,100.0,3860435.0,4.93,14652.0,12778.0
2019-05-24,0.16,0.569,1293.0,1347.0,4.16,2960.3,215000.0,100.0,3860435.0,5.956,14652.0,12778.0
2019-05-25,0.16,0.569,1293.0,1347.0,4.16,2960.3,222000.0,100.0,3860435.0,5.956,14652.0,12778.0
2019-05-27,0.16,0.569,1293.0,1347.0,4.16,2960.3,222000.0,100.0,3860435.0,5.956,14652.0,12778.0
2019-05-28,0.14,0.569,1293.0,1347.0,4.19,2960.3,222000.0,100.0,3860435.0,1.52,14652.0,12778.0
2019-05-29,0.16,0.569,1293.0,1347.0,4.36,2960.3,222000.0,100.0,3851444.0,2.226,14652.0,12778.0
2019-05-30,0.16,0.569,1293.0,1347.0,4.33,2960.3,222000.0,100.0,3851444.0,1.026,14652.0,12778.0
2019-05-31,0.19,0.569,1293.0,1347.0,4.59,2960.3,222000.0,100.0,3851444.0,0.855,14652.0,12778.0
2019-06-01,0.19,0.524,1243.0,1299.0,4.59,2964.6,223000.0,98.2,3851444.0,0.855,14771.0,12787.0
2019-06-03,0.25,0.524,1243.0,1299.0,4.7,2964.6,223000.0,98.2,3851444.0,1.255,14771.0,12787.0
2019-06-04,0.24,0.524,1243.0,1299.0,4.53,2964.6,223000.0,98.2,3851444.0,1.891,14771.0,12787.0
2019-06-05,0.29,0.524,1243.0,1299.0,4.48,2964.6,223000.0,98.2,3847645.0,2.255,14771.0,12787.0
2019-06-06,0.24,0.524,1243.0,1299.0,4.42,2964.6,223000.0,98.2,3847645.0,2.21,14771.0,12787.0
2019-06-07,0.24,0.524,1243.0,1299.0,4.37,2964.6,223000.0,98.2,3847645.0,1.91,14771.0,12787.0
2019-06-08,0.24,0.524,1243.0,1299.0,4.37,2964.6,226000.0,98.2,3847645.0,1.91,14771.0,12787.0
2019-06-10,0.25,0.524,1243.0,1299.0,4.23,2964.6,226000.0,98.2,3847645.0,2.105,14771.0,12787.0
2019-06-11,0.22,0.524,1243.0,1299.0,4.2,2964.6,226000.0,98.2,3847645.0,1.007,14771.0,12787.0
2019-06-12,0.25,0.524,1243.0,1299.0,4.22,2964.6,226000.0,98.2,3849955.0,1.705,14771.0,12787.0
2019-06-13,0.27,0.524,1243.0,1299.0,4.24,2964.6,226000.0,98.2,3849955.0,1.655,14771.0,12787.0
2019-06-14,0.25,0.524,1243.0,1299.0,4.23,2964.6,226000.0,98.2,3849955.0,1.657,14771.0,12787.0
2019-06-15,0.25,0.524,1243.0,1299.0,4.23,2964.6,217000.0,98.2,3849955.0,1.657,14771.0,12787.0
2019-06-17,0.23,0.524,1243.0,1299.0,4.23,2964.6,217000.0,98.2,3849955.0,2.269,14771.0,12787.0
2019-06-18,0.2,0.524,1243.0,1299.0,4.14,2964.6,217000.0,98.2,3849955.0,18.006,14771.0,12787.0
2019-06-19,0.29,0.524,1243.0,1299.0,4.16,2964.6,217000.0,98.2,3844016.0,22.357,14771.0,12787.0
2019-06-20,0.29,0.524,1243.0,1299.0,4.03,2964.6,217000.0,98.2,3844016.0,27.43,14771.0,12787.0
2019-06-21,0.3,0.524,1243.0,1299.0,3.95,2964.6,217000.0,98.2,3844016.0,21.355,14771.0,12787.0
2019-06-22,0.3,0.524,1243.0,1299.0,3.95,2964.6,234000.0,98.2,3844016.0,21.355,14771.0,12787.0
2019-06-24,0.3,0.524,1243.0,1299.0,4.0,2964.6,234000.0,98.2,3844016.0,11.156,14771.0,12787.0
2019-06-25,0.29,0.524,1243.0,1299.0,4.09,2964.6,234000.0,98.2,3844016.0,6.4,14771.0,12787.0
2019-06-26,0.28,0.524,1243.0,1299.0,4.05,2964.6,234000.0,98.2,3826817.0,7.784,14771.0,12787.0
2019-06-27,0.27,0.524,1243.0,1299.0,4.09,2964.6,234000.0,98.2,3826817.0,16.794,14771.0,12787.0
2019-06-28,0.25,0.524,1243.0,1299.0,4.07,2964.6,234000.0,98.2,3826817.0,44.307,14771.0,12787.0
2019-06-29,0.25,0.524,1243.0,1299.0,4.07,2964.6,226000.0,98.2,3826817.0,44.307,14771.0,12787.0
2019-06-30,0.25,0.524,1243.0,1299.0,4.07,2964.6,226000.0,98.2,3826817.0,44.307,14771.0,12787.0
2019-07-01,0.25,0.583,1240.0,1379.0,3.99,2961.6,226000.0,98.4,3826817.0,15.837,14853.1,12790.0
2019-07-02,0.21,0.583,1240.0,1379.0,4.04,2961.6,226000.0,98.4,3826817.0,8.16,14853.1,12790.0
2019-07-03,0.19,0.583,1240.0,1379.0,4.02,2961.6,226000.0,98.4,3813198.0,6.849,14853.1,12790.0
2019-07-04,0.19,0.583,1240.0,1379.0,4.02,2961.6,226000.0,98.4,3813198.0,6.849,14853.1,12790.0
2019-07-05,0.17,0.583,1240.0,1379.0,3.98,2961.6,226000.0,98.4,3813198.0,6.155,14853.1,12790.0
2019-07-06,0.17,0.583,1240.0,1379.0,3.98,2961.6,215000.0,98.4,3813198.0,6.155,14853.1,12790.0
2019-07-08,0.17,0.583,1240.0,1379.0,4.0,2961.6,215000.0,98.4,3813198.0,6.5,14853.1,12790.0
2019-07-09,0.15,0.583,1240.0,1379.0,4.03,2961.6,215000.0,98.4,3813198.0,6.576,14853.1,12790.0
2019-07-10,0.25,0.583,1240.0,1379.0,4.01,2961.6,215000.0,98.4,3815038.0,6.252,14853.1,12790.0
2019-07-11,0.28,0.583,1240.0,1379.0,4.0,2961.6,215000.0,98.4,3815038.0,4.95,14853.1,12790.0
2019-07-12,0.28,0.583,1240.0,1379.0,4.02,2961.6,215000.0,98.4,3815038.0,5.15,14853.1,12790.0
2019-07-13,0.28,0.583,1240.0,1379.0,4.02,2961.6,211000.0,98.4,3815038.0,5.15,14853.1,12790.0
2019-07-15,0.26,0.583,1240.0,1379.0,4.0,2961.6,211000.0,98.4,3815038.0,5.557,14853.1,12790.0
2019-07-16,0.26,0.583,1240.0,1379.0,3.96,2961.6,211000.0,98.4,3815038.0,3.007,14853.1,12790.0
2019-07-17,0.23,0.583,1240.0,1379.0,4.01,2961.6,211000.0,98.4,3808110.0,1.96,14853.1,12790.0
2019-07-18,0.27,0.583,1240.0,1379.0,4.11,2961.6,211000.0,98.4,3808110.0,16.662,14853.1,12790.0
2019-07-19,0.25,0.583,1240.0,1379.0,4.07,2961.6,211000.0,98.4,3808110.0,14.255,14853.1,12790.0
2019-07-20,0.25,0.583,1240.0,1379.0,4.07,2961.6,202000.0,98.4,3808110.0,14.255,14853.1,12790.0
2019-07-22,0.25,0.583,1240.0,1379.0,4.06,2961.6,202000.0,98.4,3808110.0,14.16,14853.1,12790.0
2019-07-23,0.25,0.583,1240.0,1379.0,3.99,2961.6,202000.0,98.4,3808110.0,14.755,14853.1,12790.0
2019-07-24,0.22,0.583,1240.0,1379.0,3.98,2961.6,202000.0,98.4,3803436.0,8.255,14853.1,12790.0
2019-07-25,0.22,0.583,1240.0,1379.0,3.93,2961.6,202000.0,98.4,3803436.0,3.355,14853.1,12790.0
2019-07-26,0.22,0.583,1240.0,1379.0,3.89,2961.6,202000.0,98.4,3803436.0,3.25,14853.1,12790.0
2019-07-27,0.22,0.583,1240.0,1379.0,3.89,2961.6,206000.0,98.4,3803436.0,3.25,14853.1,12790.0
2019-07-29,0.21,0.583,1240.0,1379.0,3.93,2961.6,206000.0,98.4,3803436.0,3.928,14853.1,12790.0
2019-07-30,0.21,0.583,1240.0,1379.0,3.97,2961.6,206000.0,98.4,3803436.0,2.306,14853.1,12790.0
2019-07-31,0.13,0.583,1240.0,1379.0,3.93,2961.6,206000.0,98.4,3779102.0,7.367,14853.1,12790.0
2019-08-01,0.17,0.536,1375.0,1482.0,4.1,2974.0,206000.0,89.8,3779102.0,6.044,14934.3,12789.0
2019-08-02,0.14,0.536,1375.0,1482.0,4.19,2974.0,206000.0,89.8,3779102.0,3.335,14934.3,12789.0
2019-08-03,0.14,0.536,1375.0,1482.0,4.19,2974.0,208000.0,89.8,3779102.0,3.335,14934.3,12789.0
2019-08-05,0.16,0.536,1375.0,1482.0,4.53,2974.0,208000.0,89.8,3779102.0,3.474,14934.3,12789.0
2019-08-06,0.13,0.536,1375.0,1482.0,4.46,2974.0,208000.0,89.8,3779102.0,3.41,14934.3,12789.0
2019-08-07,0.12,0.536,1375.0,1482.0,4.52,2974.0,208000.0,89.8,3781543.0,3.622,14934.3,12789.0
2019-08-08,0.1,0.536,1375.0,1482.0,4.31,2974.0,208000.0,89.8,3781543.0,3.056,14934.3,12789.0
2019-08-09,0.11,0.536,1375.0,1482.0,4.31,2974.0,208000.0,89.8,3781543.0,2.72,14934.3,12789.0
2019-08-10,0.11,0.536,1375.0,1482.0,4.31,2974.0,212000.0,89.8,3781543.0,2.72,14934.3,12789.0
2019-08-12,0.07,0.536,1375.0,1482.0,4.4,2974.0,212000.0,89.8,3781543.0,5.43,14934.3,12789.0
2019-08-13,0.02,0.536,1375.0,1482.0,4.25,2974.0,212000.0,89.8,3781543.0,5.001,14934.3,12789.0
2019-08-14,0.01,0.536,1375.0,1482.0,4.49,2974.0,212000.0,89.8,3786018.0,2.744,14934.3,12789.0
2019-08-15,0.04,0.536,1375.0,1482.0,4.52,2974.0,212000.0,89.8,3786018.0,3.51,14934.3,12789.0
2019-08-16,0.07,0.536,1375.0,1482.0,4.47,2974.0,212000.0,89.8,3786018.0,11.843,14934.3,12789.0
2019-08-17,0.07,0.536,1375.0,1482.0,4.47,2974.0,207000.0,89.8,3786018.0,11.843,14934.3,12789.0
2019-08-19,0.07,0.536,1375.0,1482.0,4.36,2974.0,207000.0,89.8,3786018.0,13.403,14934.3,12789.0
2019-08-20,0.05,0.536,1375.0,1482.0,4.35,2974.0,207000.0,89.8,3786018.0,15.98,14934.3,12789.0
2019-08-21,0.03,0.536,1375.0,1482.0,4.21,2974.0,207000.0,89.8,3764866.0,15.153,14934.3,12789.0
2019-08-22,0.01,0.536,1375.0,1482.0,4.16,2974.0,207000.0,89.8,3764866.0,14.611,14934.3,12789.0
2019-08-23,0.01,0.536,1375.0,1482.0,4.25,2974.0,207000.0,89.8,3764866.0,9.046,14934.3,12789.0
2019-08-24,0.01,0.536,1375.0,1482.0,4.25,2974.0,213000.0,89.8,3764866.0,9.046,14934.3,12789.0
2019-08-26,0.0,0.536,1375.0,1482.0,4.22,2974.0,213000.0,89.8,3764866.0,3.676,14934.3,12789.0
2019-08-27,-0.04,0.536,1375.0,1482.0,4.19,2974.0,213000.0,89.8,3764866.0,1.555,14934.3,12789.0
2019-08-28,-0.03,0.536,1375.0,1482.0,4.17,2974.0,213000.0,89.8,3759946.0,4.255,14934.3,12789.0
2019-08-29,-0.03,0.536,1375.0,1482.0,4.08,2974.0,213000.0,89.8,3759946.0,0.102,14934.3,12789.0
2019-08-30,0.0,0.536,1375.0,1482.0,4.09,2974.0,213000.0,89.8,3759946.0,12.089,14934.3,12789.0
2019-08-31,0.0,0.536,1375.0,1482.0,4.13,2974.0,215000.0,89.8,3759946.0,12.089,14934.3,12789.0
2019-09-01,0.0,0.559,1311.0,1469.0,4.13,2981.9,215000.0,93.2,3759946.0,12.089,15031.0,12787.0
2019-09-02,0.0,0.559,1311.0,1469.0,4.13,2981.9,215000.0,93.2,3759946.0,12.089,15031.0,12787.0
2019-09-03,0.0,0.559,1311.0,1469.0,4.23,2981.9,215000.0,93.2,3759946.0,1.754,15031.0,12787.0
2019-09-04,0.04,0.559,1311.0,1469.0,4.23,2981.9,215000.0,93.2,3761508.0,1.425,15031.0,12787.0
2019-09-05,0.02,0.559,1311.0,1469.0,4.07,2981.9,215000.0,93.2,3761508.0,1.075,15031.0,12787.0
2019-09-06,0.02,0.559,1311.0,1469.0,4.05,2981.9,215000.0,93.2,3761508.0,0.88,15031.0,12787.0
2019-09-07,0.02,0.559,1311.0,1469.0,4.05,2981.9,207000.0,93.2,3761508.0,0.88,15031.0,12787.0
2019-09-09,0.05,0.559,1311.0,1469.0,3.99,2981.9,207000.0,93.2,3761508.0,2.787,15031.0,12787.0
2019-09-10,0.05,0.559,1311.0,1469.0,3.9,2981.9,207000.0,93.2,3761508.0,3.608,15031.0,12787.0
2019-09-11,0.07,0.559,1311.0,1469.0,3.92,2981.9,207000.0,93.2,3769673.0,3.612,15031.0,12787.0
2019-09-12,0.07,0.559,1311.0,1469.0,3.85,2981.9,207000.0,93.2,3769673.0,3.469,15031.0,12787.0
2019-09-13,0.11,0.559,1311.0,1469.0,3.83,2981.9,207000.0,93.2,3769673.0,2.675,15031.0,12787.0
2019-09-14,0.11,0.559,1311.0,1469.0,3.83,2981.9,205000.0,93.2,3769673.0,2.675,15031.0,12787.0
2019-09-16,0.1,0.559,1311.0,1469.0,3.8,2981.9,205000.0,93.2,3769673.0,2.202,15031.0,12787.0
2019-09-17,0.09,0.559,1311.0,1469.0,3.81,2981.9,205000.0,93.2,3769673.0,1.825,15031.0,12787.0
2019-09-18,0.03,0.559,1311.0,1469.0,3.82,2981.9,205000.0,93.2,3844695.0,18.91,15031.0,12787.0
2019-09-19,0.05,0.559,1311.0,1469.0,3.77,2981.9,205000.0,93.2,3844695.0,5.004,15031.0,12787.0
2019-09-20,0.05,0.559,1311.0,1469.0,3.81,2981.9,205000.0,93.2,3844695.0,7.552,15031.0,12787.0
2019-09-21,0.05,0.559,1311.0,1469.0,3.81,2981.9,211000.0,93.2,3844695.0,7.552,15031.0,12787.0
2019-09-23,0.04,0.559,1311.0,1469.0,3.84,2981.9,211000.0,93.2,3844695.0,7.485,15031.0,12787.0
2019-09-24,0.04,0.559,1311.0,1469.0,3.9,2981.9,211000.0,93.2,3844695.0,0.101,15031.0,12787.0
2019-09-25,0.05,0.559,1311.0,1469.0,3.91,2981.9,211000.0,93.2,3857715.0,0.133,15031.0,12787.0
2019-09-26,0.04,0.559,1311.0,1469.0,3.95,2981.9,211000.0,93.2,3857715.0,5.18,15031.0,12787.0
2019-09-27,0.06,0.559,1311.0,1469.0,3.99,2981.9,211000.0,93.2,3857715.0,5.33,15031.0,12787.0
2019-09-28,0.06,0.559,1311.0,1469.0,3.99,2981.9,215000.0,93.2,3857715.0,5.33,15031.0,12787.0
2019-09-30,0.05,0.559,1311.0,1469.0,4.02,2981.9,215000.0,93.2,3857715.0,7.057,15031.0,12787.0
2019-10-01,0.09,0.519,1325.0,1523.0,4.08,2963.4,215000.0,95.5,3857715.0,2.706,15166.9,12733.0
2019-10-02,0.12,0.519,1325.0,1523.0,4.28,2963.4,215000.0,95.5,3945831.0,3.054,15166.9,12733.0
2019-10-03,0.15,0.519,1325.0,1523.0,4.4,2963.4,215000.0,95.5,3945831.0,3.297,15166.9,12733.0
2019-10-04,0.12,0.519,1325.0,1523.0,4.38,2963.4,215000.0,95.5,3945831.0,5.325,15166.9,12733.0
2019-10-05,0.12,0.519,1325.0,1523.0,4.38,2963.4,209000.0,95.5,3945831.0,5.325,15166.9,12733.0
2019-10-07,0.1,0.519,1325.0,1523.0,4.31,2963.4,209000.0,95.5,3945831.0,5.65,15166.9,12733.0
2019-10-08,0.12,0.519,1325.0,1523.0,4.39,2963.4,209000.0,95.5,3945831.0,3.976,15166.9,12733.0
2019-10-09,0.12,0.519,1325.0,1523.0,4.32,2963.4,209000.0,95.5,3949955.0,1.469,15166.9,12733.0
2019-10-10,0.14,0.519,1325.0,1523.0,4.26,2963.4,209000.0,95.5,3949955.0,1.1,15166.9,12733.0
2019-10-11,0.13,0.519,1325.0,1523.0,4.1,2963.4,209000.0,95.5,3949955.0,2.95,15166.9,12733.0
2019-10-12,0.13,0.519,1325.0,1523.0,4.1,2963.4,215000.0,95.5,3949955.0,2.95,15166.9,12733.0
2019-10-14,0.13,0.519,1325.0,1523.0,4.08,2963.4,215000.0,95.5,3949955.0,2.95,15166.9,12733.0
2019-10-15,0.16,0.519,1325.0,1523.0,4.01,2963.4,215000.0,95.5,3949955.0,1.726,15166.9,12733.0
2019-10-16,0.17,0.519,1325.0,1523.0,4.01,2963.4,215000.0,95.5,3966471.0,1.803,15166.9,12733.0
2019-10-17,0.16,0.519,1325.0,1523.0,4.0,2963.4,215000.0,95.5,3966471.0,1.001,15166.9,12733.0
2019-10-18,0.18,0.519,1325.0,1523.0,4.02,2963.4,215000.0,95.5,3966471.0,20.1,15166.9,12733.0
2019-10-19,0.18,0.519,1325.0,1523.0,4.02,2963.4,210000.0,95.5,3966471.0,20.1,15166.9,12733.0
2019-10-21,0.18,0.519,1325.0,1523.0,3.98,2963.4,210000.0,95.5,3966471.0,18.758,15166.9,12733.0
2019-10-22,0.18,0.519,1325.0,1523.0,3.99,2963.4,210000.0,95.5,3966471.0,20.7,15166.9,12733.0
2019-10-23,0.19,0.519,1325.0,1523.0,3.98,2963.4,210000.0,95.5,3968700.0,18.29,15166.9,12733.0
2019-10-24,0.19,0.519,1325.0,1523.0,3.96,2963.4,210000.0,95.5,3968700.0,0.425,15166.9,12733.0
2019-10-25,0.17,0.519,1325.0,1523.0,3.89,2963.4,210000.0,95.5,3968700.0,0.005,15166.9,12733.0
2019-10-26,0.17,0.519,1325.0,1523.0,3.89,2963.4,215000.0,95.5,3968700.0,0.005,15166.9,12733.0
2019-10-28,0.21,0.519,1325.0,1523.0,3.85,2963.4,215000.0,95.5,3968700.0,0.036,15166.9,12733.0
2019-10-29,0.2,0.519,1325.0,1523.0,3.86,2963.4,215000.0,95.5,3968700.0,0.081,15166.9,12733.0
2019-10-30,0.17,0.519,1325.0,1523.0,3.96,2963.4,215000.0,95.5,4019823.0,0.196,15166.9,12733.0
2019-10-31,0.17,0.519,1325.0,1523.0,4.15,2963.4,215000.0,95.5,4019823.0,2.851,15166.9,12733.0
2019-11-01,0.17,0.452,1353.0,1535.0,4.09,2951.1,215000.0,96.8,4019823.0,2.1,15276.4,12777.0
2019-11-02,0.17,0.452,1353.0,1535.0,4.09,2951.1,214000.0,96.8,4019823.0,2.1,15276.4,12777.0
2019-11-04,0.19,0.452,1353.0,1535.0,3.99,2951.1,214000.0,96.8,4019823.0,3.085,15276.4,12777.0
2019-11-05,0.23,0.452,1353.0,1535.0,3.97,2951.1,214000.0,96.8,4019823.0,1.836,15276.4,12777.0
2019-11-06,0.2,0.452,1353.0,1535.0,4.02,2951.1,214000.0,96.8,4039443.0,1.65,15276.4,12777.0
2019-11-07,0.24,0.452,1353.0,1535.0,3.96,2951.1,214000.0,96.8,4039443.0,1.055,15276.4,12777.0
2019-11-08,0.26,0.452,1353.0,1535.0,4.0,2951.1,214000.0,96.8,4039443.0,0.805,15276.4,12777.0
2019-11-09,0.26,0.452,1353.0,1535.0,4.0,2951.1,227000.0,96.8,4039443.0,0.805,15276.4,12777.0
2019-11-11,0.26,0.452,1353.0,1535.0,3.99,2951.1,227000.0,96.8,4039443.0,0.805,15276.4,12777.0
2019-11-12,0.26,0.452,1353.0,1535.0,4.0,2951.1,227000.0,96.8,4039443.0,1.301,15276.4,12777.0
2019-11-13,0.25,0.452,1353.0,1535.0,4.05,2951.1,227000.0,96.8,4047882.0,1.762,15276.4,12777.0
2019-11-14,0.24,0.452,1353.0,1535.0,4.08,2951.1,227000.0,96.8,4047882.0,1.867,15276.4,12777.0
2019-11-15,0.23,0.452,1353.0,1535.0,4.06,2951.1,227000.0,96.8,4047882.0,0.002,15276.4,12777.0
2019-11-16,0.23,0.452,1353.0,1535.0,4.06,2951.1,229000.0,96.8,4047882.0,0.002,15276.4,12777.0
2019-11-18,0.21,0.452,1353.0,1535.0,4.09,2951.1,229000.0,96.8,4047882.0,27.055,15276.4,12777.0
2019-11-19,0.19,0.452,1353.0,1535.0,4.12,2951.1,229000.0,96.8,4047882.0,26.726,15276.4,12777.0
2019-11-20,0.17,0.452,1353.0,1535.0,4.18,2951.1,229000.0,96.8,4030249.0,26.026,15276.4,12777.0
2019-11-21,0.17,0.452,1353.0,1535.0,4.17,2951.1,229000.0,96.8,4030249.0,25.719,15276.4,12777.0
2019-11-22,0.16,0.452,1353.0,1535.0,4.13,2951.1,229000.0,96.8,4030249.0,0.375,15276.4,12777.0
2019-11-23,0.16,0.452,1353.0,1535.0,4.13,2951.1,221000.0,96.8,4030249.0,0.375,15276.4,12777.0
2019-11-25,0.15,0.452,1353.0,1535.0,4.08,2951.1,221000.0,96.8,4030249.0,0.0,15276.4,12777.0
2019-11-26,0.16,0.452,1353.0,1535.0,4.05,2951.1,221000.0,96.8,4030249.0,2.205,15276.4,12777.0
2019-11-27,0.14,0.452,1353.0,1535.0,3.99,2951.1,221000.0,96.8,4052875.0,0.506,15276.4,12777.0
2019-11-28,0.14,0.452,1353.0,1535.0,3.99,2951.1,221000.0,96.8,4052875.0,0.506,15276.4,12777.0
2019-11-29,0.17,0.452,1353.0,1535.0,4.01,2951.1,221000.0,96.8,4052875.0,0.75,15276.4,12777.0
2019-11-30,0.17,0.452,1353.0,1535.0,4.02,2951.1,231000.0,96.8,4052875.0,0.75,15276.4,12777.0
2019-12-01,0.17,0.464,1548.0,1443.0,4.02,2936.6,231000.0,99.3,4052875.0,0.75,15347.6,12760.0
2019-12-02,0.22,0.464,1548.0,1443.0,4.03,2936.6,231000.0,99.3,4052875.0,0.015,15347.6,12760.0
2019-12-03,0.19,0.464,1548.0,1443.0,4.14,2936.6,231000.0,99.3,4052875.0,0.151,15347.6,12760.0
2019-12-04,0.19,0.464,1548.0,1443.0,4.02,2936.6,231000.0,99.3,4065696.0,0.0,15347.6,12760.0
2019-12-05,0.22,0.464,1548.0,1443.0,4.0,2936.6,231000.0,99.3,4065696.0,0.001,15347.6,12760.0
2019-12-06,0.23,0.464,1548.0,1443.0,3.89,2936.6,231000.0,99.3,4065696.0,1.0,15347.6,12760.0
2019-12-07,0.23,0.464,1548.0,1443.0,3.89,2936.6,247000.0,99.3,4065696.0,1.0,15347.6,12760.0
2019-12-09,0.2,0.464,1548.0,1443.0,3.88,2936.6,247000.0,99.3,4065696.0,0.115,15347.6,12760.0
2019-12-10,0.2,0.464,1548.0,1443.0,3.84,2936.6,247000.0,99.3,4065696.0,0.001,15347.6,12760.0
2019-12-11,0.18,0.464,1548.0,1443.0,3.83,2936.6,247000.0,99.3,4095491.0,0.605,15347.6,12760.0
2019-12-12,0.24,0.464,1548.0,1443.0,3.7,2936.6,247000.0,99.3,4095491.0,0.6,15347.6,12760.0
2019-12-13,0.21,0.464,1548.0,1443.0,3.71,2936.6,247000.0,99.3,4095491.0,0.0,15347.6,12760.0
2019-12-14,0.21,0.464,1548.0,1443.0,3.71,2936.6,236000.0,99.3,4095491.0,0.0,15347.6,12760.0
2019-12-16,0.24,0.464,1548.0,1443.0,3.62,2936.6,236000.0,99.3,4095491.0,1.328,15347.6,12760.0
2019-12-17,0.26,0.464,1548.0,1443.0,3.58,2936.6,236000.0,99.3,4095491.0,0.826,15347.6,12760.0
2019-12-18,0.29,0.464,1548.0,1443.0,3.51,2936.6,236000.0,99.3,4137052.0,13.362,15347.6,12760.0
2019-12-19,0.3,0.464,1548.0,1443.0,3.54,2936.6,236000.0,99.3,4137052.0,8.936,15347.6,12760.0
2019-12-20,0.29,0.464,1548.0,1443.0,3.53,2936.6,236000.0,99.3,4137052.0,13.051,15347.6,12760.0
2019-12-21,0.29,0.464,1548.0,1443.0,3.53,2936.6,230000.0,99.3,4137052.0,13.051,15347.6,12760.0
2019-12-23,0.29,0.464,1548.0,1443.0,3.52,2936.6,230000.0,99.3,4137052.0,7.652,15347.6,12760.0
2019-12-24,0.28,0.464,1548.0,1443.0,3.53,2936.6,230000.0,99.3,4137052.0,4.423,15347.6,12760.0
2019-12-25,0.28,0.464,1548.0,1443.0,3.53,2936.6,230000.0,99.3,4165591.0,4.423,15347.6,12760.0
2019-12-26,0.26,0.464,1548.0,1443.0,3.53,2936.6,230000.0,99.3,4165591.0,3.192,15347.6,12760.0
2019-12-27,0.29,0.464,1548.0,1443.0,3.56,2936.6,230000.0,99.3,4165591.0,0.825,15347.6,12760.0
2019-12-28,0.29,0.464,1548.0,1443.0,3.56,2936.6,231000.0,99.3,4165591.0,0.825,15347.6,12760.0
2019-12-30,0.32,0.464,1548.0,1443.0,3.6,2936.6,231000.0,99.3,4165591.0,6.525,15347.6,12760.0
2019-12-31,0.34,0.464,1548.0,1443.0,3.6,2936.6,231000.0,99.3,4165591.0,64.087,15347.6,12760.0
2020-01-01,0.34,0.43,1581.0,1495.0,3.6,2917.3,231000.0,99.8,4173626.0,64.087,15416.3,12745.0
2020-01-02,0.3,0.43,1581.0,1495.0,3.56,2917.3,231000.0,99.8,4173626.0,3.1,15416.3,12745.0
2020-01-03,0.27,0.43,1581.0,1495.0,3.61,2917.3,231000.0,99.8,4173626.0,4.251,15416.3,12745.0
2020-01-04,0.27,0.43,1581.0,1495.0,3.61,2917.3,224000.0,99.8,4173626.0,4.251,15416.3,12745.0
2020-01-06,0.27,0.43,1581.0,1495.0,3.57,2917.3,224000.0,99.8,4173626.0,3.825,15416.3,12745.0
2020-01-07,0.29,0.43,1581.0,1495.0,3.54,2917.3,224000.0,99.8,4173626.0,1.602,15416.3,12745.0
2020-01-08,0.29,0.43,1581.0,1495.0,3.5,2917.3,224000.0,99.8,4149544.0,0.876,15416.3,12745.0
2020-01-09,0.27,0.43,1581.0,1495.0,3.49,2917.3,224000.0,99.8,4149544.0,0.401,15416.3,12745.0
2020-01-10,0.27,0.43,1581.0,1495.0,3.48,2917.3,224000.0,99.8,4149544.0,0.627,15416.3,12745.0
2020-01-11,0.27,0.43,1581.0,1495.0,3.48,2917.3,207000.0,99.8,4149544.0,0.627,15416.3,12745.0
2020-01-13,0.27,0.43,1581.0,1495.0,3.48,2917.3,207000.0,99.8,4149544.0,1.0,15416.3,12745.0
2020-01-14,0.24,0.43,1581.0,1495.0,3.45,2917.3,207000.0,99.8,4149544.0,0.656,15416.3,12745.0
2020-01-15,0.23,0.43,1581.0,1495.0,3.44,2917.3,207000.0,99.8,4175850.0,0.675,15416.3,12745.0
2020-01-16,0.23,0.43,1581.0,1495.0,3.42,2917.3,207000.0,99.8,4175850.0,0.3,15416.3,12745.0
2020-01-17,0.26,0.43,1581.0,1495.0,3.39,2917.3,207000.0,99.8,4175850.0,16.15,15416.3,12745.0
2020-01-18,0.26,0.43,1581.0,1495.0,3.39,2917.3,221000.0,99.8,4175850.0,16.15,15416.3,12745.0
2020-01-20,0.26,0.43,1581.0,1495.0,3.38,2917.3,221000.0,99.8,4175850.0,16.15,15416.3,12745.0
2020-01-21,0.25,0.43,1581.0,1495.0,3.47,2917.3,221000.0,99.8,4175850.0,13.381,15416.3,12745.0
2020-01-22,0.24,0.43,1581.0,1495.0,3.49,2917.3,221000.0,99.8,4145912.0,15.604,15416.3,12745.0
2020-01-23,0.23,0.43,1581.0,1495.0,3.58,2917.3,221000.0,99.8,4145912.0,12.904,15416.3,12745.0
2020-01-24,0.21,0.43,1581.0,1495.0,3.68,2917.3,221000.0,99.8,4145912.0,0.0,15416.3,12745.0
2020-01-25,0.21,0.43,1581.0,1495.0,3.68,2917.3,210000.0,99.8,4145912.0,0.0,15416.3,12745.0
2020-01-27,0.17,0.43,1581.0,1495.0,4.03,2917.3,210000.0,99.8,4145912.0,0.002,15416.3,12745.0
2020-01-28,0.2,0.43,1581.0,1495.0,3.86,2917.3,210000.0,99.8,4145912.0,0.002,15416.3,12745.0
2020-01-29,0.18,0.43,1581.0,1495.0,3.83,2917.3,210000.0,99.8,4151630.0,0.3,15416.3,12745.0
2020-01-30,0.16,0.43,1581.0,1495.0,3.95,2917.3,210000.0,99.8,4151630.0,4.14,15416.3,12745.0
2020-01-31,0.18,0.43,1581.0,1495.0,4.03,2917.3,210000.0,99.8,4151630.0,4.5,15416.3,12745.0
2020-02-01,0.18,0.461,1549.0,1455.0,4.03,2888.1,207000.0,101.0,4151630.0,4.5,15466.6,12743.0
2020-02-03,0.18,0.461,1549.0,1455.0,3.97,2888.1,207000.0,101.0,4151630.0,6.16,15466.6,12743.0
2020-02-04,0.2,0.461,1549.0,1455.0,3.85,2888.1,207000.0,101.0,4151630.0,2.112,15466.6,12743.0
2020-02-05,0.22,0.461,1549.0,1455.0,3.75,2888.1,207000.0,101.0,4166707.0,4.112,15466.6,12743.0
2020-02-06,0.21,0.461,1549.0,1455.0,3.7,2888.1,207000.0,101.0,4166707.0,0.403,15466.6,12743.0
2020-02-07,0.18,0.461,1549.0,1455.0,3.75,2888.1,207000.0,101.0,4166707.0,1.1,15466.6,12743.0
2020-02-08,0.18,0.461,1549.0,1455.0,3.75,2888.1,202000.0,101.0,4166707.0,1.1,15466.6,12743.0
2020-02-10,0.19,0.461,1549.0,1455.0,3.75,2888.1,202000.0,101.0,4166707.0,0.83,15466.6,12743.0
2020-02-11,0.18,0.461,1549.0,1455.0,3.65,2888.1,202000.0,101.0,4166707.0,0.228,15466.6,12743.0
2020-02-12,0.18,0.461,1549.0,1455.0,3.59,2888.1,202000.0,101.0,4182689.0,0.309,15466.6,12743.0
2020-02-13,0.17,0.461,1549.0,1455.0,3.57,2888.1,202000.0,101.0,4182689.0,0.45,15466.6,12743.0
2020-02-14,0.17,0.461,1549.0,1455.0,3.56,2888.1,202000.0,101.0,4182689.0,0.0,15466.6,12743.0
2020-02-15,0.17,0.461,1549.0,1455.0,3.56,2888.1,209000.0,101.0,4182689.0,0.0,15466.6,12743.0
2020-02-17,0.17,0.461,1549.0,1455.0,3.56,2888.1,209000.0,101.0,4182689.0,0.0,15466.6,12743.0
2020-02-18,0.14,0.461,1549.0,1455.0,3.61,2888.1,209000.0,101.0,4182689.0,9.454,15466.6,12743.0
2020-02-19,0.14,0.461,1549.0,1455.0,3.57,2888.1,209000.0,101.0,4171570.0,0.095,15466.6,12743.0
2020-02-20,0.13,0.461,1549.0,1455.0,3.62,2888.1,209000.0,101.0,4171570.0,3.6,15466.6,12743.0
2020-02-21,0.12,0.461,1549.0,1455.0,3.66,2888.1,209000.0,101.0,4171570.0,4.532,15466.6,12743.0
2020-02-22,0.12,0.461,1549.0,1455.0,3.66,2888.1,218000.0,101.0,4171570.0,4.532,15466.6,12743.0
2020-02-24,0.12,0.461,1549.0,1455.0,4.03,2888.1,218000.0,101.0,4171570.0,0.592,15466.6,12743.0
2020-02-25,0.13,0.461,1549.0,1455.0,4.18,2888.1,218000.0,101.0,4171570.0,0.111,15466.6,12743.0
2020-02-26,0.17,0.461,1549.0,1455.0,4.27,2888.1,218000.0,101.0,4158637.0,2.3,15466.6,12743.0
2020-02-27,0.19,0.461,1549.0,1455.0,4.62,2888.1,218000.0,101.0,4158637.0,0.275,15466.6,12743.0
2020-02-28,0.27,0.461,1549.0,1455.0,5.04,2888.1,218000.0,101.0,4158637.0,2.187,15466.6,12743.0
2020-02-29,0.27,0.461,1549.0,1455.0,5.06,2888.1,215000.0,101.0,4158637.0,2.187,15466.6,12743.0
2020-03-01,0.27,0.38,1266.0,1346.0,5.06,2867.9,215000.0,89.1,4158637.0,2.187,15993.4,12684.0
2020-03-02,0.26,0.38,1266.0,1346.0,4.97,2867.9,215000.0,89.1,4158637.0,2.525,15993.4,12684.0
2020-03-03,0.31,0.38,1266.0,1346.0,4.84,2867.9,215000.0,89.1,4158637.0,0.627,15993.4,12684.0
2020-03-04,0.35,0.38,1266.0,1346.0,4.75,2867.9,215000.0,89.1,4241507.0,5.025,15993.4,12684.0
2020-03-05,0.33,0.38,1266.0,1346.0,5.05,2867.9,215000.0,89.1,4241507.0,0.85,15993.4,12684.0
2020-03-06,0.25,0.38,1266.0,1346.0,5.64,2867.9,215000.0,89.1,4241507.0,2.93,15993.4,12684.0
2020-03-07,0.25,0.38,1266.0,1346.0,5.64,2867.9,208000.0,89.1,4241507.0,2.93,15993.4,12684.0
2020-03-09,0.16,0.38,1266.0,1346.0,6.68,2867.9,208000.0,89.1,4241507.0,2.504,15993.4,12684.0
2020-03-10,0.26,0.38,1266.0,1346.0,6.38,2867.9,208000.0,89.1,4241507.0,0.151,15993.4,12684.0
2020-03-11,0.32,0.38,1266.0,1346.0,6.61,2867.9,208000.0,89.1,4311911.0,1.325,15993.4,12684.0
2020-03-12,0.38,0.38,1266.0,1346.0,7.42,2867.9,208000.0,89.1,4311911.0,21.05,15993.4,12684.0
2020-03-13,0.45,0.38,1266.0,1346.0,7.31,2867.9,208000.0,89.1,4311911.0,15.1,15993.4,12684.0
2020-03-14,0.45,0.38,1266.0,1346.0,7.31,2867.9,273000.0,89.1,4311911.0,15.1,15993.4,12684.0
2020-03-16,0.37,0.38,1266.0,1346.0,8.38,2867.9,273000.0,89.1,4311911.0,1.425,15993.4,12684.0
2020-03-17,0.55,0.38,1266.0,1346.0,8.41,2867.9,273000.0,89.1,4311911.0,5.7,15993.4,12684.0
2020-03-18,0.64,0.38,1266.0,1346.0,9.04,2867.9,273000.0,89.1,4668212.0,0.477,15993.4,12684.0
2020-03-19,0.68,0.38,1266.0,1346.0,9.82,2867.9,273000.0,89.1,4668212.0,1.195,15993.4,12684.0
2020-03-20,0.55,0.38,1266.0,1346.0,10.09,2867.9,273000.0,89.1,4668212.0,12.203,15993.4,12684.0
2020-03-21,0.55,0.38,1266.0,1346.0,10.09,2867.9,2914000.0,89.1,4668212.0,12.203,15993.4,12684.0
2020-03-23,0.48,0.38,1266.0,1346.0,10.87,2867.9,2914000.0,89.1,4668212.0,26.944,15993.4,12684.0
2020-03-24,0.46,0.38,1266.0,1346.0,10.55,2867.9,2914000.0,89.1,4668212.0,41.516,15993.4,12684.0
2020-03-25,0.54,0.38,1266.0,1346.0,10.11,2867.9,2914000.0,89.1,5254278.0,97.411,15993.4,12684.0
2020-03-26,0.53,0.38,1266.0,1346.0,9.29,2867.9,2914000.0,89.1,5254278.0,138.48,15993.4,12684.0
2020-03-27,0.47,0.38,1266.0,1346.0,8.99,2867.9,2914000.0,89.1,5254278.0,210.794,15993.4,12684.0
2020-03-28,0.47,0.38,1266.0,1346.0,8.99,2867.9,5946000.0,89.1,5254278.0,210.794,15993.4,12684.0
2020-03-30,0.47,0.38,1266.0,1346.0,8.82,2867.9,5946000.0,89.1,5254278.0,237.497,15993.4,12684.0
2020-03-31,0.47,0.38,1266.0,1346.0,8.77,2867.9,5946000.0,89.1,5254278.0,284.908,15993.4,12684.0
2020-04-01,0.39,0.347,936.0,1076.0,9.11,1950.4,5946000.0,71.8,5811607.0,207.828,17005.4,11382.0
2020-04-02,0.4,0.347,936.0,1076.0,9.17,1950.4,5946000.0,71.8,5811607.0,182.627,17005.4,11382.0
2020-04-03,0.39,0.347,936.0,1076.0,9.43,1950.4,5946000.0,71.8,5811607.0,148.117,17005.4,11382.0
2020-04-04,0.39,0.347,936.0,1076.0,9.43,1950.4,6137000.0,71.8,5811607.0,148.117,17005.4,11382.0
2020-04-06,0.4,0.347,936.0,1076.0,9.26,1950.4,6137000.0,71.8,5811607.0,144.294,17005.4,11382.0
2020-04-07,0.47,0.347,936.0,1076.0,8.88,1950.4,6137000.0,71.8,5811607.0,88.36,17005.4,11382.0
2020-04-08,0.5,0.347,936.0,1076.0,8.81,1950.4,6137000.0,71.8,6083141.0,53.483,17005.4,11382.0
2020-04-09,0.5,0.347,936.0,1076.0,7.96,1950.4,6137000.0,71.8,6083141.0,5.525,17005.4,11382.0
2020-04-10,0.5,0.347,936.0,1076.0,7.96,1950.4,6137000.0,71.8,6083141.0,5.525,17005.4,11382.0
2020-04-11,0.5,0.347,936.0,1076.0,7.96,1950.4,4869000.0,71.8,6083141.0,5.525,17005.4,11382.0
2020-04-13,0.51,0.347,936.0,1076.0,7.7,1950.4,4869000.0,71.8,6083141.0,6.1,17005.4,11382.0
2020-04-14,0.53,0.347,936.0,1076.0,7.35,1950.4,4869000.0,71.8,6083141.0,9.9,17005.4,11382.0
2020-04-15,0.43,0.347,936.0,1076.0,7.64,1950.4,4869000.0,71.8,6367887.0,3.15,17005.4,11382.0
2020-04-16,0.41,0.347,936.0,1076.0,7.58,1950.4,4869000.0,71.8,6367887.0,1.525,17005.4,11382.0
2020-04-17,0.45,0.347,936.0,1076.0,7.31,1950.4,4869000.0,71.8,6367887.0,1.726,17005.4,11382.0
2020-04-18,0.45,0.347,936.0,1076.0,7.31,1950.4,4201000.0,71.8,6367887.0,1.726,17005.4,11382.0
2020-04-20,0.43,0.347,936.0,1076.0,7.52,1950.4,4201000.0,71.8,6367887.0,31.0,17005.4,11382.0
2020-04-21,0.38,0.347,936.0,1076.0,7.9,1950.4,4201000.0,71.8,6367887.0,12.528,17005.4,11382.0
2020-04-22,0.41,0.347,936.0,1076.0,7.85,1950.4,4201000.0,71.8,6573136.0,10.825,17005.4,11382.0
2020-04-23,0.39,0.347,936.0,1076.0,7.87,1950.4,4201000.0,71.8,6573136.0,1.45,17005.4,11382.0
2020-04-24,0.38,0.347,936.0,1076.0,8.03,1950.4,4201000.0,71.8,6573136.0,1.5,17005.4,11382.0
2020-04-25,0.38,0.347,936.0,1076.0,8.03,1950.4,3446000.0,71.8,6573136.0,1.5,17005.4,11382.0
2020-04-27,0.43,0.347,936.0,1076.0,8.01,1950.4,3446000.0,71.8,6573136.0,16.476,17005.4,11382.0
2020-04-28,0.42,0.347,936.0,1076.0,8.02,1950.4,3446000.0,71.8,6573136.0,7.131,17005.4,11382.0
2020-04-29,0.43,0.347,936.0,1076.0,7.87,1950.4,3446000.0,71.8,6655929.0,1.45,17005.4,11382.0
2020-04-30,0.44,0.347,936.0,1076.0,7.63,1950.4,3446000.0,71.8,6655929.0,1.775,17005.4,11382.0
2020-05-01,0.44,0.299,1039.0,1250.0,7.7,2030.4,3446000.0,72.3,6655929.0,0.251,17852.9,11610.0
2020-05-02,0.44,0.299,1039.0,1250.0,7.7,2030.4,2796000.0,72.3,6655929.0,0.251,17852.9,11610.0
2020-05-04,0.45,0.299,1039.0,1250.0,7.79,2030.4,2796000.0,72.3,6655929.0,4.85,17852.9,11610.0
2020-05-05,0.47,0.299,1039.0,1250.0,7.6,2030.4,2796000.0,72.3,6655929.0,1.925,17852.9,11610.0
2020-05-06,0.55,0.299,1039.0,1250.0,7.6,2030.4,2796000.0,72.3,6721420.0,1.175,17852.9,11610.0
2020-05-07,0.5,0.299,1039.0,1250.0,7.6,2030.4,2796000.0,72.3,6721420.0,0.982,17852.9,11610.0
2020-05-08,0.53,0.299,1039.0,1250.0,7.52,2030.4,2796000.0,72.3,6721420.0,0.68,17852.9,11610.0
2020-05-09,0.53,0.299,1039.0,1250.0,7.52,2030.4,2335000.0,72.3,6721420.0,0.68,17852.9,11610.0
2020-05-11,0.56,0.299,1039.0,1250.0,7.51,2030.4,2335000.0,72.3,6721420.0,0.123,17852.9,11610.0
2020-05-12,0.52,0.299,1039.0,1250.0,7.42,2030.4,2335000.0,72.3,6721420.0,0.825,17852.9,11610.0
2020-05-13,0.48,0.299,1039.0,1250.0,7.61,2030.4,2335000.0,72.3,6934227.0,13.825,17852.9,11610.0
2020-05-14,0.47,0.299,1039.0,1250.0,7.77,2030.4,2335000.0,72.3,6934227.0,0.133,17852.9,11610.0
2020-05-15,0.48,0.299,1039.0,1250.0,7.78,2030.4,2335000.0,72.3,6934227.0,1.15,17852.9,11610.0
2020-05-16,0.48,0.299,1039.0,1250.0,7.78,2030.4,2176000.0,72.3,6934227.0,1.15,17852.9,11610.0
2020-05-18,0.55,0.299,1039.0,1250.0,7.41,2030.4,2176000.0,72.3,6934227.0,0.578,17852.9,11610.0
2020-05-19,0.53,0.299,1039.0,1250.0,7.35,2030.4,2176000.0,72.3,6934227.0,0.09,17852.9,11610.0
2020-05-20,0.52,0.299,1039.0,1250.0,7.16,2030.4,2176000.0,72.3,7037258.0,9.726,17852.9,11610.0
2020-05-21,0.51,0.299,1039.0,1250.0,7.08,2030.4,2176000.0,72.3,7037258.0,0.003,17852.9,11610.0
2020-05-22,0.49,0.299,1039.0,1250.0,7.06,2030.4,2176000.0,72.3,7037258.0,0.001,17852.9,11610.0
2020-05-23,0.49,0.299,1039.0,1250.0,7.06,2030.4,1921000.0,72.3,7037258.0,0.001,17852.9,11610.0
2020-05-25,0.49,0.299,1039.0,1250.0,7.06,2030.4,1921000.0,72.3,7037258.0,0.001,17852.9,11610.0
2020-05-26,0.51,0.299,1039.0,1250.0,6.75,2030.4,1921000.0,72.3,7037258.0,0.001,17852.9,11610.0
2020-05-27,0.49,0.299,1039.0,1250.0,6.7,2030.4,1921000.0,72.3,7097316.0,4.326,17852.9,11610.0
2020-05-28,0.53,0.299,1039.0,1250.0,6.6,2030.4,1921000.0,72.3,7097316.0,0.0,17852.9,11610.0
2020-05-29,0.49,0.299,1039.0,1250.0,6.71,2030.4,1921000.0,72.3,7097316.0,1.325,17852.9,11610.0
2020-05-30,0.49,0.299,1039.0,1250.0,6.71,2030.4,1639000.0,72.3,7097316.0,1.325,17852.9,11610.0
2020-05-31,0.49,0.299,1039.0,1250.0,6.54,2030.4,1639000.0,72.3,7097316.0,1.325,17852.9,11610.0
2020-06-01,0.52,0.35,1266.0,1334.0,6.43,2224.1,1639000.0,78.1,7097316.0,0.0,18140.6,11950.0
2020-06-02,0.51,0.35,1266.0,1334.0,6.18,2224.1,1639000.0,78.1,7097316.0,2.013,18140.6,11950.0
2020-06-03,0.58,0.35,1266.0,1334.0,5.8,2224.1,1639000.0,78.1,7165217.0,0.013,18140.6,11950.0
2020-06-04,0.63,0.35,1266.0,1334.0,5.83,2224.1,1639000.0,78.1,7165217.0,0.0,18140.6,11950.0
2020-06-05,0.69,0.35,1266.0,1334.0,5.5,2224.1,1639000.0,78.1,7165217.0,0.0,18140.6,11950.0
2020-06-06,0.69,0.35,1266.0,1334.0,5.5,2224.1,1575000.0,78.1,7165217.0,0.0,18140.6,11950.0
2020-06-08,0.66,0.35,1266.0,1334.0,5.51,2224.1,1575000.0,78.1,7165217.0,0.0,18140.6,11950.0
2020-06-09,0.64,0.35,1266.0,1334.0,5.75,2224.1,1575000.0,78.1,7165217.0,1.252,18140.6,11950.0
2020-06-10,0.58,0.35,1266.0,1334.0,5.92,2224.1,1575000.0,78.1,7168936.0,0.012,18140.6,11950.0
2020-06-11,0.47,0.35,1266.0,1334.0,6.4,2224.1,1575000.0,78.1,7168936.0,0.375,18140.6,11950.0
2020-06-12,0.52,0.35,1266.0,1334.0,6.28,2224.1,1575000.0,78.1,7168936.0,0.0,18140.6,11950.0
2020-06-13,0.52,0.35,1266.0,1334.0,6.28,2224.1,1473000.0,78.1,7168936.0,0.0,18140.6,11950.0
2020-06-15,0.52,0.35,1266.0,1334.0,6.25,2224.1,1473000.0,78.1,7168936.0,0.003,18140.6,11950.0
2020-06-16,0.54,0.35,1266.0,1334.0,5.78,2224.1,1473000.0,78.1,7168936.0,4.0,18140.6,11950.0
2020-06-17,0.55,0.35,1266.0,1334.0,5.85,2224.1,1473000.0,78.1,7094690.0,0.001,18140.6,11950.0
2020-06-18,0.52,0.35,1266.0,1334.0,6.01,2224.1,1473000.0,78.1,7094690.0,0.001,18140.6,11950.0
2020-06-19,0.51,0.35,1266.0,1334.0,6.02,2224.1,1473000.0,78.1,7094690.0,0.001,18140.6,11950.0
2020-06-20,0.51,0.35,1266.0,1334.0,6.02,2224.1,1467000.0,78.1,7094690.0,0.001,18140.6,11950.0
2020-06-22,0.52,0.35,1266.0,1334.0,6.03,2224.1,1467000.0,78.1,7094690.0,0.01,18140.6,11950.0
2020-06-23,0.54,0.35,1266.0,1334.0,6.02,2224.1,1467000.0,78.1,7094690.0,0.011,18140.6,11950.0
2020-06-24,0.5,0.35,1266.0,1334.0,6.23,2224.1,1467000.0,78.1,7082302.0,0.001,18140.6,11950.0
2020-06-25,0.51,0.35,1266.0,1334.0,6.3,2224.1,1467000.0,78.1,7082302.0,0.001,18140.6,11950.0
2020-06-26,0.47,0.35,1266.0,1334.0,6.41,2224.1,1467000.0,78.1,7082302.0,0.2,18140.6,11950.0
2020-06-27,0.47,0.35,1266.0,1334.0,6.41,2224.1,1446000.0,78.1,7082302.0,0.2,18140.6,11950.0
2020-06-29,0.48,0.35,1266.0,1334.0,6.52,2224.1,1446000.0,78.1,7082302.0,0.25,18140.6,11950.0
2020-06-30,0.5,0.35,1266.0,1334.0,6.44,2224.1,1446000.0,78.1,7082302.0,0.95,18140.6,11950.0
2020-07-01,0.52,0.38,1526.0,1546.0,6.33,2361.0,1446000.0,72.5,7009040.0,0.002,18297.7,11973.0
2020-07-02,0.52,0.38,1526.0,1546.0,6.17,2361.0,1446000.0,72.5,7009040.0,0.0,18297.7,11973.0
2020-07-03,0.52,0.38,1526.0,1546.0,6.17,2361.0,1446000.0,72.5,7009040.0,0.0,18297.7,11973.0
2020-07-04,0.52,0.38,1526.0,1546.0,6.17,2361.0,1413000.0,72.5,7009040.0,0.0,18297.7,11973.0
2020-07-06,0.53,0.38,1526.0,1546.0,6.03,2361.0,1413000.0,72.5,7009040.0,0.0,18297.7,11973.0
2020-07-07,0.49,0.38,1526.0,1546.0,6.04,2361.0,1413000.0,72.5,7009040.0,0.003,18297.7,11973.0
2020-07-08,0.51,0.38,1526.0,1546.0,6.06,2361.0,1413000.0,72.5,6920716.0,0.001,18297.7,11973.0
2020-07-09,0.46,0.38,1526.0,1546.0,6.14,2361.0,1413000.0,72.5,6920716.0,0.0,18297.7,11973.0
2020-07-10,0.49,0.38,1526.0,1546.0,6.14,2361.0,1413000.0,72.5,6920716.0,0.0,18297.7,11973.0
2020-07-11,0.49,0.38,1526.0,1546.0,6.14,2361.0,1468000.0,72.5,6920716.0,0.0,18297.7,11973.0
2020-07-13,0.48,0.38,1526.0,1546.0,6.01,2361.0,1468000.0,72.5,6920716.0,0.001,18297.7,11973.0
2020-07-14,0.49,0.38,1526.0,1546.0,6.03,2361.0,1468000.0,72.5,6920716.0,0.001,18297.7,11973.0
2020-07-15,0.48,0.38,1526.0,1546.0,5.81,2361.0,1468000.0,72.5,6958604.0,0.001,18297.7,11973.0
2020-07-16,0.46,0.38,1526.0,1546.0,5.76,2361.0,1468000.0,72.5,6958604.0,0.001,18297.7,11973.0
2020-07-17,0.5,0.38,1526.0,1546.0,5.74,2361.0,1468000.0,72.5,6958604.0,0.0,18297.7,11973.0
2020-07-18,0.5,0.38,1526.0,1546.0,5.74,2361.0,1393000.0,72.5,6958604.0,0.0,18297.7,11973.0
2020-07-20,0.46,0.38,1526.0,1546.0,5.54,2361.0,1393000.0,72.5,6958604.0,0.003,18297.7,11973.0
2020-07-21,0.47,0.38,1526.0,1546.0,5.33,2361.0,1393000.0,72.5,6958604.0,0.0,18297.7,11973.0
2020-07-22,0.46,0.38,1526.0,1546.0,5.28,2361.0,1393000.0,72.5,6964755.0,0.0,18297.7,11973.0
2020-07-23,0.43,0.38,1526.0,1546.0,5.26,2361.0,1393000.0,72.5,6964755.0,0.0,18297.7,11973.0
2020-07-24,0.45,0.38,1526.0,1546.0,5.29,2361.0,1393000.0,72.5,6964755.0,0.0,18297.7,11973.0
2020-07-25,0.45,0.38,1526.0,1546.0,5.29,2361.0,1260000.0,72.5,6964755.0,0.0,18297.7,11973.0
2020-07-27,0.47,0.38,1526.0,1546.0,5.24,2361.0,1260000.0,72.5,6964755.0,0.0,18297.7,11973.0
2020-07-28,0.45,0.38,1526.0,1546.0,5.27,2361.0,1260000.0,72.5,6964755.0,0.0,18297.7,11973.0
2020-07-29,0.46,0.38,1526.0,1546.0,5.15,2361.0,1260000.0,72.5,6949032.0,0.001,18297.7,11973.0
2020-07-30,0.44,0.38,1526.0,1546.0,5.14,2361.0,1260000.0,72.5,6949032.0,0.307,18297.7,11973.0
2020-07-31,0.44,0.38,1526.0,1546.0,5.16,2361.0,1260000.0,72.5,6949032.0,0.15,18297.7,11973.0
2020-08-01,0.44,0.435,1396.0,1533.0,5.16,2478.1,1044000.0,74.1,6949032.0,0.15,18364.1,11999.0
2020-08-03,0.45,0.435,1396.0,1533.0,5.08,2478.1,1044000.0,74.1,6949032.0,0.0,18364.1,11999.0
2020-08-04,0.41,0.435,1396.0,1533.0,5.13,2478.1,1044000.0,74.1,6949032.0,0.005,18364.1,11999.0
2020-08-05,0.44,0.435,1396.0,1533.0,5.04,2478.1,1044000.0,74.1,6945237.0,0.0,18364.1,11999.0
2020-08-06,0.44,0.435,1396.0,1533.0,5.06,2478.1,1044000.0,74.1,6945237.0,0.0,18364.1,11999.0
2020-08-07,0.44,0.435,1396.0,1533.0,5.06,2478.1,1044000.0,74.1,6945237.0,0.0,18364.1,11999.0
2020-08-08,0.44,0.435,1396.0,1533.0,5.06,2478.1,884000.0,74.1,6945237.0,0.0,18364.1,11999.0
2020-08-10,0.45,0.435,1396.0,1533.0,5.09,2478.1,884000.0,74.1,6945237.0,0.008,18364.1,11999.0
2020-08-11,0.48,0.435,1396.0,1533.0,5.03,2478.1,884000.0,74.1,6945237.0,0.0,18364.1,11999.0
2020-08-12,0.53,0.435,1396.0,1533.0,5.1,2478.1,884000.0,74.1,6957277.0,0.103,18364.1,11999.0
2020-08-13,0.55,0.435,1396.0,1533.0,5.16,2478.1,884000.0,74.1,6957277.0,0.126,18364.1,11999.0
2020-08-14,0.57,0.435,1396.0,1533.0,5.26,2478.1,884000.0,74.1,6957277.0,0.001,18364.1,11999.0
2020-08-15,0.57,0.435,1396.0,1533.0,5.26,2478.1,927000.0,74.1,6957277.0,0.001,18364.1,11999.0
2020-08-17,0.55,0.435,1396.0,1533.0,5.29,2478.1,927000.0,74.1,6957277.0,0.054,18364.1,11999.0
2020-08-18,0.53,0.435,1396.0,1533.0,5.26,2478.1,927000.0,74.1,6957277.0,0.002,18364.1,11999.0
2020-08-19,0.54,0.435,1396.0,1533.0,5.25,2478.1,927000.0,74.1,7010637.0,0.112,18364.1,11999.0
2020-08-20,0.52,0.435,1396.0,1533.0,5.28,2478.1,927000.0,74.1,7010637.0,0.15,18364.1,11999.0
2020-08-21,0.48,0.435,1396.0,1533.0,5.25,2478.1,927000.0,74.1,7010637.0,0.0,18364.1,11999.0
2020-08-22,0.48,0.435,1396.0,1533.0,5.25,2478.1,876000.0,74.1,7010637.0,0.0,18364.1,11999.0
2020-08-24,0.51,0.435,1396.0,1533.0,5.17,2478.1,876000.0,74.1,7010637.0,0.0,18364.1,11999.0
2020-08-25,0.54,0.435,1396.0,1533.0,5.07,2478.1,876000.0,74.1,7010637.0,0.012,18364.1,11999.0
2020-08-26,0.53,0.435,1396.0,1533.0,5.02,2478.1,876000.0,74.1,6990418.0,0.009,18364.1,11999.0
2020-08-27,0.58,0.435,1396.0,1533.0,4.98,2478.1,876000.0,74.1,6990418.0,0.002,18364.1,11999.0
2020-08-28,0.6,0.435,1396.0,1533.0,5.0,2478.1,876000.0,74.1,6990418.0,0.0,18364.1,11999.0
2020-08-29,0.6,0.435,1396.0,1533.0,5.0,2478.1,881000.0,74.1,6990418.0,0.0,18364.1,11999.0
2020-08-31,0.58,0.435,1396.0,1533.0,5.02,2478.1,881000.0,74.1,6990418.0,0.011,18364.1,11999.0
2020-09-01,0.55,0.439,1473.0,1636.0,4.97,2498.7,881000.0,80.4,6990418.0,0.008,18596.4,12057.0
2020-09-02,0.52,0.439,1473.0,1636.0,4.93,2498.7,881000.0,80.4,7017492.0,0.014,18596.4,12057.0
2020-09-03,0.5,0.439,1473.0,1636.0,5.04,2498.7,881000.0,80.4,7017492.0,0.0,18596.4,12057.0
2020-09-04,0.58,0.439,1473.0,1636.0,5.13,2498.7,881000.0,80.4,7017492.0,0.0,18596.4,12057.0
2020-09-05,0.58,0.439,1473.0,1636.0,5.13,2498.7,892000.0,80.4,7017492.0,0.0,18596.4,12057.0
2020-09-07,0.58,0.439,1473.0,1636.0,5.13,2498.7,892000.0,80.4,7017492.0,0.0,18596.4,12057.0
2020-09-08,0.55,0.439,1473.0,1636.0,5.25,2498.7,892000.0,80.4,7017492.0,0.0,18596.4,12057.0
2020-09-09,0.57,0.439,1473.0,1636.0,5.16,2498.7,892000.0,80.4,7010614.0,0.001,18596.4,12057.0
2020-09-10,0.54,0.439,1473.0,1636.0,5.16,2498.7,892000.0,80.4,7010614.0,0.01,18596.4,12057.0
2020-09-11,0.54,0.439,1473.0,1636.0,5.21,2498.7,892000.0,80.4,7010614.0,0.0,18596.4,12057.0
2020-09-12,0.54,0.439,1473.0,1636.0,5.21,2498.7,861000.0,80.4,7010614.0,0.0,18596.4,12057.0
2020-09-14,0.54,0.439,1473.0,1636.0,5.18,2498.7,861000.0,80.4,7010614.0,0.001,18596.4,12057.0
2020-09-15,0.54,0.439,1473.0,1636.0,5.14,2498.7,861000.0,80.4,7010614.0,0.002,18596.4,12057.0
2020-09-16,0.55,0.439,1473.0,1636.0,5.07,2498.7,861000.0,80.4,7064475.0,0.055,18596.4,12057.0
2020-09-17,0.56,0.439,1473.0,1636.0,5.14,2498.7,861000.0,80.4,7064475.0,0.001,18596.4,12057.0
2020-09-18,0.56,0.439,1473.0,1636.0,5.16,2498.7,861000.0,80.4,7064475.0,0.0,18596.4,12057.0
2020-09-19,0.56,0.439,1473.0,1636.0,5.16,2498.7,859000.0,80.4,7064475.0,0.0,18596.4,12057.0
2020-09-21,0.54,0.439,1473.0,1636.0,5.42,2498.7,859000.0,80.4,7064475.0,0.054,18596.4,12057.0
2020-09-22,0.55,0.439,1473.0,1636.0,5.45,2498.7,859000.0,80.4,7064475.0,0.0,18596.4,12057.0
2020-09-23,0.54,0.439,1473.0,1636.0,5.47,2498.7,859000.0,80.4,7093161.0,0.001,18596.4,12057.0
2020-09-24,0.53,0.439,1473.0,1636.0,5.64,2498.7,859000.0,80.4,7093161.0,0.004,18596.4,12057.0
2020-09-25,0.54,0.439,1473.0,1636.0,5.64,2498.7,859000.0,80.4,7093161.0,0.0,18596.4,12057.0
2020-09-26,0.54,0.439,1473.0,1636.0,5.64,2498.7,795000.0,80.4,7093161.0,0.0,18596.4,12057.0
2020-09-28,0.53,0.439,1473.0,1636.0,5.52,2498.7,795000.0,80.4,7093161.0,0.0,18596.4,12057.0
2020-09-29,0.55,0.439,1473.0,1636.0,5.5,2498.7,795000.0,80.4,7093161.0,1.301,18596.4,12057.0
2020-09-30,0.56,0.439,1473.0,1636.0,5.41,2498.7,795000.0,80.4,7056129.0,0.85,18596.4,12057.0
2020-10-01,0.54,0.452,1543.0,1613.0,5.36,2595.2,795000.0,81.8,7056129.0,0.001,18751.1,12086.0
2020-10-02,0.57,0.452,1543.0,1613.0,5.38,2595.2,795000.0,81.8,7056129.0,0.0,18751.1,12086.0
2020-10-03,0.57,0.452,1543.0,1613.0,5.38,2595.2,785000.0,81.8,7056129.0,0.0,18751.1,12086.0
2020-10-05,0.64,0.452,1543.0,1613.0,5.18,2595.2,785000.0,81.8,7056129.0,0.0,18751.1,12086.0
2020-10-06,0.62,0.452,1543.0,1613.0,5.06,2595.2,785000.0,81.8,7056129.0,0.0,18751.1,12086.0
2020-10-07,0.65,0.452,1543.0,1613.0,5.02,2595.2,785000.0,81.8,7074649.0,0.011,18751.1,12086.0
2020-10-08,0.65,0.452,1543.0,1613.0,4.97,2595.2,785000.0,81.8,7074649.0,0.212,18751.1,12086.0
2020-10-09,0.63,0.452,1543.0,1613.0,4.92,2595.2,785000.0,81.8,7074649.0,0.0,18751.1,12086.0
2020-10-10,0.63,0.452,1543.0,1613.0,4.92,2595.2,839000.0,81.8,7074649.0,0.0,18751.1,12086.0
2020-10-12,0.63,0.452,1543.0,1613.0,4.92,2595.2,839000.0,81.8,7074649.0,0.0,18751.1,12086.0
2020-10-13,0.58,0.452,1543.0,1613.0,4.88,2595.2,839000.0,81.8,7074649.0,0.0,18751.1,12086.0
2020-10-14,0.59,0.452,1543.0,1613.0,4.89,2595.2,839000.0,81.8,7151426.0,0.0,18751.1,12086.0
2020-10-15,0.6,0.452,1543.0,1613.0,5.01,2595.2,839000.0,81.8,7151426.0,0.001,18751.1,12086.0
2020-10-16,0.62,0.452,1543.0,1613.0,4.94,2595.2,839000.0,81.8,7151426.0,0.002,18751.1,12086.0
2020-10-17,0.62,0.452,1543.0,1613.0,4.94,2595.2,804000.0,81.8,7151426.0,0.002,18751.1,12086.0
2020-10-19,0.62,0.452,1543.0,1613.0,4.91,2595.2,804000.0,81.8,7151426.0,0.004,18751.1,12086.0
2020-10-20,0.67,0.452,1543.0,1613.0,4.9,2595.2,804000.0,81.8,7151426.0,0.007,18751.1,12086.0
2020-10-21,0.69,0.452,1543.0,1613.0,4.91,2595.2,804000.0,81.8,7177265.0,0.0,18751.1,12086.0
2020-10-22,0.71,0.452,1543.0,1613.0,4.88,2595.2,804000.0,81.8,7177265.0,0.001,18751.1,12086.0
2020-10-23,0.67,0.452,1543.0,1613.0,4.87,2595.2,804000.0,81.8,7177265.0,0.0,18751.1,12086.0
2020-10-24,0.67,0.452,1543.0,1613.0,4.87,2595.2,776000.0,81.8,7177265.0,0.0,18751.1,12086.0
2020-10-26,0.65,0.452,1543.0,1613.0,5.03,2595.2,776000.0,81.8,7177265.0,0.001,18751.1,12086.0
2020-10-27,0.63,0.452,1543.0,1613.0,5.06,2595.2,776000.0,81.8,7177265.0,0.0,18751.1,12086.0
2020-10-28,0.63,0.452,1543.0,1613.0,5.29,2595.2,776000.0,81.8,7146306.0,0.005,18751.1,12086.0
2020-10-29,0.69,0.452,1543.0,1613.0,5.25,2595.2,776000.0,81.8,7146306.0,0.014,18751.1,12086.0
2020-10-30,0.74,0.452,1543.0,1613.0,5.25,2595.2,776000.0,81.8,7146306.0,0.001,18751.1,12086.0
2020-10-31,0.74,0.452,1543.0,1613.0,5.32,2595.2,773000.0,81.8,7146306.0,0.001,18751.1,12086.0
2020-11-01,0.74,0.468,1543.0,1703.0,5.32,2675.6,773000.0,76.9,7146306.0,0.001,18978.9,12118.0
2020-11-02,0.71,0.468,1543.0,1703.0,5.25,2675.6,773000.0,76.9,7146306.0,0.0,18978.9,12118.0
2020-11-03,0.73,0.468,1543.0,1703.0,5.07,2675.6,773000.0,76.9,7146306.0,0.0,18978.9,12118.0
2020-11-04,0.64,0.468,1543.0,1703.0,4.79,2675.6,773000.0,76.9,7157479.0,0.0,18978.9,12118.0
2020-11-05,0.65,0.468,1543.0,1703.0,4.59,2675.6,773000.0,76.9,7157479.0,0.0,18978.9,12118.0
2020-11-06,0.67,0.468,1543.0,1703.0,4.67,2675.6,773000.0,76.9,7157479.0,0.0,18978.9,12118.0
2020-11-07,0.67,0.468,1543.0,1703.0,4.67,2675.6,737000.0,76.9,7157479.0,0.0,18978.9,12118.0
2020-11-09,0.79,0.468,1543.0,1703.0,4.22,2675.6,737000.0,76.9,7157479.0,0.0,18978.9,12118.0
2020-11-10,0.79,0.468,1543.0,1703.0,4.37,2675.6,737000.0,76.9,7157479.0,0.0,18978.9,12118.0
2020-11-11,0.79,0.468,1543.0,1703.0,4.37,2675.6,737000.0,76.9,7175417.0,0.0,18978.9,12118.0
2020-11-12,0.71,0.468,1543.0,1703.0,4.62,2675.6,737000.0,76.9,7175417.0,0.0,18978.9,12118.0
2020-11-13,0.72,0.468,1543.0,1703.0,4.63,2675.6,737000.0,76.9,7175417.0,0.003,18978.9,12118.0
2020-11-14,0.72,0.468,1543.0,1703.0,4.63,2675.6,738000.0,76.9,7175417.0,0.003,18978.9,12118.0
2020-11-16,0.72,0.468,1543.0,1703.0,4.5,2675.6,738000.0,76.9,7175417.0,0.013,18978.9,12118.0
2020-11-17,0.69,0.468,1543.0,1703.0,4.48,2675.6,738000.0,76.9,7175417.0,0.0,18978.9,12118.0
2020-11-18,0.72,0.468,1543.0,1703.0,4.42,2675.6,738000.0,76.9,7243080.0,0.103,18978.9,12118.0
2020-11-19,0.68,0.468,1543.0,1703.0,4.48,2675.6,738000.0,76.9,7243080.0,2.0,18978.9,12118.0
2020-11-20,0.67,0.468,1543.0,1703.0,4.49,2675.6,738000.0,76.9,7243080.0,0.0,18978.9,12118.0
2020-11-21,0.67,0.468,1543.0,1703.0,4.49,2675.6,793000.0,76.9,7243080.0,0.0,18978.9,12118.0
2020-11-23,0.7,0.468,1543.0,1703.0,4.43,2675.6,793000.0,76.9,7243080.0,0.485,18978.9,12118.0
2020-11-24,0.72,0.468,1543.0,1703.0,4.31,2675.6,793000.0,76.9,7243080.0,0.001,18978.9,12118.0
2020-11-25,0.71,0.468,1543.0,1703.0,4.33,2675.6,793000.0,76.9,7216480.0,0.0,18978.9,12118.0
2020-11-26,0.71,0.468,1543.0,1703.0,4.33,2675.6,793000.0,76.9,7216480.0,0.0,18978.9,12118.0
2020-11-27,0.68,0.468,1543.0,1703.0,4.35,2675.6,793000.0,76.9,7216480.0,0.0,18978.9,12118.0
2020-11-28,0.68,0.468,1543.0,1703.0,4.35,2675.6,737000.0,76.9,7216480.0,0.0,18978.9,12118.0
2020-11-30,0.68,0.468,1543.0,1703.0,4.33,2675.6,737000.0,76.9,7216480.0,0.006,18978.9,12118.0
2020-12-01,0.75,0.448,1614.0,1752.0,4.21,2749.8,737000.0,80.7,7216480.0,0.002,19133.0,12153.0
2020-12-02,0.79,0.448,1614.0,1752.0,4.17,2749.8,737000.0,80.7,7222414.0,0.001,19133.0,12153.0
2020-12-03,0.76,0.448,1614.0,1752.0,4.1,2749.8,737000.0,80.7,7222414.0,0.0,19133.0,12153.0
2020-12-04,0.81,0.448,1614.0,1752.0,4.03,2749.8,737000.0,80.7,7222414.0,0.0,19133.0,12153.0
2020-12-05,0.81,0.448,1614.0,1752.0,4.03,2749.8,873000.0,80.7,7222414.0,0.0,19133.0,12153.0
2020-12-07,0.8,0.448,1614.0,1752.0,4.03,2749.8,873000.0,80.7,7222414.0,0.001,19133.0,12153.0
2020-12-08,0.78,0.448,1614.0,1752.0,4.03,2749.8,873000.0,80.7,7222414.0,0.001,19133.0,12153.0
2020-12-09,0.79,0.448,1614.0,1752.0,4.04,2749.8,873000.0,80.7,7242658.0,0.003,19133.0,12153.0
2020-12-10,0.78,0.448,1614.0,1752.0,4.08,2749.8,873000.0,80.7,7242658.0,0.001,19133.0,12153.0
2020-12-11,0.79,0.448,1614.0,1752.0,4.13,2749.8,873000.0,80.7,7242658.0,0.0,19133.0,12153.0
2020-12-12,0.79,0.448,1614.0,1752.0,4.13,2749.8,886000.0,80.7,7242658.0,0.0,19133.0,12153.0
2020-12-14,0.77,0.448,1614.0,1752.0,4.07,2749.8,886000.0,80.7,7242658.0,0.1,19133.0,12153.0
2020-12-15,0.81,0.448,1614.0,1752.0,4.06,2749.8,886000.0,80.7,7242658.0,0.001,19133.0,12153.0
2020-12-16,0.79,0.448,1614.0,1752.0,4.06,2749.8,886000.0,80.7,7362592.0,0.026,19133.0,12153.0
2020-12-17,0.81,0.448,1614.0,1752.0,4.05,2749.8,886000.0,80.7,7362592.0,0.014,19133.0,12153.0
2020-12-18,0.82,0.448,1614.0,1752.0,4.03,2749.8,886000.0,80.7,7362592.0,0.032,19133.0,12153.0
2020-12-19,0.82,0.448,1614.0,1752.0,4.03,2749.8,815000.0,80.7,7362592.0,0.032,19133.0,12153.0
2020-12-21,0.82,0.448,1614.0,1752.0,4.18,2749.8,815000.0,80.7,7362592.0,0.435,19133.0,12153.0
2020-12-22,0.8,0.448,1614.0,1752.0,4.12,2749.8,815000.0,80.7,7362592.0,0.406,19133.0,12153.0
2020-12-23,0.83,0.448,1614.0,1752.0,4.07,2749.8,815000.0,80.7,7404039.0,0.857,19133.0,12153.0
2020-12-24,0.81,0.448,1614.0,1752.0,4.05,2749.8,815000.0,80.7,7404039.0,0.01,19133.0,12153.0
2020-12-25,0.81,0.448,1614.0,1752.0,4.05,2749.8,815000.0,80.7,7404039.0,0.01,19133.0,12153.0
2020-12-26,0.81,0.448,1614.0,1752.0,4.05,2749.8,773000.0,80.7,7404039.0,0.01,19133.0,12153.0
2020-12-28,0.81,0.448,1614.0,1752.0,3.89,2749.8,773000.0,80.7,7404039.0,0.901,19133.0,12153.0
2020-12-29,0.82,0.448,1614.0,1752.0,3.85,2749.8,773000.0,80.7,7404039.0,0.257,19133.0,12153.0
2020-12-30,0.81,0.448,1614.0,1752.0,3.87,2749.8,773000.0,80.7,7363351.0,0.652,19133.0,12153.0
2020-12-31,0.8,0.448,1614.0,1752.0,3.86,2749.8,773000.0,80.7,7363351.0,9.651,19133.0,12153.0
2021-01-01,0.8,0.507,1630.0,1855.0,3.86,2816.2,773000.0,79.0,7363351.0,9.651,19359.5,12145.0
2021-01-02,0.8,0.507,1630.0,1855.0,3.86,2816.2,803000.0,79.0,7363351.0,9.651,19359.5,12145.0
2021-01-04,0.82,0.507,1630.0,1855.0,3.93,2816.2,803000.0,79.0,7363351.0,0.001,19359.5,12145.0
2021-01-05,0.83,0.507,1630.0,1855.0,3.92,2816.2,803000.0,79.0,7363351.0,0.005,19359.5,12145.0
2021-01-06,0.9,0.507,1630.0,1855.0,3.8,2816.2,803000.0,79.0,7334809.0,0.004,19359.5,12145.0
2021-01-07,0.94,0.507,1630.0,1855.0,3.78,2816.2,803000.0,79.0,7334809.0,0.001,19359.5,12145.0
2021-01-08,0.99,0.507,1630.0,1855.0,3.76,2816.2,803000.0,79.0,7334809.0,0.0,19359.5,12145.0
2021-01-09,0.99,0.507,1630.0,1855.0,3.76,2816.2,890000.0,79.0,7334809.0,0.0,19359.5,12145.0
2021-01-11,1.01,0.507,1630.0,1855.0,3.82,2816.2,890000.0,79.0,7334809.0,0.0,19359.5,12145.0
2021-01-12,1.01,0.507,1630.0,1855.0,3.85,2816.2,890000.0,79.0,7334809.0,0.0,19359.5,12145.0
2021-01-13,0.96,0.507,1630.0,1855.0,3.82,2816.2,890000.0,79.0,7333968.0,0.0,19359.5,12145.0
2021-01-14,0.99,0.507,1630.0,1855.0,3.73,2816.2,890000.0,79.0,7333968.0,0.6,19359.5,12145.0
2021-01-15,0.98,0.507,1630.0,1855.0,3.74,2816.2,890000.0,79.0,7333968.0,0.0,19359.5,12145.0
2021-01-16,0.98,0.507,1630.0,1855.0,3.74,2816.2,844000.0,79.0,7333968.0,0.0,19359.5,12145.0
2021-01-18,0.98,0.507,1630.0,1855.0,3.73,2816.2,844000.0,79.0,7333968.0,0.0,19359.5,12145.0
2021-01-19,0.96,0.507,1630.0,1855.0,3.71,2816.2,844000.0,79.0,7333968.0,0.004,19359.5,12145.0
2021-01-20,0.97,0.507,1630.0,1855.0,3.67,2816.2,844000.0,79.0,7414942.0,1.806,19359.5,12145.0
2021-01-21,0.99,0.507,1630.0,1855.0,3.65,2816.2,844000.0,79.0,7414942.0,1.201,19359.5,12145.0
2021-01-22,0.97,0.507,1630.0,1855.0,3.75,2816.2,844000.0,79.0,7414942.0,0.0,19359.5,12145.0
2021-01-23,0.97,0.507,1630.0,1855.0,3.75,2816.2,799000.0,79.0,7414942.0,0.0,19359.5,12145.0
2021-01-25,0.92,0.507,1630.0,1855.0,3.75,2816.2,799000.0,79.0,7414942.0,2.2,19359.5,12145.0
2021-01-26,0.94,0.507,1630.0,1855.0,3.74,2816.2,799000.0,79.0,7414942.0,1.631,19359.5,12145.0
2021-01-27,0.92,0.507,1630.0,1855.0,3.85,2816.2,799000.0,79.0,7404926.0,1.152,19359.5,12145.0
2021-01-28,0.95,0.507,1630.0,1855.0,3.76,2816.2,799000.0,79.0,7404926.0,2.655,19359.5,12145.0
2021-01-29,1.0,0.507,1630.0,1855.0,3.79,2816.2,799000.0,79.0,7404926.0,7.1,19359.5,12145.0
2021-01-30,1.0,0.507,1630.0,1855.0,3.79,2816.2,803000.0,79.0,7404926.0,7.1,19359.5,12145.0
2021-01-31,1.0,0.507,1630.0,1855.0,3.84,2816.2,803000.0,79.0,7404926.0,7.1,19359.5,12145.0
2021-02-01,0.98,0.465,1404.0,1711.0,3.83,2844.8,803000.0,76.8,7404926.0,0.012,19596.5,12179.0
2021-02-02,1.01,0.465,1404.0,1711.0,3.75,2844.8,803000.0,76.8,7404926.0,0.011,19596.5,12179.0
2021-02-03,1.04,0.465,1404.0,1711.0,3.68,2844.8,803000.0,76.8,7410598.0,0.178,19596.5,12179.0
2021-02-04,1.04,0.465,1404.0,1711.0,3.64,2844.8,803000.0,76.8,7410598.0,0.5,19596.5,12179.0
2021-02-05,1.1,0.465,1404.0,1711.0,3.58,2844.8,803000.0,76.8,7410598.0,0.01,19596.5,12179.0
2021-02-06,1.1,0.465,1404.0,1711.0,3.58,2844.8,812000.0,76.8,7410598.0,0.01,19596.5,12179.0
2021-02-08,1.08,0.465,1404.0,1711.0,3.54,2844.8,812000.0,76.8,7410598.0,0.002,19596.5,12179.0
2021-02-09,1.07,0.465,1404.0,1711.0,3.51,2844.8,812000.0,76.8,7410598.0,0.001,19596.5,12179.0
2021-02-10,1.04,0.465,1404.0,1711.0,3.51,2844.8,812000.0,76.8,7442225.0,0.0,19596.5,12179.0
2021-02-11,1.05,0.465,1404.0,1711.0,3.5,2844.8,812000.0,76.8,7442225.0,0.108,19596.5,12179.0
2021-02-12,1.09,0.465,1404.0,1711.0,3.48,2844.8,812000.0,76.8,7442225.0,0.001,19596.5,12179.0
2021-02-13,1.09,0.465,1404.0,1711.0,3.48,2844.8,802000.0,76.8,7442225.0,0.001,19596.5,12179.0
2021-02-15,1.09,0.465,1404.0,1711.0,3.47,2844.8,802000.0,76.8,7442225.0,0.001,19596.5,12179.0
2021-02-16,1.17,0.465,1404.0,1711.0,3.41,2844.8,802000.0,76.8,7442225.0,0.004,19596.5,12179.0
2021-02-17,1.18,0.465,1404.0,1711.0,3.44,2844.8,802000.0,76.8,7557402.0,0.05,19596.5,12179.0
2021-02-18,1.18,0.465,1404.0,1711.0,3.46,2844.8,802000.0,76.8,7557402.0,0.0,19596.5,12179.0
2021-02-19,1.23,0.465,1404.0,1711.0,3.41,2844.8,802000.0,76.8,7557402.0,0.002,19596.5,12179.0
2021-02-20,1.23,0.465,1404.0,1711.0,3.41,2844.8,702000.0,76.8,7557402.0,0.002,19596.5,12179.0
2021-02-22,1.26,0.465,1404.0,1711.0,3.44,2844.8,702000.0,76.8,7557402.0,1.1,19596.5,12179.0
2021-02-23,1.26,0.465,1404.0,1711.0,3.47,2844.8,702000.0,76.8,7557402.0,0.435,19596.5,12179.0
2021-02-24,1.26,0.465,1404.0,1711.0,3.42,2844.8,702000.0,76.8,7590111.0,0.001,19596.5,12179.0
2021-02-25,1.37,0.465,1404.0,1711.0,3.42,2844.8,702000.0,76.8,7590111.0,9.976,19596.5,12179.0
2021-02-26,1.3,0.465,1404.0,1711.0,3.52,2844.8,702000.0,76.8,7590111.0,11.2,19596.5,12179.0
2021-02-27,1.3,0.465,1404.0,1711.0,3.52,2844.8,704000.0,76.8,7590111.0,11.2,19596.5,12179.0
2021-02-28,1.3,0.465,1404.0,1711.0,3.57,2844.8,704000.0,76.8,7590111.0,11.2,19596.5,12179.0
2021-03-01,1.32,0.503,1696.0,1756.0,3.54,2886.2,704000.0,84.9,7590111.0,0.0,19823.2,12232.0
2021-03-02,1.29,0.503,1696.0,1756.0,3.53,2886.2,704000.0,84.9,7590111.0,0.005,19823.2,12232.0
2021-03-03,1.33,0.503,1696.0,1756.0,3.51,2886.2,704000.0,84.9,7557524.0,0.507,19823.2,12232.0
2021-03-04,1.4,0.503,1696.0,1756.0,3.54,2886.2,704000.0,84.9,7557524.0,2.1,19823.2,12232.0
2021-03-05,1.42,0.503,1696.0,1756.0,3.6,2886.2,704000.0,84.9,7557524.0,1.0,19823.2,12232.0
2021-03-06,1.42,0.503,1696.0,1756.0,3.6,2886.2,693000.0,84.9,7557524.0,1.0,19823.2,12232.0
2021-03-08,1.42,0.503,1696.0,1756.0,3.57,2886.2,693000.0,84.9,7557524.0,0.025,19823.2,12232.0
2021-03-09,1.38,0.503,1696.0,1756.0,3.62,2886.2,693000.0,84.9,7557524.0,0.0,19823.2,12232.0
2021-03-10,1.37,0.503,1696.0,1756.0,3.63,2886.2,693000.0,84.9,7579901.0,0.1,19823.2,12232.0
2021-03-11,1.4,0.503,1696.0,1756.0,3.52,2886.2,693000.0,84.9,7579901.0,11.051,19823.2,12232.0
2021-03-12,1.5,0.503,1696.0,1756.0,3.55,2886.2,693000.0,84.9,7579901.0,6.8,19823.2,12232.0
2021-03-13,1.5,0.503,1696.0,1756.0,3.55,2886.2,699000.0,84.9,7579901.0,6.8,19823.2,12232.0
2021-03-15,1.48,0.503,1696.0,1756.0,3.55,2886.2,699000.0,84.9,7579901.0,0.003,19823.2,12232.0
2021-03-16,1.47,0.503,1696.0,1756.0,3.55,2886.2,699000.0,84.9,7579901.0,0.702,19823.2,12232.0
2021-03-17,1.5,0.503,1696.0,1756.0,3.65,2886.2,699000.0,84.9,7693506.0,0.0,19823.2,12232.0
2021-03-18,1.55,0.503,1696.0,1756.0,3.66,2886.2,699000.0,84.9,7693506.0,26.57,19823.2,12232.0
2021-03-19,1.58,0.503,1696.0,1756.0,3.67,2886.2,699000.0,84.9,7693506.0,18.908,19823.2,12232.0
2021-03-20,1.58,0.503,1696.0,1756.0,3.67,2886.2,627000.0,84.9,7693506.0,18.908,19823.2,12232.0
2021-03-22,1.54,0.503,1696.0,1756.0,3.58,2886.2,627000.0,84.9,7693506.0,22.242,19823.2,12232.0
2021-03-23,1.48,0.503,1696.0,1756.0,3.57,2886.2,627000.0,84.9,7693506.0,19.526,19823.2,12232.0
2021-03-24,1.48,0.503,1696.0,1756.0,3.51,2886.2,627000.0,84.9,7719622.0,21.902,19823.2,12232.0
2021-03-25,1.49,0.503,1696.0,1756.0,3.53,2886.2,627000.0,84.9,7719622.0,10.1,19823.2,12232.0
2021-03-26,1.53,0.503,1696.0,1756.0,3.48,2886.2,627000.0,84.9,7719622.0,11.45,19823.2,12232.0
2021-03-27,1.53,0.503,1696.0,1756.0,3.48,2886.2,658000.0,84.9,7719622.0,11.45,19823.2,12232.0
2021-03-29,1.59,0.503,1696.0,1756.0,3.43,2886.2,658000.0,84.9,7719622.0,40.354,19823.2,12232.0
2021-03-30,1.57,0.503,1696.0,1756.0,3.44,2886.2,658000.0,84.9,7719622.0,104.725,19823.2,12232.0
2021-03-31,1.58,0.503,1696.0,1756.0,3.36,2886.2,658000.0,84.9,7688988.0,134.307,19823.2,12232.0
2021-04-01,1.52,0.483,1495.0,1721.0,3.33,2797.0,658000.0,88.3,7688988.0,9.575,20161.5,12191.0
2021-04-02,1.53,0.483,1495.0,1721.0,3.33,2797.0,658000.0,88.3,7688988.0,9.575,20161.5,12191.0
2021-04-03,1.53,0.483,1495.0,1721.0,3.33,2797.0,645000.0,88.3,7688988.0,9.575,20161.5,12191.0
2021-04-05,1.56,0.483,1495.0,1721.0,3.25,2797.0,645000.0,88.3,7688988.0,3.45,20161.5,12191.0
2021-04-06,1.51,0.483,1495.0,1721.0,3.25,2797.0,645000.0,88.3,7688988.0,18.951,20161.5,12191.0
2021-04-07,1.52,0.483,1495.0,1721.0,3.22,2797.0,645000.0,88.3,7708882.0,35.035,20161.5,12191.0
2021-04-08,1.5,0.483,1495.0,1721.0,3.21,2797.0,645000.0,88.3,7708882.0,27.64,20161.5,12191.0
2021-04-09,1.51,0.483,1495.0,1721.0,3.24,2797.0,645000.0,88.3,7708882.0,31.265,20161.5,12191.0
2021-04-10,1.51,0.483,1495.0,1721.0,3.24,2797.0,571000.0,88.3,7708882.0,31.265,20161.5,12191.0
2021-04-12,1.51,0.483,1495.0,1721.0,3.24,2797.0,571000.0,88.3,7708882.0,30.221,20161.5,12191.0
2021-04-13,1.48,0.483,1495.0,1721.0,3.32,2797.0,571000.0,88.3,7708882.0,37.543,20161.5,12191.0
2021-04-14,1.48,0.483,1495.0,1721.0,3.25,2797.0,571000.0,88.3,7793104.0,50.856,20161.5,12191.0
2021-04-15,1.4,0.483,1495.0,1721.0,3.25,2797.0,571000.0,88.3,7793104.0,28.626,20161.5,12191.0
2021-04-16,1.43,0.483,1495.0,1721.0,3.22,2797.0,571000.0,88.3,7793104.0,39.94,20161.5,12191.0
2021-04-17,1.43,0.483,1495.0,1721.0,3.22,2797.0,566000.0,88.3,7793104.0,39.94,20161.5,12191.0
2021-04-19,1.45,0.483,1495.0,1721.0,3.25,2797.0,566000.0,88.3,7793104.0,53.798,20161.5,12191.0
2021-04-20,1.43,0.483,1495.0,1721.0,3.35,2797.0,566000.0,88.3,7793104.0,67.747,20161.5,12191.0
2021-04-21,1.42,0.483,1495.0,1721.0,3.34,2797.0,566000.0,88.3,7820948.0,81.329,20161.5,12191.0
2021-04-22,1.41,0.483,1495.0,1721.0,3.34,2797.0,566000.0,88.3,7820948.0,102.644,20161.5,12191.0
2021-04-23,1.42,0.483,1495.0,1721.0,3.29,2797.0,566000.0,88.3,7820948.0,73.794,20161.5,12191.0
2021-04-24,1.42,0.483,1495.0,1721.0,3.29,2797.0,574000.0,88.3,7820948.0,73.794,20161.5,12191.0
2021-04-26,1.4,0.483,1495.0,1721.0,3.26,2797.0,574000.0,88.3,7820948.0,100.916,20161.5,12191.0
2021-04-27,1.46,0.483,1495.0,1721.0,3.24,2797.0,574000.0,88.3,7820948.0,142.172,20161.5,12191.0
2021-04-28,1.46,0.483,1495.0,1721.0,3.26,2797.0,574000.0,88.3,7780962.0,166.732,20161.5,12191.0
2021-04-29,1.49,0.483,1495.0,1721.0,3.24,2797.0,574000.0,88.3,7780962.0,173.469,20161.5,12191.0
2021-04-30,1.49,0.483,1495.0,1721.0,3.28,2797.0,574000.0,88.3,7780962.0,183.234,20161.5,12191.0
2021-05-01,1.49,0.484,1589.0,1703.0,3.28,2794.2,517000.0,82.9,7780962.0,183.234,20430.6,12219.0
2021-05-03,1.47,0.484,1589.0,1703.0,3.27,2794.2,517000.0,82.9,7780962.0,129.724,20430.6,12219.0
2021-05-04,1.45,0.484,1589.0,1703.0,3.32,2794.2,517000.0,82.9,7780962.0,147.806,20430.6,12219.0
2021-05-05,1.43,0.484,1589.0,1703.0,3.29,2794.2,517000.0,82.9,7810486.0,162.8,20430.6,12219.0
2021-05-06,1.42,0.484,1589.0,1703.0,3.3,2794.2,517000.0,82.9,7810486.0,154.921,20430.6,12219.0
2021-05-07,1.46,0.484,1589.0,1703.0,3.27,2794.2,517000.0,82.9,7810486.0,161.856,20430.6,12219.0
2021-05-08,1.46,0.484,1589.0,1703.0,3.27,2794.2,494000.0,82.9,7810486.0,161.856,20430.6,12219.0
2021-05-10,1.47,0.484,1589.0,1703.0,3.26,2794.2,494000.0,82.9,7810486.0,175.548,20430.6,12219.0
2021-05-11,1.48,0.484,1589.0,1703.0,3.36,2794.2,494000.0,82.9,7810486.0,181.753,20430.6,12219.0
2021-05-12,1.53,0.484,1589.0,1703.0,3.34,2794.2,494000.0,82.9,7830663.0,209.257,20430.6,12219.0
2021-05-13,1.5,0.484,1589.0,1703.0,3.37,2794.2,494000.0,82.9,7830663.0,235.217,20430.6,12219.0
2021-05-14,1.47,0.484,1589.0,1703.0,3.35,2794.2,494000.0,82.9,7830663.0,241.185,20430.6,12219.0
2021-05-15,1.47,0.484,1589.0,1703.0,3.35,2794.2,467000.0,82.9,7830663.0,241.185,20430.6,12219.0
2021-05-17,1.48,0.484,1589.0,1703.0,3.35,2794.2,467000.0,82.9,7830663.0,208.96,20430.6,12219.0
2021-05-18,1.48,0.484,1589.0,1703.0,3.35,2794.2,467000.0,82.9,7830663.0,243.47,20430.6,12219.0
2021-05-19,1.52,0.484,1589.0,1703.0,3.4,2794.2,467000.0,82.9,7922883.0,293.998,20430.6,12219.0
2021-05-20,1.48,0.484,1589.0,1703.0,3.42,2794.2,467000.0,82.9,7922883.0,351.121,20430.6,12219.0
2021-05-21,1.46,0.484,1589.0,1703.0,3.37,2794.2,467000.0,82.9,7922883.0,369.046,20430.6,12219.0
2021-05-22,1.46,0.484,1589.0,1703.0,3.37,2794.2,441000.0,82.9,7922883.0,369.046,20430.6,12219.0
2021-05-24,1.46,0.484,1589.0,1703.0,3.37,2794.2,441000.0,82.9,7922883.0,394.941,20430.6,12219.0
2021-05-25,1.41,0.484,1589.0,1703.0,3.34,2794.2,441000.0,82.9,7922883.0,432.955,20430.6,12219.0
2021-05-26,1.44,0.484,1589.0,1703.0,3.35,2794.2,441000.0,82.9,7903541.0,450.283,20430.6,12219.0
2021-05-27,1.47,0.484,1589.0,1703.0,3.3,2794.2,441000.0,82.9,7903541.0,485.329,20430.6,12219.0
2021-05-28,1.44,0.484,1589.0,1703.0,3.29,2794.2,441000.0,82.9,7903541.0,479.498,20430.6,12219.0
2021-05-29,1.44,0.484,1589.0,1703.0,3.29,2794.2,427000.0,82.9,7903541.0,479.498,20430.6,12219.0
2021-05-31,1.44,0.484,1589.0,1703.0,3.34,2794.2,427000.0,82.9,7903541.0,479.498,20430.6,12219.0
2021-06-01,1.46,0.473,1650.0,1654.0,3.33,2851.8,427000.0,85.5,7903541.0,447.985,20472.9,12249.0
2021-06-02,1.46,0.473,1650.0,1654.0,3.31,2851.8,427000.0,85.5,7935703.0,438.778,20472.9,12249.0
2021-06-03,1.47,0.473,1650.0,1654.0,3.28,2851.8,427000.0,85.5,7935703.0,479.102,20472.9,12249.0
2021-06-04,1.42,0.473,1650.0,1654.0,3.28,2851.8,427000.0,85.5,7935703.0,483.349,20472.9,12249.0
2021-06-05,1.42,0.473,1650.0,1654.0,3.28,2851.8,420000.0,85.5,7935703.0,483.349,20472.9,12249.0
2021-06-07,1.41,0.473,1650.0,1654.0,3.27,2851.8,420000.0,85.5,7935703.0,486.097,20472.9,12249.0
2021-06-08,1.39,0.473,1650.0,1654.0,3.26,2851.8,420000.0,85.5,7935703.0,497.428,20472.9,12249.0
2021-06-09,1.34,0.473,1650.0,1654.0,3.22,2851.8,420000.0,85.5,7952327.0,502.904,20472.9,12249.0
2021-06-10,1.31,0.473,1650.0,1654.0,3.23,2851.8,420000.0,85.5,7952327.0,534.943,20472.9,12249.0
2021-06-11,1.31,0.473,1650.0,1654.0,3.21,2851.8,420000.0,85.5,7952327.0,547.808,20472.9,12249.0
2021-06-12,1.31,0.473,1650.0,1654.0,3.21,2851.8,428000.0,85.5,7952327.0,547.808,20472.9,12249.0
2021-06-14,1.35,0.473,1650.0,1654.0,3.17,2851.8,428000.0,85.5,7952327.0,583.892,20472.9,12249.0
2021-06-15,1.35,0.473,1650.0,1654.0,3.17,2851.8,428000.0,85.5,7952327.0,509.559,20472.9,12249.0
2021-06-16,1.36,0.473,1650.0,1654.0,3.12,2851.8,428000.0,85.5,8064257.0,520.942,20472.9,12249.0
2021-06-17,1.29,0.473,1650.0,1654.0,3.15,2851.8,428000.0,85.5,8064257.0,755.8,20472.9,12249.0
2021-06-18,1.19,0.473,1650.0,1654.0,3.18,2851.8,428000.0,85.5,8064257.0,747.121,20472.9,12249.0
2021-06-19,1.19,0.473,1650.0,1654.0,3.18,2851.8,422000.0,85.5,8064257.0,747.121,20472.9,12249.0
2021-06-21,1.23,0.473,1650.0,1654.0,3.14,2851.8,422000.0,85.5,8064257.0,765.141,20472.9,12249.0
2021-06-22,1.23,0.473,1650.0,1654.0,3.15,2851.8,422000.0,85.5,8064257.0,791.605,20472.9,12249.0
2021-06-23,1.24,0.473,1650.0,1654.0,3.13,2851.8,422000.0,85.5,8101945.0,813.65,20472.9,12249.0
2021-06-24,1.23,0.473,1650.0,1654.0,3.08,2851.8,422000.0,85.5,8101945.0,813.048,20472.9,12249.0
2021-06-25,1.26,0.473,1650.0,1654.0,3.04,2851.8,422000.0,85.5,8101945.0,770.83,20472.9,12249.0
2021-06-26,1.26,0.473,1650.0,1654.0,3.04,2851.8,369000.0,85.5,8101945.0,770.83,20472.9,12249.0
2021-06-28,1.24,0.473,1650.0,1654.0,3.05,2851.8,369000.0,85.5,8101945.0,803.019,20472.9,12249.0
2021-06-29,1.22,0.473,1650.0,1654.0,3.03,2851.8,369000.0,85.5,8101945.0,841.246,20472.9,12249.0
2021-06-30,1.2,0.473,1650.0,1654.0,3.04,2851.8,369000.0,85.5,8078544.0,991.939,20472.9,12249.0
2021-07-01,1.23,0.441,1597.0,1658.0,3.02,2885.6,369000.0,81.2,8078544.0,742.647,20628.2,12303.0
2021-07-02,1.2,0.441,1597.0,1658.0,3.04,2885.6,369000.0,81.2,8078544.0,731.504,20628.2,12303.0
2021-07-03,1.2,0.441,1597.0,1658.0,3.04,2885.6,371000.0,81.2,8078544.0,731.504,20628.2,12303.0
2021-07-05,1.2,0.441,1597.0,1658.0,3.03,2885.6,371000.0,81.2,8078544.0,731.504,20628.2,12303.0
2021-07-06,1.15,0.441,1597.0,1658.0,3.05,2885.6,371000.0,81.2,8078544.0,772.581,20628.2,12303.0
2021-07-07,1.11,0.441,1597.0,1658.0,3.05,2885.6,371000.0,81.2,8097773.0,785.72,20628.2,12303.0
2021-07-08,1.11,0.441,1597.0,1658.0,3.14,2885.6,371000.0,81.2,8097773.0,793.399,20628.2,12303.0
2021-07-09,1.14,0.441,1597.0,1658.0,3.07,2885.6,371000.0,81.2,8097773.0,780.596,20628.2,12303.0
2021-07-10,1.14,0.441,1597.0,1658.0,3.07,2885.6,332000.0,81.2,8097773.0,780.596,20628.2,12303.0
2021-07-12,1.15,0.441,1597.0,1658.0,3.05,2885.6,332000.0,81.2,8097773.0,776.472,20628.2,12303.0
2021-07-13,1.16,0.441,1597.0,1658.0,3.04,2885.6,332000.0,81.2,8097773.0,798.267,20628.2,12303.0
2021-07-14,1.14,0.441,1597.0,1658.0,3.1,2885.6,332000.0,81.2,8201651.0,859.975,20628.2,12303.0
2021-07-15,1.08,0.441,1597.0,1658.0,3.14,2885.6,332000.0,81.2,8201651.0,776.261,20628.2,12303.0
2021-07-16,1.06,0.441,1597.0,1658.0,3.18,2885.6,332000.0,81.2,8201651.0,817.566,20628.2,12303.0
2021-07-17,1.06,0.441,1597.0,1658.0,3.18,2885.6,387000.0,81.2,8201651.0,817.566,20628.2,12303.0
2021-07-19,0.98,0.441,1597.0,1658.0,3.44,2885.6,387000.0,81.2,8201651.0,860.468,20628.2,12303.0
2021-07-20,1.03,0.441,1597.0,1658.0,3.38,2885.6,387000.0,81.2,8201651.0,848.102,20628.2,12303.0
2021-07-21,1.08,0.441,1597.0,1658.0,3.24,2885.6,387000.0,81.2,8240530.0,886.206,20628.2,12303.0
2021-07-22,1.07,0.441,1597.0,1658.0,3.24,2885.6,387000.0,81.2,8240530.0,898.197,20628.2,12303.0
2021-07-23,1.08,0.441,1597.0,1658.0,3.22,2885.6,387000.0,81.2,8240530.0,877.251,20628.2,12303.0
2021-07-24,1.08,0.441,1597.0,1658.0,3.22,2885.6,380000.0,81.2,8240530.0,877.251,20628.2,12303.0
2021-07-26,1.07,0.441,1597.0,1658.0,3.21,2885.6,380000.0,81.2,8240530.0,891.203,20628.2,12303.0
2021-07-27,1.05,0.441,1597.0,1658.0,3.27,2885.6,380000.0,81.2,8240530.0,927.419,20628.2,12303.0
2021-07-28,1.06,0.441,1597.0,1658.0,3.26,2885.6,380000.0,81.2,8221473.0,965.189,20628.2,12303.0
2021-07-29,1.08,0.441,1597.0,1658.0,3.23,2885.6,380000.0,81.2,8221473.0,987.283,20628.2,12303.0
2021-07-30,1.05,0.441,1597.0,1658.0,3.26,2885.6,380000.0,81.2,8221473.0,1039.394,20628.2,12303.0
2021-07-31,1.05,0.441,1597.0,1658.0,3.32,2885.6,380000.0,81.2,8221473.0,1039.394,20628.2,12303.0
2021-08-01,1.05,0.42,1594.0,1736.0,3.32,2889.0,380000.0,70.3,8221473.0,1039.394,20811.1,12349.0
2021-08-02,1.03,0.42,1594.0,1736.0,3.36,2889.0,380000.0,70.3,8221473.0,921.317,20811.1,12349.0
2021-08-03,1.02,0.42,1594.0,1736.0,3.42,2889.0,380000.0,70.3,8221473.0,909.442,20811.1,12349.0
2021-08-04,1.02,0.42,1594.0,1736.0,3.42,2889.0,380000.0,70.3,8235073.0,931.755,20811.1,12349.0
2021-08-05,1.02,0.42,1594.0,1736.0,3.37,2889.0,380000.0,70.3,8235073.0,944.335,20811.1,12349.0
2021-08-06,1.1,0.42,1594.0,1736.0,3.32,2889.0,380000.0,70.3,8235073.0,952.134,20811.1,12349.0
2021-08-07,1.1,0.42,1594.0,1736.0,3.32,2889.0,361000.0,70.3,8235073.0,952.134,20811.1,12349.0
2021-08-09,1.1,0.42,1594.0,1736.0,3.34,2889.0,361000.0,70.3,8235073.0,981.765,20811.1,12349.0
2021-08-10,1.12,0.42,1594.0,1736.0,3.32,2889.0,361000.0,70.3,8235073.0,998.654,20811.1,12349.0
2021-08-11,1.12,0.42,1594.0,1736.0,3.37,2889.0,361000.0,70.3,8257159.0,1000.46,20811.1,12349.0
2021-08-12,1.13,0.42,1594.0,1736.0,3.34,2889.0,361000.0,70.3,8257159.0,1087.342,20811.1,12349.0
2021-08-13,1.06,0.42,1594.0,1736.0,3.36,2889.0,361000.0,70.3,8257159.0,1050.941,20811.1,12349.0
2021-08-14,1.06,0.42,1594.0,1736.0,3.36,2889.0,368000.0,70.3,8257159.0,1050.941,20811.1,12349.0
2021-08-16,1.05,0.42,1594.0,1736.0,3.38,2889.0,368000.0,70.3,8257159.0,1036.418,20811.1,12349.0
2021-08-17,1.03,0.42,1594.0,1736.0,3.37,2889.0,368000.0,70.3,8257159.0,1053.454,20811.1,12349.0
2021-08-18,1.04,0.42,1594.0,1736.0,3.35,2889.0,368000.0,70.3,8342598.0,1115.656,20811.1,12349.0
2021-08-19,1.02,0.42,1594.0,1736.0,3.42,2889.0,368000.0,70.3,8342598.0,1109.938,20811.1,12349.0
2021-08-20,1.03,0.42,1594.0,1736.0,3.37,2889.0,368000.0,70.3,8342598.0,1111.905,20811.1,12349.0
2021-08-21,1.03,0.42,1594.0,1736.0,3.37,2889.0,358000.0,70.3,8342598.0,1111.905,20811.1,12349.0
2021-08-23,1.02,0.42,1594.0,1736.0,3.34,2889.0,358000.0,70.3,8342598.0,1135.697,20811.1,12349.0
2021-08-24,1.05,0.42,1594.0,1736.0,3.26,2889.0,358000.0,70.3,8342598.0,1129.737,20811.1,12349.0
2021-08-25,1.12,0.42,1594.0,1736.0,3.22,2889.0,358000.0,70.3,8332743.0,1147.089,20811.1,12349.0
2021-08-26,1.09,0.42,1594.0,1736.0,3.2,2889.0,358000.0,70.3,8332743.0,1091.792,20811.1,12349.0
2021-08-27,1.09,0.42,1594.0,1736.0,3.17,2889.0,358000.0,70.3,8332743.0,1120.015,20811.1,12349.0
2021-08-28,1.09,0.42,1594.0,1736.0,3.17,2889.0,353000.0,70.3,8332743.0,1120.015,20811.1,12349.0
2021-08-30,1.09,0.42,1594.0,1736.0,3.16,2889.0,353000.0,70.3,8332743.0,1140.711,20811.1,12349.0
2021-08-31,1.1,0.42,1594.0,1736.0,3.21,2889.0,353000.0,70.3,8332743.0,1189.616,20811.1,12349.0
2021-09-01,1.11,0.423,1577.0,1640.0,3.19,2893.8,353000.0,72.8,8349173.0,1084.115,20979.1,12391.0
2021-09-02,1.09,0.423,1577.0,1640.0,3.16,2893.8,353000.0,72.8,8349173.0,1066.987,20979.1,12391.0
2021-09-03,1.12,0.423,1577.0,1640.0,3.14,2893.8,353000.0,72.8,8349173.0,1074.707,20979.1,12391.0
2021-09-04,1.12,0.423,1577.0,1640.0,3.14,2893.8,337000.0,72.8,8349173.0,1074.707,20979.1,12391.0
2021-09-06,1.12,0.423,1577.0,1640.0,3.13,2893.8,337000.0,72.8,8349173.0,1074.707,20979.1,12391.0
2021-09-07,1.16,0.423,1577.0,1640.0,3.16,2893.8,337000.0,72.8,8349173.0,1079.945,20979.1,12391.0
2021-09-08,1.13,0.423,1577.0,1640.0,3.16,2893.8,337000.0,72.8,8357314.0,1115.229,20979.1,12391.0
2021-09-09,1.07,0.423,1577.0,1640.0,3.15,2893.8,337000.0,72.8,8357314.0,1107.659,20979.1,12391.0
2021-09-10,1.12,0.423,1577.0,1640.0,3.11,2893.8,337000.0,72.8,8357314.0,1099.323,20979.1,12391.0
2021-09-11,1.12,0.423,1577.0,1640.0,3.11,2893.8,344000.0,72.8,8357314.0,1099.323,20979.1,12391.0
2021-09-13,1.12,0.423,1577.0,1640.0,3.09,2893.8,344000.0,72.8,8357314.0,1087.108,20979.1,12391.0
2021-09-14,1.07,0.423,1577.0,1640.0,3.11,2893.8,344000.0,72.8,8357314.0,1169.28,20979.1,12391.0
2021-09-15,1.1,0.423,1577.0,1640.0,3.08,2893.8,344000.0,72.8,8448770.0,1081.342,20979.1,12391.0
2021-09-16,1.11,0.423,1577.0,1640.0,3.06,2893.8,344000.0,72.8,8448770.0,1147.494,20979.1,12391.0
2021-09-17,1.14,0.423,1577.0,1640.0,3.04,2893.8,344000.0,72.8,8448770.0,1218.303,20979.1,12391.0
2021-09-18,1.14,0.423,1577.0,1640.0,3.04,2893.8,367000.0,72.8,8448770.0,1218.303,20979.1,12391.0
2021-09-20,1.08,0.423,1577.0,1640.0,3.23,2893.8,367000.0,72.8,8448770.0,1224.289,20979.1,12391.0
2021-09-21,1.11,0.423,1577.0,1640.0,3.17,2893.8,367000.0,72.8,8448770.0,1240.494,20979.1,12391.0
2021-09-22,1.07,0.423,1577.0,1640.0,3.09,2893.8,367000.0,72.8,8489824.0,1283.281,20979.1,12391.0
2021-09-23,1.14,0.423,1577.0,1640.0,3.03,2893.8,367000.0,72.8,8489824.0,1352.483,20979.1,12391.0
2021-09-24,1.18,0.423,1577.0,1640.0,3.05,2893.8,367000.0,72.8,8489824.0,1313.657,20979.1,12391.0
2021-09-25,1.18,0.423,1577.0,1640.0,3.05,2893.8,374000.0,72.8,8489824.0,1313.657,20979.1,12391.0
2021-09-27,1.17,0.423,1577.0,1640.0,3.06,2893.8,374000.0,72.8,8489824.0,1297.05,20979.1,12391.0
2021-09-28,1.23,0.423,1577.0,1640.0,3.13,2893.8,374000.0,72.8,8489824.0,1365.185,20979.1,12391.0
2021-09-29,1.25,0.423,1577.0,1640.0,3.09,2893.8,374000.0,72.8,8447981.0,1415.84,20979.1,12391.0
2021-09-30,1.24,0.423,1577.0,1640.0,3.15,2893.8,374000.0,72.8,8447981.0,1604.881,20979.1,12391.0
2021-10-01,1.21,0.444,1579.0,1707.0,3.2,3020.5,374000.0,71.7,8447981.0,1385.991,21142.2,12454.0
2021-10-02,1.21,0.444,1579.0,1707.0,3.2,3020.5,314000.0,71.7,8447981.0,1385.991,21142.2,12454.0
2021-10-04,1.22,0.444,1579.0,1707.0,3.21,3020.5,314000.0,71.7,8447981.0,1399.173,21142.2,12454.0
2021-10-05,1.26,0.444,1579.0,1707.0,3.17,3020.5,314000.0,71.7,8447981.0,1431.18,21142.2,12454.0
2021-10-06,1.23,0.444,1579.0,1707.0,3.29,3020.5,314000.0,71.7,8464032.0,1451.175,21142.2,12454.0
2021-10-07,1.26,0.444,1579.0,1707.0,3.19,3020.5,314000.0,71.7,8464032.0,1375.863,21142.2,12454.0
2021-10-08,1.29,0.444,1579.0,1707.0,3.2,3020.5,314000.0,71.7,8464032.0,1371.958,21142.2,12454.0
2021-10-09,1.29,0.444,1579.0,1707.0,3.2,3020.5,290000.0,71.7,8464032.0,1371.958,21142.2,12454.0
2021-10-11,1.29,0.444,1579.0,1707.0,3.2,3020.5,290000.0,71.7,8464032.0,1371.958,21142.2,12454.0
2021-10-12,1.24,0.444,1579.0,1707.0,3.28,3020.5,290000.0,71.7,8464032.0,1367.051,21142.2,12454.0
2021-10-13,1.19,0.444,1579.0,1707.0,3.25,3020.5,290000.0,71.7,8480942.0,1364.701,21142.2,12454.0
2021-10-14,1.16,0.444,1579.0,1707.0,3.18,3020.5,290000.0,71.7,8480942.0,1445.66,21142.2,12454.0
2021-10-15,1.18,0.444,1579.0,1707.0,3.12,3020.5,290000.0,71.7,8480942.0,1462.297,21142.2,12454.0
2021-10-16,1.18,0.444,1579.0,1707.0,3.12,3020.5,290000.0,71.7,8480942.0,1462.297,21142.2,12454.0
2021-10-18,1.15,0.444,1579.0,1707.0,3.11,3020.5,290000.0,71.7,8480942.0,1477.114,21142.2,12454.0
2021-10-19,1.24,0.444,1579.0,1707.0,3.09,3020.5,290000.0,71.7,8480942.0,1470.739,21142.2,12454.0
2021-10-20,1.25,0.444,1579.0,1707.0,3.07,3020.5,290000.0,71.7,8564943.0,1493.961,21142.2,12454.0
2021-10-21,1.23,0.444,1579.0,1707.0,3.03,3020.5,290000.0,71.7,8564943.0,1458.605,21142.2,12454.0
2021-10-22,1.18,0.444,1579.0,1707.0,3.07,3020.5,290000.0,71.7,8564943.0,1403.02,21142.2,12454.0
2021-10-23,1.18,0.444,1579.0,1707.0,3.07,3020.5,268000.0,71.7,8564943.0,1403.02,21142.2,12454.0
2021-10-25,1.17,0.444,1579.0,1707.0,3.11,3020.5,268000.0,71.7,8564943.0,1413.188,21142.2,12454.0
2021-10-26,1.16,0.444,1579.0,1707.0,3.09,3020.5,268000.0,71.7,8564943.0,1423.198,21142.2,12454.0
2021-10-27,1.04,0.444,1579.0,1707.0,3.11,3020.5,268000.0,71.7,8556181.0,1433.37,21142.2,12454.0
2021-10-28,1.07,0.444,1579.0,1707.0,3.08,3020.5,268000.0,71.7,8556181.0,1384.684,21142.2,12454.0
2021-10-29,1.07,0.444,1579.0,1707.0,3.08,3020.5,268000.0,71.7,8556181.0,1502.296,21142.2,12454.0
2021-10-30,1.07,0.444,1579.0,1707.0,3.08,3020.5,262000.0,71.7,8556181.0,1502.296,21142.2,12454.0
2021-10-31,1.07,0.444,1579.0,1707.0,3.15,3020.5,262000.0,71.7,8556181.0,1502.296,21142.2,12454.0
2021-11-01,1.08,0.439,1705.0,1765.0,3.16,3049.5,262000.0,67.4,8556181.0,1358.606,21316.5,12498.0
2021-11-02,1.1,0.439,1705.0,1765.0,3.21,3049.5,262000.0,67.4,8556181.0,1329.913,21316.5,12498.0
2021-11-03,1.13,0.439,1705.0,1765.0,3.18,3049.5,262000.0,67.4,8574871.0,1343.985,21316.5,12498.0
2021-11-04,1.12,0.439,1705.0,1765.0,3.19,3049.5,262000.0,67.4,8574871.0,1348.539,21316.5,12498.0
2021-11-05,1.06,0.439,1705.0,1765.0,3.12,3049.5,262000.0,67.4,8574871.0,1354.059,21316.5,12498.0
2021-11-06,1.06,0.439,1705.0,1765.0,3.12,3049.5,251000.0,67.4,8574871.0,1354.059,21316.5,12498.0
2021-11-08,1.06,0.439,1705.0,1765.0,3.03,3049.5,251000.0,67.4,8574871.0,1354.382,21316.5,12498.0
2021-11-09,1.05,0.439,1705.0,1765.0,3.08,3049.5,251000.0,67.4,8574871.0,1377.197,21316.5,12498.0
2021-11-10,1.05,0.439,1705.0,1765.0,3.06,3049.5,251000.0,67.4,8663117.0,1448.623,21316.5,12498.0
2021-11-11,1.05,0.439,1705.0,1765.0,3.06,3049.5,251000.0,67.4,8663117.0,1448.623,21316.5,12498.0
2021-11-12,1.05,0.439,1705.0,1765.0,3.09,3049.5,251000.0,67.4,8663117.0,1417.643,21316.5,12498.0
2021-11-13,1.05,0.439,1705.0,1765.0,3.09,3049.5,250000.0,67.4,8663117.0,1417.643,21316.5,12498.0
2021-11-15,1.1,0.439,1705.0,1765.0,3.1,3049.5,250000.0,67.4,8663117.0,1391.657,21316.5,12498.0
2021-11-16,1.09,0.439,1705.0,1765.0,3.12,3049.5,250000.0,67.4,8663117.0,1466.857,21316.5,12498.0
2021-11-17,1.08,0.439,1705.0,1765.0,3.17,3049.5,250000.0,67.4,8674970.0,1520.0,21316.5,12498.0
2021-11-18,1.07,0.439,1705.0,1765.0,3.19,3049.5,250000.0,67.4,8674970.0,1584.097,21316.5,12498.0
2021-11-19,1.02,0.439,1705.0,1765.0,3.24,3049.5,250000.0,67.4,8674970.0,1575.384,21316.5,12498.0
2021-11-20,1.02,0.439,1705.0,1765.0,3.24,3049.5,223000.0,67.4,8674970.0,1575.384,21316.5,12498.0
2021-11-22,1.0,0.439,1705.0,1765.0,3.18,3049.5,223000.0,67.4,8674970.0,1573.769,21316.5,12498.0
2021-11-23,1.07,0.439,1705.0,1765.0,3.3,3049.5,223000.0,67.4,8674970.0,1571.98,21316.5,12498.0
2021-11-24,1.0,0.439,1705.0,1765.0,3.32,3049.5,223000.0,67.4,8681771.0,1452.897,21316.5,12498.0
2021-11-25,1.0,0.439,1705.0,1765.0,3.32,3049.5,223000.0,67.4,8681771.0,1452.897,21316.5,12498.0
2021-11-26,0.98,0.439,1705.0,1765.0,3.62,3049.5,223000.0,67.4,8681771.0,1451.108,21316.5,12498.0
2021-11-27,0.98,0.439,1705.0,1765.0,3.62,3049.5,222000.0,67.4,8681771.0,1451.108,21316.5,12498.0
2021-11-29,1.01,0.439,1705.0,1765.0,3.53,3049.5,222000.0,67.4,8681771.0,1459.339,21316.5,12498.0
2021-11-30,0.91,0.439,1705.0,1765.0,3.67,3049.5,222000.0,67.4,8681771.0,1517.956,21316.5,12498.0
2021-12-01,0.87,0.461,1722.0,1919.0,3.58,3097.1,222000.0,70.6,8650402.0,1427.347,21470.9,12532.0
2021-12-02,0.81,0.461,1722.0,1919.0,3.54,3097.1,222000.0,70.6,8650402.0,1448.585,21470.9,12532.0
2021-12-03,0.75,0.461,1722.0,1919.0,3.56,3097.1,222000.0,70.6,8650402.0,1475.464,21470.9,12532.0
2021-12-04,0.75,0.461,1722.0,1919.0,3.56,3097.1,207000.0,70.6,8650402.0,1475.464,21470.9,12532.0
2021-12-06,0.78,0.461,1722.0,1919.0,3.41,3097.1,207000.0,70.6,8650402.0,1487.996,21470.9,12532.0
2021-12-07,0.78,0.461,1722.0,1919.0,3.16,3097.1,207000.0,70.6,8650402.0,1455.038,21470.9,12532.0
2021-12-08,0.84,0.461,1722.0,1919.0,3.21,3097.1,207000.0,70.6,8664524.0,1484.192,21470.9,12532.0
2021-12-09,0.79,0.461,1722.0,1919.0,3.25,3097.1,207000.0,70.6,8664524.0,1500.027,21470.9,12532.0
2021-12-10,0.81,0.461,1722.0,1919.0,3.29,3097.1,207000.0,70.6,8664524.0,1507.147,21470.9,12532.0
2021-12-11,0.81,0.461,1722.0,1919.0,3.29,3097.1,227000.0,70.6,8664524.0,1507.147,21470.9,12532.0
2021-12-13,0.76,0.461,1722.0,1919.0,3.33,3097.1,227000.0,70.6,8664524.0,1599.768,21470.9,12532.0
2021-12-14,0.77,0.461,1722.0,1919.0,3.35,3097.1,227000.0,70.6,8664524.0,1584.488,21470.9,12532.0
2021-12-15,0.78,0.461,1722.0,1919.0,3.33,3097.1,227000.0,70.6,8756666.0,1621.097,21470.9,12532.0
2021-12-16,0.8,0.461,1722.0,1919.0,3.32,3097.1,227000.0,70.6,8756666.0,1657.626,21470.9,12532.0
2021-12-17,0.75,0.461,1722.0,1919.0,3.36,3097.1,227000.0,70.6,8756666.0,1704.586,21470.9,12532.0
2021-12-18,0.75,0.461,1722.0,1919.0,3.36,3097.1,215000.0,70.6,8756666.0,1704.586,21470.9,12532.0
2021-12-20,0.78,0.461,1722.0,1919.0,3.41,3097.1,215000.0,70.6,8756666.0,1758.041,21470.9,12532.0
2021-12-21,0.78,0.461,1722.0,1919.0,3.25,3097.1,215000.0,70.6,8756666.0,1748.285,21470.9,12532.0
2021-12-22,0.78,0.461,1722.0,1919.0,3.21,3097.1,215000.0,70.6,8790495.0,1699.277,21470.9,12532.0
2021-12-23,0.79,0.461,1722.0,1919.0,3.12,3097.1,215000.0,70.6,8790495.0,1577.78,21470.9,12532.0
2021-12-24,0.79,0.461,1722.0,1919.0,3.12,3097.1,215000.0,70.6,8790495.0,1577.78,21470.9,12532.0
2021-12-25,0.79,0.461,1722.0,1919.0,3.12,3097.1,216000.0,70.6,8790495.0,1577.78,21470.9,12532.0
2021-12-27,0.72,0.461,1722.0,1919.0,3.02,3097.1,216000.0,70.6,8790495.0,1580.347,21470.9,12532.0
2021-12-28,0.75,0.461,1722.0,1919.0,3.01,3097.1,216000.0,70.6,8790495.0,1637.064,21470.9,12532.0
2021-12-29,0.8,0.461,1722.0,1919.0,3.03,3097.1,216000.0,70.6,8757460.0,1642.506,21470.9,12532.0
2021-12-30,0.79,0.461,1722.0,1919.0,3.09,3097.1,216000.0,70.6,8757460.0,1696.476,21470.9,12532.0
2021-12-31,0.79,0.461,1722.0,1919.0,3.1,3097.1,216000.0,70.6,8757460.0,1904.582,21470.9,12532.0
2022-01-01,0.79,0.439,1702.0,1920.0,3.1,3087.2,227000.0,67.2,8757460.0,1904.582,21587.4,12560.0
2022-01-03,0.85,0.439,1702.0,1920.0,3.05,3087.2,227000.0,67.2,8757460.0,1579.526,21587.4,12560.0
2022-01-04,0.89,0.439,1702.0,1920.0,3.09,3087.2,227000.0,67.2,8757460.0,1495.692,21587.4,12560.0
2022-01-05,0.88,0.439,1702.0,1920.0,3.07,3087.2,227000.0,67.2,8765721.0,1492.787,21587.4,12560.0
2022-01-06,0.85,0.439,1702.0,1920.0,3.15,3087.2,227000.0,67.2,8765721.0,1510.553,21587.4,12560.0
2022-01-07,0.89,0.439,1702.0,1920.0,3.2,3087.2,227000.0,67.2,8765721.0,1530.096,21587.4,12560.0
2022-01-08,0.89,0.439,1702.0,1920.0,3.2,3087.2,247000.0,67.2,8765721.0,1530.096,21587.4,12560.0
2022-01-10,0.86,0.439,1702.0,1920.0,3.24,3087.2,247000.0,67.2,8765721.0,1560.421,21587.4,12560.0
2022-01-11,0.85,0.439,1702.0,1920.0,3.18,3087.2,247000.0,67.2,8765721.0,1527.02,21587.4,12560.0
2022-01-12,0.82,0.439,1702.0,1920.0,3.06,3087.2,247000.0,67.2,8788278.0,1536.981,21587.4,12560.0
2022-01-13,0.79,0.439,1702.0,1920.0,3.1,3087.2,247000.0,67.2,8788278.0,1636.742,21587.4,12560.0
2022-01-14,0.79,0.439,1702.0,1920.0,3.09,3087.2,247000.0,67.2,8788278.0,1598.887,21587.4,12560.0
2022-01-15,0.79,0.439,1702.0,1920.0,3.09,3087.2,245000.0,67.2,8788278.0,1598.887,21587.4,12560.0
2022-01-17,0.79,0.439,1702.0,1920.0,3.09,3087.2,245000.0,67.2,8788278.0,1598.887,21587.4,12560.0
2022-01-18,0.81,0.439,1702.0,1920.0,3.12,3087.2,245000.0,67.2,8788278.0,1597.137,21587.4,12560.0
2022-01-19,0.79,0.439,1702.0,1920.0,3.11,3087.2,245000.0,67.2,8867834.0,1656.576,21587.4,12560.0
2022-01-20,0.75,0.439,1702.0,1920.0,3.1,3087.2,245000.0,67.2,8867834.0,1678.931,21587.4,12560.0
2022-01-21,0.74,0.439,1702.0,1920.0,3.29,3087.2,245000.0,67.2,8867834.0,1706.127,21587.4,12560.0
2022-01-22,0.74,0.439,1702.0,1920.0,3.29,3087.2,238000.0,67.2,8867834.0,1706.127,21587.4,12560.0
2022-01-24,0.76,0.439,1702.0,1920.0,3.44,3087.2,238000.0,67.2,8867834.0,1614.002,21587.4,12560.0
2022-01-25,0.76,0.439,1702.0,1920.0,3.39,3087.2,238000.0,67.2,8867834.0,1599.502,21587.4,12560.0
2022-01-26,0.72,0.439,1702.0,1920.0,3.25,3087.2,238000.0,67.2,8860485.0,1613.046,21587.4,12560.0
2022-01-27,0.63,0.439,1702.0,1920.0,3.46,3087.2,238000.0,67.2,8860485.0,1583.895,21587.4,12560.0
2022-01-28,0.63,0.439,1702.0,1920.0,3.61,3087.2,238000.0,67.2,8860485.0,1615.021,21587.4,12560.0
2022-01-29,0.63,0.439,1702.0,1920.0,3.61,3087.2,231000.0,67.2,8860485.0,1615.021,21587.4,12560.0
2022-01-31,0.61,0.439,1702.0,1920.0,3.63,3087.2,231000.0,67.2,8860485.0,1654.85,21587.4,12560.0
2022-02-01,0.63,0.457,1735.0,1857.0,3.51,3161.3,231000.0,62.8,8860485.0,1584.109,21684.9,12608.0
2022-02-02,0.62,0.457,1735.0,1857.0,3.45,3161.3,231000.0,62.8,8873211.0,1626.895,21684.9,12608.0
2022-02-03,0.63,0.457,1735.0,1857.0,3.51,3161.3,231000.0,62.8,8873211.0,1640.397,21684.9,12608.0
2022-02-04,0.62,0.457,1735.0,1857.0,3.56,3161.3,231000.0,62.8,8873211.0,1642.892,21684.9,12608.0
2022-02-05,0.62,0.457,1735.0,1857.0,3.56,3161.3,210000.0,62.8,8873211.0,1642.892,21684.9,12608.0
2022-02-07,0.62,0.457,1735.0,1857.0,3.6,3161.3,210000.0,62.8,8873211.0,1679.932,21684.9,12608.0
2022-02-08,0.61,0.457,1735.0,1857.0,3.55,3161.3,210000.0,62.8,8873211.0,1674.61,21684.9,12608.0
2022-02-09,0.58,0.457,1735.0,1857.0,3.46,3161.3,210000.0,62.8,8878009.0,1653.153,21684.9,12608.0
2022-02-10,0.42,0.457,1735.0,1857.0,3.44,3161.3,210000.0,62.8,8878009.0,1634.146,21684.9,12608.0
2022-02-11,0.42,0.457,1735.0,1857.0,3.66,3161.3,210000.0,62.8,8878009.0,1635.826,21684.9,12608.0
2022-02-12,0.42,0.457,1735.0,1857.0,3.66,3161.3,234000.0,62.8,8878009.0,1635.826,21684.9,12608.0
2022-02-14,0.4,0.457,1735.0,1857.0,3.74,3161.3,234000.0,62.8,8878009.0,1666.232,21684.9,12608.0
2022-02-15,0.47,0.457,1735.0,1857.0,3.67,3161.3,234000.0,62.8,8878009.0,1608.494,21684.9,12608.0
2022-02-16,0.51,0.457,1735.0,1857.0,3.68,3161.3,234000.0,62.8,8911033.0,1644.134,21684.9,12608.0
2022-02-17,0.48,0.457,1735.0,1857.0,3.74,3161.3,234000.0,62.8,8911033.0,1647.202,21684.9,12608.0
2022-02-18,0.45,0.457,1735.0,1857.0,3.78,3161.3,234000.0,62.8,8911033.0,1674.929,21684.9,12608.0
2022-02-19,0.45,0.457,1735.0,1857.0,3.78,3161.3,225000.0,62.8,8911033.0,1674.929,21684.9,12608.0
2022-02-21,0.45,0.457,1735.0,1857.0,3.78,3161.3,225000.0,62.8,8911033.0,1674.929,21684.9,12608.0
2022-02-22,0.38,0.457,1735.0,1857.0,3.75,3161.3,225000.0,62.8,8911033.0,1699.432,21684.9,12608.0
2022-02-23,0.41,0.457,1735.0,1857.0,3.72,3161.3,225000.0,62.8,8928129.0,1738.322,21684.9,12608.0
2022-02-24,0.42,0.457,1735.0,1857.0,3.93,3161.3,225000.0,62.8,8928129.0,1650.399,21684.9,12608.0
2022-02-25,0.42,0.457,1735.0,1857.0,3.62,3161.3,225000.0,62.8,8928129.0,1603.349,21684.9,12608.0
2022-02-26,0.42,0.457,1735.0,1857.0,3.62,3161.3,209000.0,62.8,8928129.0,1603.349,21684.9,12608.0
2022-02-28,0.39,0.457,1735.0,1857.0,3.77,3161.3,209000.0,62.8,8928129.0,1596.052,21684.9,12608.0
2022-03-01,0.41,0.456,1712.0,1868.0,3.89,3176.1,209000.0,59.4,8928129.0,1552.95,21721.3,12676.0
2022-03-02,0.36,0.456,1712.0,1868.0,3.71,3176.1,209000.0,59.4,8904455.0,1526.211,21721.3,12676.0
2022-03-03,0.33,0.456,1712.0,1868.0,3.71,3176.1,209000.0,59.4,8904455.0,1533.992,21721.3,12676.0
2022-03-04,0.24,0.456,1712.0,1868.0,3.9,3176.1,209000.0,59.4,8904455.0,1483.061,21721.3,12676.0
2022-03-05,0.24,0.456,1712.0,1868.0,3.9,3176.1,222000.0,59.4,8904455.0,1483.061,21721.3,12676.0
2022-03-07,0.23,0.456,1712.0,1868.0,4.01,3176.1,222000.0,59.4,8904455.0,1461.227,21721.3,12676.0
2022-03-08,0.23,0.456,1712.0,1868.0,4.03,3176.1,222000.0,59.4,8904455.0,1525.099,21721.3,12676.0
2022-03-09,0.26,0.456,1712.0,1868.0,3.94,3176.1,222000.0,59.4,8910748.0,1542.504,21721.3,12676.0
2022-03-10,0.26,0.456,1712.0,1868.0,4.0,3176.1,222000.0,59.4,8910748.0,1568.735,21721.3,12676.0
2022-03-11,0.25,0.456,1712.0,1868.0,4.05,3176.1,222000.0,59.4,8910748.0,1557.823,21721.3,12676.0
2022-03-12,0.25,0.456,1712.0,1868.0,4.05,3176.1,217000.0,59.4,8910748.0,1557.823,21721.3,12676.0
2022-03-14,0.27,0.456,1712.0,1868.0,4.16,3176.1,217000.0,59.4,8910748.0,1608.021,21721.3,12676.0
2022-03-15,0.3,0.456,1712.0,1868.0,4.21,3176.1,217000.0,59.4,8910748.0,1583.471,21721.3,12676.0
2022-03-16,0.24,0.456,1712.0,1868.0,3.96,3176.1,217000.0,59.4,8954306.0,1613.637,21721.3,12676.0
2022-03-17,0.26,0.456,1712.0,1868.0,3.81,3176.1,217000.0,59.4,8954306.0,1659.977,21721.3,12676.0
2022-03-18,0.17,0.456,1712.0,1868.0,3.81,3176.1,217000.0,59.4,8954306.0,1715.148,21721.3,12676.0
2022-03-19,0.17,0.456,1712.0,1868.0,3.81,3176.1,207000.0,59.4,8954306.0,1715.148,21721.3,12676.0
2022-03-21,0.18,0.456,1712.0,1868.0,3.67,3176.1,207000.0,59.4,8954306.0,1728.893,21721.3,12676.0
2022-03-22,0.2,0.456,1712.0,1868.0,3.7,3176.1,207000.0,59.4,8954306.0,1763.183,21721.3,12676.0
2022-03-23,0.19,0.456,1712.0,1868.0,3.72,3176.1,207000.0,59.4,8962474.0,1803.186,21721.3,12676.0
2022-03-24,0.21,0.456,1712.0,1868.0,3.67,3176.1,207000.0,59.4,8962474.0,1707.655,21721.3,12676.0
2022-03-25,0.18,0.456,1712.0,1868.0,3.51,3176.1,207000.0,59.4,8962474.0,1676.974,21721.3,12676.0
2022-03-26,0.18,0.456,1712.0,1868.0,3.51,3176.1,214000.0,59.4,8962474.0,1676.974,21721.3,12676.0
2022-03-28,0.11,0.456,1712.0,1868.0,3.54,3176.1,214000.0,59.4,8962474.0,1688.632,21721.3,12676.0
2022-03-29,0.06,0.456,1712.0,1868.0,3.38,3176.1,214000.0,59.4,8962474.0,1718.87,21721.3,12676.0
2022-03-30,0.04,0.456,1712.0,1868.0,3.33,3176.1,214000.0,59.4,8937142.0,1785.939,21721.3,12676.0
2022-03-31,0.04,0.456,1712.0,1868.0,3.43,3176.1,214000.0,59.4,8937142.0,1871.97,21721.3,12676.0
2022-04-01,-0.05,0.454,1820.0,1859.0,3.4,3116.2,214000.0,65.2,8937142.0,1666.063,21750.0,12725.0
2022-04-02,-0.05,0.454,1820.0,1859.0,3.4,3116.2,215000.0,65.2,8937142.0,1666.063,21750.0,12725.0
2022-04-04,-0.01,0.454,1820.0,1859.0,3.33,3116.2,215000.0,65.2,8937142.0,1692.936,21750.0,12725.0
2022-04-05,0.03,0.454,1820.0,1859.0,3.27,3116.2,215000.0,65.2,8937142.0,1710.834,21750.0,12725.0
2022-04-06,0.11,0.454,1820.0,1859.0,3.48,3116.2,215000.0,65.2,8937592.0,1731.472,21750.0,12725.0
2022-04-07,0.19,0.454,1820.0,1859.0,3.54,3116.2,215000.0,65.2,8937592.0,1734.424,21750.0,12725.0
2022-04-08,0.19,0.454,1820.0,1859.0,3.57,3116.2,215000.0,65.2,8937592.0,1750.498,21750.0,12725.0
2022-04-09,0.19,0.454,1820.0,1859.0,3.57,3116.2,213000.0,65.2,8937592.0,1750.498,21750.0,12725.0
2022-04-11,0.29,0.454,1820.0,1859.0,3.73,3116.2,213000.0,65.2,8937592.0,1758.958,21750.0,12725.0
2022-04-12,0.33,0.454,1820.0,1859.0,3.75,3116.2,213000.0,65.2,8937592.0,1710.414,21750.0,12725.0
2022-04-13,0.33,0.454,1820.0,1859.0,3.77,3116.2,213000.0,65.2,8965487.0,1815.555,21750.0,12725.0
2022-04-14,0.36,0.454,1820.0,1859.0,3.68,3116.2,213000.0,65.2,8965487.0,1706.935,21750.0,12725.0
2022-04-15,0.36,0.454,1820.0,1859.0,3.68,3116.2,213000.0,65.2,8965487.0,1706.935,21750.0,12725.0
2022-04-16,0.36,0.454,1820.0,1859.0,3.68,3116.2,209000.0,65.2,8965487.0,1706.935,21750.0,12725.0
2022-04-18,0.39,0.454,1820.0,1859.0,3.64,3116.2,209000.0,65.2,8965487.0,1738.379,21750.0,12725.0
2022-04-19,0.32,0.454,1820.0,1859.0,3.58,3116.2,209000.0,65.2,8965487.0,1817.292,21750.0,12725.0
2022-04-20,0.25,0.454,1820.0,1859.0,3.56,3116.2,209000.0,65.2,8955851.0,1866.56,21750.0,12725.0
2022-04-21,0.22,0.454,1820.0,1859.0,3.5,3116.2,209000.0,65.2,8955851.0,1854.7,21750.0,12725.0
2022-04-22,0.18,0.454,1820.0,1859.0,3.65,3116.2,209000.0,65.2,8955851.0,1765.031,21750.0,12725.0
2022-04-23,0.18,0.454,1820.0,1859.0,3.65,3116.2,210000.0,65.2,8955851.0,1765.031,21750.0,12725.0
2022-04-25,0.18,0.454,1820.0,1859.0,3.8,3116.2,210000.0,65.2,8955851.0,1783.609,21750.0,12725.0
2022-04-26,0.23,0.454,1820.0,1859.0,3.83,3116.2,210000.0,65.2,8955851.0,1819.343,21750.0,12725.0
2022-04-27,0.24,0.454,1820.0,1859.0,3.89,3116.2,210000.0,65.2,8939199.0,1803.162,21750.0,12725.0
2022-04-28,0.22,0.454,1820.0,1859.0,3.83,3116.2,210000.0,65.2,8939199.0,1818.416,21750.0,12725.0
2022-04-29,0.19,0.454,1820.0,1859.0,3.93,3116.2,210000.0,65.2,8939199.0,1906.802,21750.0,12725.0
2022-04-30,0.19,0.454,1820.0,1859.0,3.97,3116.2,219000.0,65.2,8939199.0,1906.802,21750.0,12725.0
2022-05-01,0.19,0.458,1531.0,1704.0,3.97,3103.0,219000.0,58.4,8939199.0,1906.802,21690.7,12739.0
2022-05-02,0.26,0.458,1531.0,1704.0,4.05,3103.0,219000.0,58.4,8939199.0,1796.302,21690.7,12739.0
2022-05-03,0.19,0.458,1531.0,1704.0,3.97,3103.0,219000.0,58.4,8939199.0,1796.252,21690.7,12739.0
2022-05-04,0.27,0.458,1531.0,1704.0,4.1,3103.0,219000.0,58.4,8939972.0,1815.656,21690.7,12739.0
2022-05-05,0.34,0.458,1531.0,1704.0,4.03,3103.0,219000.0,58.4,8939972.0,1844.762,21690.7,12739.0
2022-05-06,0.4,0.458,1531.0,1704.0,4.18,3103.0,219000.0,58.4,8939972.0,1861.866,21690.7,12739.0
2022-05-07,0.4,0.458,1531.0,1704.0,4.18,3103.0,204000.0,58.4,8939972.0,1861.866,21690.7,12739.0
2022-05-09,0.44,0.458,1531.0,1704.0,4.47,3103.0,204000.0,58.4,8939972.0,1858.995,21690.7,12739.0
2022-05-10,0.37,0.458,1531.0,1704.0,4.52,3103.0,204000.0,58.4,8939972.0,1864.225,21690.7,12739.0
2022-05-11,0.25,0.458,1531.0,1704.0,4.55,3103.0,204000.0,58.4,8942008.0,1876.119,21690.7,12739.0
2022-05-12,0.28,0.458,1531.0,1704.0,4.77,3103.0,204000.0,58.4,8942008.0,1900.069,21690.7,12739.0
2022-05-13,0.32,0.458,1531.0,1704.0,4.63,3103.0,204000.0,58.4,8942008.0,1865.287,21690.7,12739.0
2022-05-14,0.32,0.458,1531.0,1704.0,4.63,3103.0,225000.0,58.4,8942008.0,1865.287,21690.7,12739.0
2022-05-16,0.3,0.458,1531.0,1704.0,4.71,3103.0,225000.0,58.4,8942008.0,1833.152,21690.7,12739.0
2022-05-17,0.27,0.458,1531.0,1704.0,4.6,3103.0,225000.0,58.4,8942008.0,1877.483,21690.7,12739.0
2022-05-18,0.21,0.458,1531.0,1704.0,4.84,3103.0,225000.0,58.4,8945898.0,1973.373,21690.7,12739.0
2022-05-19,0.21,0.458,1531.0,1704.0,4.92,3103.0,225000.0,58.4,8945898.0,1981.005,21690.7,12739.0
2022-05-20,0.18,0.458,1531.0,1704.0,4.91,3103.0,225000.0,58.4,8945898.0,1987.987,21690.7,12739.0
2022-05-21,0.18,0.458,1531.0,1704.0,4.91,3103.0,211000.0,58.4,8945898.0,1987.987,21690.7,12739.0
2022-05-23,0.21,0.458,1531.0,1704.0,4.82,3103.0,211000.0,58.4,8945898.0,2044.658,21690.7,12739.0
2022-05-24,0.26,0.458,1531.0,1704.0,4.94,3103.0,211000.0,58.4,8945898.0,1987.865,21690.7,12739.0
2022-05-25,0.27,0.458,1531.0,1704.0,4.74,3103.0,211000.0,58.4,8914281.0,1995.75,21690.7,12739.0
2022-05-26,0.29,0.458,1531.0,1704.0,4.38,3103.0,211000.0,58.4,8914281.0,2007.702,21690.7,12739.0
2022-05-27,0.27,0.458,1531.0,1704.0,4.19,3103.0,211000.0,58.4,8914281.0,2006.688,21690.7,12739.0
2022-05-28,0.27,0.458,1531.0,1704.0,4.19,3103.0,200000.0,58.4,8914281.0,2006.688,21690.7,12739.0
2022-05-30,0.27,0.458,1531.0,1704.0,4.19,3103.0,200000.0,58.4,8914281.0,2006.688,21690.7,12739.0
2022-05-31,0.32,0.458,1531.0,1704.0,4.22,3103.0,200000.0,58.4,8914281.0,1978.538,21690.7,12739.0
2022-06-01,0.28,0.471,1551.0,1737.0,4.13,3094.0,200000.0,50.0,8915050.0,1965.015,21642.9,12768.0
2022-06-02,0.27,0.471,1551.0,1737.0,4.15,3094.0,200000.0,50.0,8915050.0,1985.239,21642.9,12768.0
2022-06-03,0.3,0.471,1551.0,1737.0,4.21,3094.0,200000.0,50.0,8915050.0,2031.228,21642.9,12768.0
2022-06-04,0.3,0.471,1551.0,1737.0,4.21,3094.0,214000.0,50.0,8915050.0,2031.228,21642.9,12768.0
2022-06-06,0.31,0.471,1551.0,1737.0,4.19,3094.0,214000.0,50.0,8915050.0,2040.093,21642.9,12768.0
2022-06-07,0.23,0.471,1551.0,1737.0,4.34,3094.0,214000.0,50.0,8915050.0,2091.395,21642.9,12768.0
2022-06-08,0.25,0.471,1551.0,1737.0,4.34,3094.0,214000.0,50.0,8918254.0,2140.277,21642.9,12768.0
2022-06-09,0.21,0.471,1551.0,1737.0,4.42,3094.0,214000.0,50.0,8918254.0,2142.318,21642.9,12768.0
2022-06-10,0.09,0.471,1551.0,1737.0,4.51,3094.0,214000.0,50.0,8918254.0,2162.885,21642.9,12768.0
2022-06-11,0.09,0.471,1551.0,1737.0,4.51,3094.0,213000.0,50.0,8918254.0,2162.885,21642.9,12768.0
2022-06-13,0.03,0.471,1551.0,1737.0,4.87,3094.0,213000.0,50.0,8918254.0,2212.62,21642.9,12768.0
2022-06-14,0.04,0.471,1551.0,1737.0,4.9,3094.0,213000.0,50.0,8918254.0,2223.857,21642.9,12768.0
2022-06-15,0.13,0.471,1551.0,1737.0,4.82,3094.0,213000.0,50.0,8932420.0,2162.924,21642.9,12768.0
2022-06-16,0.14,0.471,1551.0,1737.0,5.17,3094.0,213000.0,50.0,8932420.0,2178.382,21642.9,12768.0
2022-06-17,0.08,0.471,1551.0,1737.0,5.15,3094.0,213000.0,50.0,8932420.0,2229.279,21642.9,12768.0
2022-06-18,0.08,0.471,1551.0,1737.0,5.15,3094.0,215000.0,50.0,8932420.0,2229.279,21642.9,12768.0
2022-06-20,0.08,0.471,1551.0,1737.0,5.15,3094.0,215000.0,50.0,8932420.0,2229.279,21642.9,12768.0
2022-06-21,0.1,0.471,1551.0,1737.0,5.05,3094.0,215000.0,50.0,8932420.0,2188.627,21642.9,12768.0
2022-06-22,0.1,0.471,1551.0,1737.0,5.32,3094.0,215000.0,50.0,8934346.0,2259.458,21642.9,12768.0
2022-06-23,0.08,0.471,1551.0,1737.0,5.38,3094.0,215000.0,50.0,8934346.0,2285.442,21642.9,12768.0
2022-06-24,0.09,0.471,1551.0,1737.0,5.18,3094.0,215000.0,50.0,8934346.0,2180.984,21642.9,12768.0
2022-06-25,0.09,0.471,1551.0,1737.0,5.18,3094.0,212000.0,50.0,8934346.0,2180.984,21642.9,12768.0
2022-06-27,0.12,0.471,1551.0,1737.0,5.11,3094.0,212000.0,50.0,8934346.0,2155.942,21642.9,12768.0
2022-06-28,0.1,0.471,1551.0,1737.0,5.26,3094.0,212000.0,50.0,8934346.0,2213.784,21642.9,12768.0
2022-06-29,0.04,0.471,1551.0,1737.0,5.62,3094.0,212000.0,50.0,8913553.0,2226.976,21642.9,12768.0
2022-06-30,0.06,0.471,1551.0,1737.0,5.87,3094.0,212000.0,50.0,8913553.0,2329.743,21642.9,12768.0
2022-07-01,0.04,0.483,1381.0,1703.0,5.92,3082.8,212000.0,51.5,8913553.0,2167.085,21641.7,12800.0
2022-07-02,0.04,0.483,1381.0,1703.0,5.92,3082.8,215000.0,51.5,8913553.0,2167.085,21641.7,12800.0
2022-07-04,0.04,0.483,1381.0,1703.0,5.93,3082.8,215000.0,51.5,8913553.0,2167.085,21641.7,12800.0
2022-07-05,0.0,0.483,1381.0,1703.0,5.99,3082.8,215000.0,51.5,8913553.0,2138.28,21641.7,12800.0
2022-07-06,-0.04,0.483,1381.0,1703.0,5.8,3082.8,215000.0,51.5,8891851.0,2168.026,21641.7,12800.0
2022-07-07,-0.02,0.483,1381.0,1703.0,5.5,3082.8,215000.0,51.5,8891851.0,2172.457,21641.7,12800.0
2022-07-08,-0.03,0.483,1381.0,1703.0,5.36,3082.8,215000.0,51.5,8891851.0,2144.921,21641.7,12800.0
2022-07-09,-0.03,0.483,1381.0,1703.0,5.36,3082.8,212000.0,51.5,8891851.0,2144.921,21641.7,12800.0
2022-07-11,-0.08,0.483,1381.0,1703.0,5.44,3082.8,212000.0,51.5,8891851.0,2164.266,21641.7,12800.0
2022-07-12,-0.07,0.483,1381.0,1703.0,5.43,3082.8,212000.0,51.5,8891851.0,2146.132,21641.7,12800.0
2022-07-13,-0.22,0.483,1381.0,1703.0,5.47,3082.8,212000.0,51.5,8895867.0,2155.29,21641.7,12800.0
2022-07-14,-0.19,0.483,1381.0,1703.0,5.53,3082.8,212000.0,51.5,8895867.0,2207.121,21641.7,12800.0
2022-07-15,-0.2,0.483,1381.0,1703.0,5.39,3082.8,212000.0,51.5,8895867.0,2153.75,21641.7,12800.0
2022-07-16,-0.2,0.483,1381.0,1703.0,5.39,3082.8,216000.0,51.5,8895867.0,2153.75,21641.7,12800.0
2022-07-18,-0.19,0.483,1381.0,1703.0,5.25,3082.8,216000.0,51.5,8895867.0,2190.375,21641.7,12800.0
2022-07-19,-0.22,0.483,1381.0,1703.0,5.1,3082.8,216000.0,51.5,8895867.0,2211.821,21641.7,12800.0
2022-07-20,-0.21,0.483,1381.0,1703.0,4.9,3082.8,216000.0,51.5,8899213.0,2240.204,21641.7,12800.0
2022-07-21,-0.19,0.483,1381.0,1703.0,4.99,3082.8,216000.0,51.5,8899213.0,2271.756,21641.7,12800.0
2022-07-22,-0.21,0.483,1381.0,1703.0,4.96,3082.8,216000.0,51.5,8899213.0,2228.959,21641.7,12800.0
2022-07-23,-0.21,0.483,1381.0,1703.0,4.96,3082.8,220000.0,51.5,8899213.0,2228.959,21641.7,12800.0
2022-07-25,-0.19,0.483,1381.0,1703.0,4.95,3082.8,220000.0,51.5,8899213.0,2192.367,21641.7,12800.0
2022-07-26,-0.21,0.483,1381.0,1703.0,5.06,3082.8,220000.0,51.5,8899213.0,2189.474,21641.7,12800.0
2022-07-27,-0.18,0.483,1381.0,1703.0,5.07,3082.8,220000.0,51.5,8890004.0,2188.994,21641.7,12800.0
2022-07-28,-0.17,0.483,1381.0,1703.0,4.98,3082.8,220000.0,51.5,8890004.0,2239.883,21641.7,12800.0
2022-07-29,-0.22,0.483,1381.0,1703.0,4.77,3082.8,220000.0,51.5,8890004.0,2300.2,21641.7,12800.0
2022-07-30,-0.22,0.483,1381.0,1703.0,4.77,3082.8,228000.0,51.5,8890004.0,2300.2,21641.7,12800.0
2022-07-31,-0.22,0.483,1381.0,1703.0,4.83,3082.8,228000.0,51.5,8890004.0,2300.2,21641.7,12800.0
2022-08-01,-0.3,0.489,1531.0,1557.0,4.8,3070.4,228000.0,58.2,8890004.0,2161.885,21606.7,12826.0
2022-08-02,-0.31,0.489,1531.0,1557.0,4.61,3070.4,228000.0,58.2,8890004.0,2156.013,21606.7,12826.0
2022-08-03,-0.37,0.489,1531.0,1557.0,4.54,3070.4,228000.0,58.2,8874620.0,2182.238,21606.7,12826.0
2022-08-04,-0.35,0.489,1531.0,1557.0,4.55,3070.4,228000.0,58.2,8874620.0,2191.546,21606.7,12826.0
2022-08-05,-0.41,0.489,1531.0,1557.0,4.44,3070.4,228000.0,58.2,8874620.0,2194.927,21606.7,12826.0
2022-08-06,-0.41,0.489,1531.0,1557.0,4.44,3070.4,221000.0,58.2,8874620.0,2194.927,21606.7,12826.0
2022-08-08,-0.44,0.489,1531.0,1557.0,4.41,3070.4,221000.0,58.2,8874620.0,2195.692,21606.7,12826.0
2022-08-09,-0.48,0.489,1531.0,1557.0,4.46,3070.4,221000.0,58.2,8874620.0,2186.568,21606.7,12826.0
2022-08-10,-0.45,0.489,1531.0,1557.0,4.33,3070.4,221000.0,58.2,8879138.0,2177.646,21606.7,12826.0
2022-08-11,-0.36,0.489,1531.0,1557.0,4.21,3070.4,221000.0,58.2,8879138.0,2199.247,21606.7,12826.0
2022-08-12,-0.41,0.489,1531.0,1557.0,4.25,3070.4,221000.0,58.2,8879138.0,2213.193,21606.7,12826.0
2022-08-13,-0.41,0.489,1531.0,1557.0,4.25,3070.4,220000.0,58.2,8879138.0,2213.193,21606.7,12826.0
2022-08-15,-0.41,0.489,1531.0,1557.0,4.24,3070.4,220000.0,58.2,8879138.0,2175.857,21606.7,12826.0
2022-08-16,-0.43,0.489,1531.0,1557.0,4.25,3070.4,220000.0,58.2,8879138.0,2165.332,21606.7,12826.0
2022-08-17,-0.39,0.489,1531.0,1557.0,4.33,3070.4,220000.0,58.2,8849762.0,2199.631,21606.7,12826.0
2022-08-18,-0.34,0.489,1531.0,1557.0,4.37,3070.4,220000.0,58.2,8849762.0,2218.161,21606.7,12826.0
2022-08-19,-0.27,0.489,1531.0,1557.0,4.45,3070.4,220000.0,58.2,8849762.0,2221.68,21606.7,12826.0
2022-08-20,-0.27,0.489,1531.0,1557.0,4.45,3070.4,215000.0,58.2,8849762.0,2221.68,21606.7,12826.0
2022-08-22,-0.29,0.489,1531.0,1557.0,4.62,3070.4,215000.0,58.2,8849762.0,2235.665,21606.7,12826.0
2022-08-23,-0.24,0.489,1531.0,1557.0,4.68,3070.4,215000.0,58.2,8849762.0,2250.718,21606.7,12826.0
2022-08-24,-0.25,0.489,1531.0,1557.0,4.61,3070.4,215000.0,58.2,8851436.0,2237.072,21606.7,12826.0
2022-08-25,-0.32,0.489,1531.0,1557.0,4.6,3070.4,215000.0,58.2,8851436.0,2187.907,21606.7,12826.0
2022-08-26,-0.33,0.489,1531.0,1557.0,4.65,3070.4,215000.0,58.2,8851436.0,2182.452,21606.7,12826.0
2022-08-27,-0.33,0.489,1531.0,1557.0,4.65,3070.4,210000.0,58.2,8851436.0,2182.452,21606.7,12826.0
2022-08-29,-0.3,0.489,1531.0,1557.0,4.78,3070.4,210000.0,58.2,8851436.0,2205.188,21606.7,12826.0
2022-08-30,-0.35,0.489,1531.0,1557.0,4.9,3070.4,210000.0,58.2,8851436.0,2188.975,21606.7,12826.0
2022-08-31,-0.3,0.489,1531.0,1557.0,5.03,3070.4,210000.0,58.2,8826093.0,2251.025,21606.7,12826.0
2022-09-01,-0.25,0.481,1488.0,1600.0,5.08,3067.0,210000.0,58.6,8826093.0,2173.156,21520.8,12848.0
2022-09-02,-0.2,0.481,1488.0,1600.0,5.06,3067.0,210000.0,58.6,8826093.0,2173.413,21520.8,12848.0
2022-09-03,-0.2,0.481,1488.0,1600.0,5.06,3067.0,204000.0,58.6,8826093.0,2173.413,21520.8,12848.0
2022-09-05,-0.2,0.481,1488.0,1600.0,5.07,3067.0,204000.0,58.6,8826093.0,2173.413,21520.8,12848.0
2022-09-06,-0.17,0.481,1488.0,1600.0,4.98,3067.0,204000.0,58.6,8826093.0,2188.796,21520.8,12848.0
2022-09-07,-0.18,0.481,1488.0,1600.0,4.97,3067.0,204000.0,58.6,8822401.0,2206.987,21520.8,12848.0
2022-09-08,-0.19,0.481,1488.0,1600.0,4.8,3067.0,204000.0,58.6,8822401.0,2210.466,21520.8,12848.0
2022-09-09,-0.23,0.481,1488.0,1600.0,4.57,3067.0,204000.0,58.6,8822401.0,2209.714,21520.8,12848.0
2022-09-10,-0.23,0.481,1488.0,1600.0,4.57,3067.0,197000.0,58.6,8822401.0,2209.714,21520.8,12848.0
2022-09-12,-0.21,0.481,1488.0,1600.0,4.5,3067.0,197000.0,58.6,8822401.0,2218.546,21520.8,12848.0
2022-09-13,-0.33,0.481,1488.0,1600.0,4.68,3067.0,197000.0,58.6,8822401.0,2202.719,21520.8,12848.0
2022-09-14,-0.37,0.481,1488.0,1600.0,4.74,3067.0,197000.0,58.6,8832759.0,2225.579,21520.8,12848.0
2022-09-15,-0.42,0.481,1488.0,1600.0,4.77,3067.0,197000.0,58.6,8832759.0,2176.188,21520.8,12848.0
2022-09-16,-0.4,0.481,1488.0,1600.0,5.0,3067.0,197000.0,58.6,8832759.0,2186.833,21520.8,12848.0
2022-09-17,-0.4,0.481,1488.0,1600.0,5.0,3067.0,201000.0,58.6,8832759.0,2186.833,21520.8,12848.0
2022-09-19,-0.46,0.481,1488.0,1600.0,4.88,3067.0,201000.0,58.6,8832759.0,2217.542,21520.8,12848.0
2022-09-20,-0.39,0.481,1488.0,1600.0,4.88,3067.0,201000.0,58.6,8832759.0,2238.87,21520.8,12848.0
2022-09-21,-0.51,0.481,1488.0,1600.0,4.87,3067.0,201000.0,58.6,8816802.0,2315.9,21520.8,12848.0
2022-09-22,-0.41,0.481,1488.0,1600.0,4.91,3067.0,201000.0,58.6,8816802.0,2359.227,21520.8,12848.0
2022-09-23,-0.51,0.481,1488.0,1600.0,5.12,3067.0,201000.0,58.6,8816802.0,2319.361,21520.8,12848.0
2022-09-24,-0.51,0.481,1488.0,1600.0,5.12,3067.0,189000.0,58.6,8816802.0,2319.361,21520.8,12848.0
2022-09-26,-0.39,0.481,1488.0,1600.0,5.18,3067.0,189000.0,58.6,8816802.0,2299.011,21520.8,12848.0
2022-09-27,-0.33,0.481,1488.0,1600.0,5.22,3067.0,189000.0,58.6,8816802.0,2327.111,21520.8,12848.0
2022-09-28,-0.35,0.481,1488.0,1600.0,5.47,3067.0,189000.0,58.6,8795567.0,2366.798,21520.8,12848.0
2022-09-29,-0.4,0.481,1488.0,1600.0,5.5,3067.0,189000.0,58.6,8795567.0,2371.763,21520.8,12848.0
2022-09-30,-0.39,0.481,1488.0,1600.0,5.43,3067.0,189000.0,58.6,8795567.0,2425.91,21520.8,12848.0
2022-10-01,-0.39,0.505,1435.0,1594.0,5.43,3061.3,204000.0,59.9,8795567.0,2425.91,21424.4,12883.0
2022-10-03,-0.45,0.505,1435.0,1594.0,5.43,3061.3,204000.0,59.9,8795567.0,2252.523,21424.4,12883.0
2022-10-04,-0.48,0.505,1435.0,1594.0,5.12,3061.3,204000.0,59.9,8795567.0,2233.616,21424.4,12883.0
2022-10-05,-0.39,0.505,1435.0,1594.0,5.09,3061.3,204000.0,59.9,8759053.0,2230.799,21424.4,12883.0
2022-10-06,-0.4,0.505,1435.0,1594.0,4.95,3061.3,204000.0,59.9,8759053.0,2232.801,21424.4,12883.0
2022-10-07,-0.41,0.505,1435.0,1594.0,5.02,3061.3,204000.0,59.9,8759053.0,2226.95,21424.4,12883.0
2022-10-08,-0.41,0.505,1435.0,1594.0,5.02,3061.3,206000.0,59.9,8759053.0,2226.95,21424.4,12883.0
2022-10-10,-0.41,0.505,1435.0,1594.0,5.03,3061.3,206000.0,59.9,8759053.0,2226.95,21424.4,12883.0
2022-10-11,-0.37,0.505,1435.0,1594.0,5.25,3061.3,206000.0,59.9,8759053.0,2222.479,21424.4,12883.0
2022-10-12,-0.37,0.505,1435.0,1594.0,5.31,3061.3,206000.0,59.9,8758969.0,2247.206,21424.4,12883.0
2022-10-13,-0.5,0.505,1435.0,1594.0,5.25,3061.3,206000.0,59.9,8758969.0,2244.1,21424.4,12883.0
2022-10-14,-0.48,0.505,1435.0,1594.0,5.15,3061.3,206000.0,59.9,8758969.0,2222.052,21424.4,12883.0
2022-10-15,-0.48,0.505,1435.0,1594.0,5.15,3061.3,199000.0,59.9,8758969.0,2222.052,21424.4,12883.0
2022-10-17,-0.43,0.505,1435.0,1594.0,5.04,3061.3,199000.0,59.9,8758969.0,2172.301,21424.4,12883.0
2022-10-18,-0.42,0.505,1435.0,1594.0,4.95,3061.3,199000.0,59.9,8758969.0,2226.725,21424.4,12883.0
2022-10-19,-0.41,0.505,1435.0,1594.0,4.97,3061.3,199000.0,59.9,8743922.0,2241.835,21424.4,12883.0
2022-10-20,-0.38,0.505,1435.0,1594.0,4.89,3061.3,199000.0,59.9,8743922.0,2234.071,21424.4,12883.0
2022-10-21,-0.28,0.505,1435.0,1594.0,4.99,3061.3,199000.0,59.9,8743922.0,2265.809,21424.4,12883.0
2022-10-22,-0.28,0.505,1435.0,1594.0,4.99,3061.3,201000.0,59.9,8743922.0,2265.809,21424.4,12883.0
2022-10-24,-0.25,0.505,1435.0,1594.0,4.91,3061.3,201000.0,59.9,8743922.0,2242.044,21424.4,12883.0
2022-10-25,-0.32,0.505,1435.0,1594.0,4.88,3061.3,201000.0,59.9,8743922.0,2195.616,21424.4,12883.0
2022-10-26,-0.35,0.505,1435.0,1594.0,4.8,3061.3,201000.0,59.9,8723090.0,2186.856,21424.4,12883.0
2022-10-27,-0.34,0.505,1435.0,1594.0,4.76,3061.3,201000.0,59.9,8723090.0,2152.485,21424.4,12883.0
2022-10-28,-0.39,0.505,1435.0,1594.0,4.54,3061.3,201000.0,59.9,8723090.0,2183.29,21424.4,12883.0
2022-10-29,-0.39,0.505,1435.0,1594.0,4.54,3061.3,202000.0,59.9,8723090.0,2183.29,21424.4,12883.0
2022-10-31,-0.41,0.505,1435.0,1594.0,4.63,3061.3,202000.0,59.9,8723090.0,2275.459,21424.4,12883.0
2022-11-01,-0.47,0.51,1424.0,1401.0,4.61,3035.5,202000.0,56.7,8723090.0,2200.51,21358.1,12896.0
2022-11-02,-0.51,0.51,1424.0,1401.0,4.62,3035.5,202000.0,56.7,8676870.0,2229.861,21358.1,12896.0
2022-11-03,-0.57,0.51,1424.0,1401.0,4.81,3035.5,202000.0,56.7,8676870.0,2219.791,21358.1,12896.0
2022-11-04,-0.49,0.51,1424.0,1401.0,4.77,3035.5,202000.0,56.7,8676870.0,2230.84,21358.1,12896.0
2022-11-05,-0.49,0.51,1424.0,1401.0,4.77,3035.5,204000.0,56.7,8676870.0,2230.84,21358.1,12896.0
2022-11-07,-0.5,0.51,1424.0,1401.0,4.71,3035.5,204000.0,56.7,8676870.0,2241.317,21358.1,12896.0
2022-11-08,-0.53,0.51,1424.0,1401.0,4.79,3035.5,204000.0,56.7,8676870.0,2232.555,21358.1,12896.0
2022-11-09,-0.49,0.51,1424.0,1401.0,4.99,3035.5,204000.0,56.7,8678886.0,2237.812,21358.1,12896.0
2022-11-10,-0.52,0.51,1424.0,1401.0,4.8,3035.5,204000.0,56.7,8678886.0,2200.586,21358.1,12896.0
2022-11-11,-0.52,0.51,1424.0,1401.0,4.81,3035.5,204000.0,56.7,8678886.0,2200.586,21358.1,12896.0
2022-11-12,-0.52,0.51,1424.0,1401.0,4.81,3035.5,210000.0,56.7,8678886.0,2200.586,21358.1,12896.0
2022-11-14,-0.52,0.51,1424.0,1401.0,4.67,3035.5,210000.0,56.7,8678886.0,2165.018,21358.1,12896.0
2022-11-15,-0.57,0.51,1424.0,1401.0,4.64,3035.5,210000.0,56.7,8678886.0,2086.574,21358.1,12896.0
2022-11-16,-0.68,0.51,1424.0,1401.0,4.71,3035.5,210000.0,56.7,8625620.0,2099.07,21358.1,12896.0
2022-11-17,-0.66,0.51,1424.0,1401.0,4.75,3035.5,210000.0,56.7,8625620.0,2114.439,21358.1,12896.0
2022-11-18,-0.69,0.51,1424.0,1401.0,4.65,3035.5,210000.0,56.7,8625620.0,2113.413,21358.1,12896.0
2022-11-19,-0.69,0.51,1424.0,1401.0,4.65,3035.5,220000.0,56.7,8625620.0,2113.413,21358.1,12896.0
2022-11-21,-0.65,0.51,1424.0,1401.0,4.64,3035.5,220000.0,56.7,8625620.0,2125.426,21358.1,12896.0
2022-11-22,-0.71,0.51,1424.0,1401.0,4.57,3035.5,220000.0,56.7,8625620.0,2103.932,21358.1,12896.0
2022-11-23,-0.75,0.51,1424.0,1401.0,4.51,3035.5,220000.0,56.7,8621390.0,2069.174,21358.1,12896.0
2022-11-24,-0.75,0.51,1424.0,1401.0,4.51,3035.5,220000.0,56.7,8621390.0,2069.174,21358.1,12896.0
2022-11-25,-0.74,0.51,1424.0,1401.0,4.52,3035.5,220000.0,56.7,8621390.0,2031.066,21358.1,12896.0
2022-11-26,-0.74,0.51,1424.0,1401.0,4.52,3035.5,209000.0,56.7,8621390.0,2031.066,21358.1,12896.0
2022-11-28,-0.77,0.51,1424.0,1401.0,4.63,3035.5,209000.0,56.7,8621390.0,2054.914,21358.1,12896.0
2022-11-29,-0.73,0.51,1424.0,1401.0,4.63,3035.5,209000.0,56.7,8621390.0,2064.377,21358.1,12896.0
2022-11-30,-0.7,0.51,1424.0,1401.0,4.55,3035.5,209000.0,56.7,8584576.0,2115.913,21358.1,12896.0
2022-12-01,-0.72,0.508,1308.0,1410.0,4.48,2997.4,209000.0,59.8,8584576.0,2050.286,21219.0,12889.0
2022-12-02,-0.77,0.508,1308.0,1410.0,4.5,2997.4,209000.0,59.8,8584576.0,2049.763,21219.0,12889.0
2022-12-03,-0.77,0.508,1308.0,1410.0,4.5,2997.4,209000.0,59.8,8584576.0,2049.763,21219.0,12889.0
2022-12-05,-0.81,0.508,1308.0,1410.0,4.43,2997.4,209000.0,59.8,8584576.0,2093.647,21219.0,12889.0
2022-12-06,-0.83,0.508,1308.0,1410.0,4.57,2997.4,209000.0,59.8,8584576.0,2111.465,21219.0,12889.0
2022-12-07,-0.84,0.508,1308.0,1410.0,4.68,2997.4,209000.0,59.8,8582735.0,2151.549,21219.0,12889.0
2022-12-08,-0.83,0.508,1308.0,1410.0,4.55,2997.4,209000.0,59.8,8582735.0,2175.973,21219.0,12889.0
2022-12-09,-0.76,0.508,1308.0,1410.0,4.46,2997.4,209000.0,59.8,8582735.0,2146.748,21219.0,12889.0
2022-12-10,-0.76,0.508,1308.0,1410.0,4.46,2997.4,210000.0,59.8,8582735.0,2146.748,21219.0,12889.0
2022-12-12,-0.78,0.508,1308.0,1410.0,4.4,2997.4,210000.0,59.8,8582735.0,2158.517,21219.0,12889.0
2022-12-13,-0.71,0.508,1308.0,1410.0,4.34,2997.4,210000.0,59.8,8582735.0,2180.676,21219.0,12889.0
2022-12-14,-0.74,0.508,1308.0,1410.0,4.37,2997.4,210000.0,59.8,8583413.0,2192.864,21219.0,12889.0
2022-12-15,-0.79,0.508,1308.0,1410.0,4.54,2997.4,210000.0,59.8,8583413.0,2123.995,21219.0,12889.0
2022-12-16,-0.69,0.508,1308.0,1410.0,4.67,2997.4,210000.0,59.8,8583413.0,2126.54,21219.0,12889.0
2022-12-17,-0.69,0.508,1308.0,1410.0,4.67,2997.4,213000.0,59.8,8583413.0,2126.54,21219.0,12889.0
2022-12-19,-0.68,0.508,1308.0,1410.0,4.67,2997.4,213000.0,59.8,8583413.0,2134.765,21219.0,12889.0
2022-12-20,-0.56,0.508,1308.0,1410.0,4.68,2997.4,213000.0,59.8,8583413.0,2159.408,21219.0,12889.0
2022-12-21,-0.53,0.508,1308.0,1410.0,4.56,2997.4,213000.0,59.8,8564411.0,2206.965,21219.0,12889.0
2022-12-22,-0.57,0.508,1308.0,1410.0,4.61,2997.4,213000.0,59.8,8564411.0,2222.898,21219.0,12889.0
2022-12-23,-0.56,0.508,1308.0,1410.0,4.59,2997.4,213000.0,59.8,8564411.0,2216.348,21219.0,12889.0
2022-12-24,-0.56,0.508,1308.0,1410.0,4.59,2997.4,204000.0,59.8,8564411.0,2216.348,21219.0,12889.0
2022-12-26,-0.56,0.508,1308.0,1410.0,4.59,2997.4,204000.0,59.8,8564411.0,2216.348,21219.0,12889.0
2022-12-27,-0.48,0.508,1308.0,1410.0,4.55,2997.4,204000.0,59.8,8564411.0,2221.259,21219.0,12889.0
2022-12-28,-0.43,0.508,1308.0,1410.0,4.77,2997.4,204000.0,59.8,8551169.0,2293.003,21219.0,12889.0
2022-12-29,-0.51,0.508,1308.0,1410.0,4.81,2997.4,204000.0,59.8,8551169.0,2308.319,21219.0,12889.0
2022-12-30,-0.53,0.508,1308.0,1410.0,4.79,2997.4,204000.0,59.8,8551169.0,2553.716,21219.0,12889.0
2022-12-31,-0.53,0.508,1308.0,1410.0,4.81,2997.4,204000.0,59.8,8551169.0,2553.716,21219.0,12889.0
2023-01-01,-0.53,0.504,1361.0,1410.0,4.81,2975.2,204000.0,64.9,8551169.0,2553.716,21205.4,12897.0
2023-01-02,-0.53,0.504,1361.0,1410.0,4.81,2975.2,204000.0,64.9,8551169.0,2553.716,21205.4,12897.0
2023-01-03,-0.61,0.504,1361.0,1410.0,4.7,2975.2,204000.0,64.9,8551169.0,2188.272,21205.4,12897.0
2023-01-04,-0.67,0.504,1361.0,1410.0,4.62,2975.2,204000.0,64.9,8507429.0,2229.542,21205.4,12897.0
2023-01-05,-0.74,0.504,1361.0,1410.0,4.58,2975.2,204000.0,64.9,8507429.0,2242.486,21205.4,12897.0
2023-01-06,-0.69,0.504,1361.0,1410.0,4.47,2975.2,204000.0,64.9,8507429.0,2208.265,21205.4,12897.0
2023-01-07,-0.69,0.504,1361.0,1410.0,4.47,2975.2,208000.0,64.9,8507429.0,2208.265,21205.4,12897.0
2023-01-09,-0.66,0.504,1361.0,1410.0,4.37,2975.2,208000.0,64.9,8507429.0,2199.121,21205.4,12897.0
2023-01-10,-0.63,0.504,1361.0,1410.0,4.33,2975.2,208000.0,64.9,8507429.0,2192.942,21205.4,12897.0
2023-01-11,-0.66,0.504,1361.0,1410.0,4.3,2975.2,208000.0,64.9,8508587.0,2199.17,21205.4,12897.0
2023-01-12,-0.69,0.504,1361.0,1410.0,4.29,2975.2,208000.0,64.9,8508587.0,2202.989,21205.4,12897.0
2023-01-13,-0.73,0.504,1361.0,1410.0,4.21,2975.2,208000.0,64.9,8508587.0,2179.781,21205.4,12897.0
2023-01-14,-0.73,0.504,1361.0,1410.0,4.21,2975.2,203000.0,64.9,8508587.0,2179.781,21205.4,12897.0
2023-01-16,-0.73,0.504,1361.0,1410.0,4.19,2975.2,203000.0,64.9,8508587.0,2179.781,21205.4,12897.0
2023-01-17,-0.65,0.504,1361.0,1410.0,4.19,2975.2,203000.0,64.9,8508587.0,2093.328,21205.4,12897.0
2023-01-18,-0.69,0.504,1361.0,1410.0,4.25,2975.2,203000.0,64.9,8489039.0,2131.678,21205.4,12897.0
2023-01-19,-0.7,0.504,1361.0,1410.0,4.39,2975.2,203000.0,64.9,8489039.0,2110.145,21205.4,12897.0
2023-01-20,-0.66,0.504,1361.0,1410.0,4.35,2975.2,203000.0,64.9,8489039.0,2090.523,21205.4,12897.0
2023-01-21,-0.66,0.504,1361.0,1410.0,4.35,2975.2,203000.0,64.9,8489039.0,2090.523,21205.4,12897.0
2023-01-23,-0.69,0.504,1361.0,1410.0,4.27,2975.2,203000.0,64.9,8489039.0,2135.499,21205.4,12897.0
2023-01-24,-0.66,0.504,1361.0,1410.0,4.33,2975.2,203000.0,64.9,8489039.0,2048.386,21205.4,12897.0
2023-01-25,-0.65,0.504,1361.0,1410.0,4.35,2975.2,203000.0,64.9,8470557.0,2031.561,21205.4,12897.0
2023-01-26,-0.68,0.504,1361.0,1410.0,4.24,2975.2,203000.0,64.9,8470557.0,2024.069,21205.4,12897.0
2023-01-27,-0.67,0.504,1361.0,1410.0,4.23,2975.2,203000.0,64.9,8470557.0,2003.634,21205.4,12897.0
2023-01-28,-0.67,0.504,1361.0,1410.0,4.23,2975.2,200000.0,64.9,8470557.0,2003.634,21205.4,12897.0
2023-01-30,-0.7,0.504,1361.0,1410.0,4.26,2975.2,200000.0,64.9,8470557.0,2048.714,21205.4,12897.0
2023-01-31,-0.69,0.504,1361.0,1410.0,4.3,2975.2,200000.0,64.9,8470557.0,2061.572,21205.4,12897.0
2023-02-01,-0.7,0.521,1399.0,1618.0,4.31,2961.7,200000.0,66.9,8433610.0,2038.262,21184.7,12900.0
2023-02-02,-0.69,0.521,1399.0,1618.0,3.94,2961.7,200000.0,66.9,8433610.0,2050.063,21184.7,12900.0
2023-02-03,-0.77,0.521,1399.0,1618.0,3.95,2961.7,200000.0,66.9,8433610.0,2041.217,21184.7,12900.0
2023-02-04,-0.77,0.521,1399.0,1618.0,3.95,2961.7,215000.0,66.9,8433610.0,2041.217,21184.7,12900.0
2023-02-06,-0.81,0.521,1399.0,1618.0,3.99,2961.7,215000.0,66.9,8433610.0,2072.261,21184.7,12900.0
2023-02-07,-0.8,0.521,1399.0,1618.0,3.99,2961.7,215000.0,66.9,8433610.0,2057.958,21184.7,12900.0
2023-02-08,-0.82,0.521,1399.0,1618.0,4.07,2961.7,215000.0,66.9,8435369.0,2059.604,21184.7,12900.0
2023-02-09,-0.81,0.521,1399.0,1618.0,4.05,2961.7,215000.0,66.9,8435369.0,2058.942,21184.7,12900.0
2023-02-10,-0.76,0.521,1399.0,1618.0,4.24,2961.7,215000.0,66.9,8435369.0,2042.893,21184.7,12900.0
2023-02-11,-0.76,0.521,1399.0,1618.0,4.24,2961.7,219000.0,66.9,8435369.0,2042.893,21184.7,12900.0
2023-02-13,-0.8,0.521,1399.0,1618.0,4.23,2961.7,219000.0,66.9,8435369.0,2107.775,21184.7,12900.0
2023-02-14,-0.83,0.521,1399.0,1618.0,4.15,2961.7,219000.0,66.9,8435369.0,2076.548,21184.7,12900.0
2023-02-15,-0.81,0.521,1399.0,1618.0,4.18,2961.7,219000.0,66.9,8384767.0,2011.998,21184.7,12900.0
2023-02-16,-0.76,0.521,1399.0,1618.0,4.24,2961.7,219000.0,66.9,8384767.0,2032.457,21184.7,12900.0
2023-02-17,-0.78,0.521,1399.0,1618.0,4.38,2961.7,219000.0,66.9,8384767.0,2059.662,21184.7,12900.0
2023-02-18,-0.78,0.521,1399.0,1618.0,4.38,2961.7,217000.0,66.9,8384767.0,2059.662,21184.7,12900.0
2023-02-20,-0.78,0.521,1399.0,1618.0,4.38,2961.7,217000.0,66.9,8384767.0,2059.662,21184.7,12900.0
2023-02-21,-0.72,0.521,1399.0,1618.0,4.49,2961.7,217000.0,66.9,8384767.0,2046.064,21184.7,12900.0
2023-02-22,-0.73,0.521,1399.0,1618.0,4.41,2961.7,217000.0,66.9,8382190.0,2113.849,21184.7,12900.0
2023-02-23,-0.78,0.521,1399.0,1618.0,4.3,2961.7,217000.0,66.9,8382190.0,2147.417,21184.7,12900.0
2023-02-24,-0.83,0.521,1399.0,1618.0,4.28,2961.7,217000.0,66.9,8382190.0,2142.141,21184.7,12900.0
2023-02-25,-0.83,0.521,1399.0,1618.0,4.28,2961.7,209000.0,66.9,8382190.0,2142.141,21184.7,12900.0
2023-02-27,-0.86,0.521,1399.0,1618.0,4.21,2961.7,209000.0,66.9,8382190.0,2162.435,21184.7,12900.0
2023-02-28,-0.89,0.521,1399.0,1618.0,4.22,2961.7,209000.0,66.9,8382190.0,2188.035,21184.7,12900.0
2023-03-01,-0.88,0.493,1377.0,1480.0,4.17,2930.5,209000.0,62.0,8339684.0,2133.95,20876.1,12890.0
2023-03-02,-0.81,0.493,1377.0,1480.0,4.18,2930.5,209000.0,62.0,8339684.0,2192.355,20876.1,12890.0
2023-03-03,-0.89,0.493,1377.0,1480.0,4.05,2930.5,209000.0,62.0,8339684.0,2186.15,20876.1,12890.0
2023-03-04,-0.89,0.493,1377.0,1480.0,4.05,2930.5,229000.0,62.0,8339684.0,2186.15,20876.1,12890.0
2023-03-06,-0.91,0.493,1377.0,1480.0,3.97,2930.5,229000.0,62.0,8339684.0,2190.793,20876.1,12890.0
2023-03-07,-1.03,0.493,1377.0,1480.0,3.98,2930.5,229000.0,62.0,8339684.0,2170.195,20876.1,12890.0
2023-03-08,-1.07,0.493,1377.0,1480.0,4.09,2930.5,229000.0,62.0,8342283.0,2193.237,20876.1,12890.0
2023-03-09,-0.97,0.493,1377.0,1480.0,4.27,2930.5,229000.0,62.0,8342283.0,2229.623,20876.1,12890.0
2023-03-10,-0.9,0.493,1377.0,1480.0,4.61,2930.5,229000.0,62.0,8342283.0,2188.375,20876.1,12890.0
2023-03-11,-0.9,0.493,1377.0,1480.0,4.61,2930.5,222000.0,62.0,8342283.0,2188.375,20876.1,12890.0
2023-03-13,-0.48,0.493,1377.0,1480.0,5.03,2930.5,222000.0,62.0,8342283.0,2126.677,20876.1,12890.0
2023-03-14,-0.56,0.493,1377.0,1480.0,4.74,2930.5,222000.0,62.0,8342283.0,2042.579,20876.1,12890.0
2023-03-15,-0.42,0.493,1377.0,1480.0,5.2,2930.5,222000.0,62.0,8639300.0,2055.823,20876.1,12890.0
2023-03-16,-0.58,0.493,1377.0,1480.0,4.93,2930.5,222000.0,62.0,8639300.0,2066.319,20876.1,12890.0
2023-03-17,-0.42,0.493,1377.0,1480.0,5.17,2930.5,222000.0,62.0,8639300.0,2106.166,20876.1,12890.0
2023-03-18,-0.42,0.493,1377.0,1480.0,5.17,2930.5,230000.0,62.0,8639300.0,2106.166,20876.1,12890.0
2023-03-20,-0.45,0.493,1377.0,1480.0,5.15,2930.5,230000.0,62.0,8639300.0,2098.393,20876.1,12890.0
2023-03-21,-0.58,0.493,1377.0,1480.0,4.85,2930.5,230000.0,62.0,8639300.0,2194.631,20876.1,12890.0
2023-03-22,-0.48,0.493,1377.0,1480.0,5.0,2930.5,230000.0,62.0,8733787.0,2279.608,20876.1,12890.0
2023-03-23,-0.38,0.493,1377.0,1480.0,5.1,2930.5,230000.0,62.0,8733787.0,2233.956,20876.1,12890.0
2023-03-24,-0.38,0.493,1377.0,1480.0,5.22,2930.5,230000.0,62.0,8733787.0,2218.458,20876.1,12890.0
2023-03-25,-0.38,0.493,1377.0,1480.0,5.22,2930.5,234000.0,62.0,8733787.0,2218.458,20876.1,12890.0
2023-03-27,-0.41,0.493,1377.0,1480.0,5.03,2930.5,234000.0,62.0,8733787.0,2220.131,20876.1,12890.0
2023-03-28,-0.47,0.493,1377.0,1480.0,5.01,2930.5,234000.0,62.0,8733787.0,2231.749,20876.1,12890.0
2023-03-29,-0.51,0.493,1377.0,1480.0,4.83,2930.5,234000.0,62.0,8705942.0,2264.862,20876.1,12890.0
2023-03-30,-0.55,0.493,1377.0,1480.0,4.74,2930.5,234000.0,62.0,8705942.0,2271.531,20876.1,12890.0
2023-03-31,-0.58,0.493,1377.0,1480.0,4.58,2930.5,234000.0,62.0,8705942.0,2375.171,20876.1,12890.0
2023-04-01,-0.58,0.551,1354.0,1474.0,4.58,2909.8,217000.0,63.7,8705942.0,2375.171,20729.7,12889.0
2023-04-03,-0.54,0.551,1354.0,1474.0,4.58,2909.8,217000.0,63.7,8705942.0,2221.01,20729.7,12889.0
2023-04-04,-0.49,0.551,1354.0,1474.0,4.73,2909.8,217000.0,63.7,8705942.0,2219.375,20729.7,12889.0
2023-04-05,-0.49,0.551,1354.0,1474.0,4.84,2909.8,217000.0,63.7,8632384.0,2243.011,20729.7,12889.0
2023-04-06,-0.52,0.551,1354.0,1474.0,4.84,2909.8,217000.0,63.7,8632384.0,2173.663,20729.7,12889.0
2023-04-07,-0.58,0.551,1354.0,1474.0,4.84,2909.8,217000.0,63.7,8632384.0,2173.663,20729.7,12889.0
2023-04-08,-0.58,0.551,1354.0,1474.0,4.84,2909.8,219000.0,63.7,8632384.0,2173.663,20729.7,12889.0
2023-04-10,-0.59,0.551,1354.0,1474.0,4.7,2909.8,219000.0,63.7,8632384.0,2239.655,20729.7,12889.0
2023-04-11,-0.6,0.551,1354.0,1474.0,4.63,2909.8,219000.0,63.7,8632384.0,2297.208,20729.7,12889.0
2023-04-12,-0.54,0.551,1354.0,1474.0,4.62,2909.8,219000.0,63.7,8614797.0,2303.862,20729.7,12889.0
2023-04-13,-0.51,0.551,1354.0,1474.0,4.49,2909.8,219000.0,63.7,8614797.0,2321.699,20729.7,12889.0
2023-04-14,-0.56,0.551,1354.0,1474.0,4.43,2909.8,219000.0,63.7,8614797.0,2253.786,20729.7,12889.0
2023-04-15,-0.56,0.551,1354.0,1474.0,4.43,2909.8,223000.0,63.7,8614797.0,2253.786,20729.7,12889.0
2023-04-17,-0.58,0.551,1354.0,1474.0,4.41,2909.8,223000.0,63.7,8614797.0,2256.845,20729.7,12889.0
2023-04-18,-0.61,0.551,1354.0,1474.0,4.37,2909.8,223000.0,63.7,8614797.0,2238.994,20729.7,12889.0
2023-04-19,-0.64,0.551,1354.0,1474.0,4.41,2909.8,223000.0,63.7,8593263.0,2294.677,20729.7,12889.0
2023-04-20,-0.6,0.551,1354.0,1474.0,4.54,2909.8,223000.0,63.7,8593263.0,2277.259,20729.7,12889.0
2023-04-21,-0.6,0.551,1354.0,1474.0,4.46,2909.8,223000.0,63.7,8593263.0,2290.023,20729.7,12889.0
2023-04-22,-0.6,0.551,1354.0,1474.0,4.46,2909.8,210000.0,63.7,8593263.0,2290.023,20729.7,12889.0
2023-04-24,-0.6,0.551,1354.0,1474.0,4.48,2909.8,210000.0,63.7,8593263.0,2308.538,20729.7,12889.0
2023-04-25,-0.46,0.551,1354.0,1474.0,4.64,2909.8,210000.0,63.7,8593263.0,2275.402,20729.7,12889.0
2023-04-26,-0.47,0.551,1354.0,1474.0,4.63,2909.8,210000.0,63.7,8562768.0,2279.561,20729.7,12889.0
2023-04-27,-0.54,0.551,1354.0,1474.0,4.48,2909.8,210000.0,63.7,8562768.0,2273.926,20729.7,12889.0
2023-04-28,-0.6,0.551,1354.0,1474.0,4.5,2909.8,210000.0,63.7,8562768.0,2325.479,20729.7,12889.0
2023-04-29,-0.6,0.551,1354.0,1474.0,4.5,2909.8,214000.0,63.7,8562768.0,2325.479,20729.7,12889.0
2023-04-30,-0.6,0.551,1354.0,1474.0,4.53,2909.8,214000.0,63.7,8562768.0,2325.479,20729.7,12889.0
2023-05-01,-0.55,0.541,1584.0,1575.0,4.45,2892.8,214000.0,59.0,8562768.0,2239.866,20801.1,12874.0
2023-05-02,-0.53,0.541,1584.0,1575.0,4.7,2892.8,214000.0,59.0,8562768.0,2267.13,20801.1,12874.0
2023-05-03,-0.51,0.541,1584.0,1575.0,4.79,2892.8,214000.0,59.0,8503994.0,2258.222,20801.1,12874.0
2023-05-04,-0.38,0.541,1584.0,1575.0,4.95,2892.8,214000.0,59.0,8503994.0,2242.399,20801.1,12874.0
2023-05-05,-0.48,0.541,1584.0,1575.0,4.77,2892.8,214000.0,59.0,8503994.0,2207.415,20801.1,12874.0
2023-05-06,-0.48,0.541,1584.0,1575.0,4.77,2892.8,223000.0,59.0,8503994.0,2207.415,20801.1,12874.0
2023-05-08,-0.48,0.541,1584.0,1575.0,4.72,2892.8,223000.0,59.0,8503994.0,2217.601,20801.1,12874.0
2023-05-09,-0.48,0.541,1584.0,1575.0,4.74,2892.8,223000.0,59.0,8503994.0,2222.864,20801.1,12874.0
2023-05-10,-0.47,0.541,1584.0,1575.0,4.78,2892.8,223000.0,59.0,8503017.0,2233.149,20801.1,12874.0
2023-05-11,-0.5,0.541,1584.0,1575.0,4.81,2892.8,223000.0,59.0,8503017.0,2242.243,20801.1,12874.0
2023-05-12,-0.52,0.541,1584.0,1575.0,4.76,2892.8,223000.0,59.0,8503017.0,2229.199,20801.1,12874.0
2023-05-13,-0.52,0.541,1584.0,1575.0,4.76,2892.8,225000.0,59.0,8503017.0,2229.199,20801.1,12874.0
2023-05-15,-0.49,0.541,1584.0,1575.0,4.77,2892.8,225000.0,59.0,8503017.0,2220.927,20801.1,12874.0
2023-05-16,-0.52,0.541,1584.0,1575.0,4.79,2892.8,225000.0,59.0,8503017.0,2203.214,20801.1,12874.0
2023-05-17,-0.55,0.541,1584.0,1575.0,4.75,2892.8,225000.0,59.0,8456760.0,2213.676,20801.1,12874.0
2023-05-18,-0.59,0.541,1584.0,1575.0,4.69,2892.8,225000.0,59.0,8456760.0,2238.266,20801.1,12874.0
2023-05-19,-0.58,0.541,1584.0,1575.0,4.62,2892.8,225000.0,59.0,8456760.0,2276.72,20801.1,12874.0
2023-05-20,-0.58,0.541,1584.0,1575.0,4.62,2892.8,227000.0,59.0,8456760.0,2276.72,20801.1,12874.0
2023-05-22,-0.57,0.541,1584.0,1575.0,4.54,2892.8,227000.0,59.0,8456760.0,2275.311,20801.1,12874.0
2023-05-23,-0.56,0.541,1584.0,1575.0,4.6,2892.8,227000.0,59.0,8456760.0,2256.689,20801.1,12874.0
2023-05-24,-0.58,0.541,1584.0,1575.0,4.68,2892.8,227000.0,59.0,8436255.0,2250.709,20801.1,12874.0
2023-05-25,-0.67,0.541,1584.0,1575.0,4.58,2892.8,227000.0,59.0,8436255.0,2197.638,20801.1,12874.0
2023-05-26,-0.74,0.541,1584.0,1575.0,4.53,2892.8,227000.0,59.0,8436255.0,2189.681,20801.1,12874.0
2023-05-27,-0.74,0.541,1584.0,1575.0,4.53,2892.8,230000.0,59.0,8436255.0,2189.681,20801.1,12874.0
2023-05-29,-0.74,0.541,1584.0,1575.0,4.54,2892.8,230000.0,59.0,8436255.0,2189.681,20801.1,12874.0
2023-05-30,-0.77,0.541,1584.0,1575.0,4.58,2892.8,230000.0,59.0,8436255.0,2200.479,20801.1,12874.0
2023-05-31,-0.76,0.541,1584.0,1575.0,4.69,2892.8,230000.0,59.0,8385854.0,2254.859,20801.1,12874.0
2023-06-01,-0.72,0.535,1421.0,1464.0,4.65,2857.8,230000.0,64.2,8385854.0,2160.055,20782.7,12877.0
2023-06-02,-0.81,0.535,1421.0,1464.0,4.37,2857.8,230000.0,64.2,8385854.0,2142.102,20782.7,12877.0
2023-06-03,-0.81,0.535,1421.0,1464.0,4.37,2857.8,253000.0,64.2,8385854.0,2142.102,20782.7,12877.0
2023-06-05,-0.77,0.535,1421.0,1464.0,4.39,2857.8,253000.0,64.2,8385854.0,2131.417,20782.7,12877.0
2023-06-06,-0.81,0.535,1421.0,1464.0,4.39,2857.8,253000.0,64.2,8385854.0,2134.638,20782.7,12877.0
2023-06-07,-0.77,0.535,1421.0,1464.0,4.33,2857.8,253000.0,64.2,8389325.0,2161.556,20782.7,12877.0
2023-06-08,-0.79,0.535,1421.0,1464.0,4.39,2857.8,253000.0,64.2,8389325.0,2141.798,20782.7,12877.0
2023-06-09,-0.84,0.535,1421.0,1464.0,4.29,2857.8,253000.0,64.2,8389325.0,2127.652,20782.7,12877.0
2023-06-10,-0.84,0.535,1421.0,1464.0,4.29,2857.8,258000.0,64.2,8389325.0,2127.652,20782.7,12877.0
2023-06-12,-0.82,0.535,1421.0,1464.0,4.34,2857.8,258000.0,64.2,8389325.0,2126.87,20782.7,12877.0
2023-06-13,-0.83,0.535,1421.0,1464.0,4.18,2857.8,258000.0,64.2,8389325.0,2074.52,20782.7,12877.0
2023-06-14,-0.91,0.535,1421.0,1464.0,4.18,2857.8,258000.0,64.2,8388323.0,2109.105,20782.7,12877.0
2023-06-15,-0.9,0.535,1421.0,1464.0,4.21,2857.8,258000.0,64.2,8388323.0,1992.14,20782.7,12877.0
2023-06-16,-0.93,0.535,1421.0,1464.0,4.15,2857.8,258000.0,64.2,8388323.0,2011.556,20782.7,12877.0
2023-06-17,-0.93,0.535,1421.0,1464.0,4.15,2857.8,260000.0,64.2,8388323.0,2011.556,20782.7,12877.0
2023-06-19,-0.93,0.535,1421.0,1464.0,4.15,2857.8,260000.0,64.2,8388323.0,2011.556,20782.7,12877.0
2023-06-20,-0.94,0.535,1421.0,1464.0,4.22,2857.8,260000.0,64.2,8388323.0,1989.489,20782.7,12877.0
2023-06-21,-0.96,0.535,1421.0,1464.0,4.32,2857.8,260000.0,64.2,8362060.0,2037.102,20782.7,12877.0
2023-06-22,-0.97,0.535,1421.0,1464.0,4.3,2857.8,260000.0,64.2,8362060.0,1994.711,20782.7,12877.0
2023-06-23,-0.97,0.535,1421.0,1464.0,4.4,2857.8,260000.0,64.2,8362060.0,1969.38,20782.7,12877.0
2023-06-24,-0.97,0.535,1421.0,1464.0,4.4,2857.8,236000.0,64.2,8362060.0,1969.38,20782.7,12877.0
2023-06-26,-0.93,0.535,1421.0,1464.0,4.45,2857.8,236000.0,64.2,8362060.0,1961.027,20782.7,12877.0
2023-06-27,-0.97,0.535,1421.0,1464.0,4.3,2857.8,236000.0,64.2,8362060.0,1951.098,20782.7,12877.0
2023-06-28,-1.0,0.535,1421.0,1464.0,4.27,2857.8,236000.0,64.2,8340914.0,1945.211,20782.7,12877.0
2023-06-29,-1.02,0.535,1421.0,1464.0,4.14,2857.8,236000.0,64.2,8340914.0,1934.684,20782.7,12877.0
2023-06-30,-1.06,0.535,1421.0,1464.0,4.05,2857.8,236000.0,64.2,8340914.0,2034.319,20782.7,12877.0
2023-07-01,-1.06,0.511,1460.0,1522.0,4.05,2823.5,248000.0,71.5,8340914.0,2034.319,20772.0,12863.0
2023-07-03,-1.08,0.511,1460.0,1522.0,3.99,2823.5,248000.0,71.5,8340914.0,1909.639,20772.0,12863.0
2023-07-04,-1.08,0.511,1460.0,1522.0,3.99,2823.5,248000.0,71.5,8340914.0,1909.639,20772.0,12863.0
2023-07-05,-0.99,0.511,1460.0,1522.0,4.01,2823.5,248000.0,71.5,8298312.0,1867.061,20772.0,12863.0
2023-07-06,-0.94,0.511,1460.0,1522.0,4.1,2823.5,248000.0,71.5,8298312.0,1854.256,20772.0,12863.0
2023-07-07,-0.88,0.511,1460.0,1522.0,4.08,2823.5,248000.0,71.5,8298312.0,1822.303,20772.0,12863.0
2023-07-08,-0.88,0.511,1460.0,1522.0,4.08,2823.5,229000.0,71.5,8298312.0,1822.303,20772.0,12863.0
2023-07-10,-0.84,0.511,1460.0,1522.0,4.13,2823.5,229000.0,71.5,8298312.0,1811.981,20772.0,12863.0
2023-07-11,-0.89,0.511,1460.0,1522.0,4.05,2823.5,229000.0,71.5,8298312.0,1775.796,20772.0,12863.0
2023-07-12,-0.86,0.511,1460.0,1522.0,3.95,2823.5,229000.0,71.5,8296923.0,1820.146,20772.0,12863.0
2023-07-13,-0.83,0.511,1460.0,1522.0,3.97,2823.5,229000.0,71.5,8296923.0,1767.432,20772.0,12863.0
2023-07-14,-0.91,0.511,1460.0,1522.0,3.9,2823.5,229000.0,71.5,8296923.0,1740.777,20772.0,12863.0
2023-07-15,-0.91,0.511,1460.0,1522.0,3.9,2823.5,228000.0,71.5,8296923.0,1740.777,20772.0,12863.0
2023-07-17,-0.93,0.511,1460.0,1522.0,3.97,2823.5,228000.0,71.5,8296923.0,1728.322,20772.0,12863.0
2023-07-18,-0.94,0.511,1460.0,1522.0,3.9,2823.5,228000.0,71.5,8296923.0,1716.862,20772.0,12863.0
2023-07-19,-0.99,0.511,1460.0,1522.0,3.89,2823.5,228000.0,71.5,8274552.0,1732.804,20772.0,12863.0
2023-07-20,-0.95,0.511,1460.0,1522.0,3.9,2823.5,228000.0,71.5,8274552.0,1721.001,20772.0,12863.0
2023-07-21,-0.98,0.511,1460.0,1522.0,3.89,2823.5,228000.0,71.5,8274552.0,1770.752,20772.0,12863.0
2023-07-22,-0.98,0.511,1460.0,1522.0,3.89,2823.5,231000.0,71.5,8274552.0,1770.752,20772.0,12863.0
2023-07-24,-0.95,0.511,1460.0,1522.0,3.82,2823.5,231000.0,71.5,8274552.0,1770.867,20772.0,12863.0
2023-07-25,-0.94,0.511,1460.0,1522.0,3.84,2823.5,231000.0,71.5,8274552.0,1720.716,20772.0,12863.0
2023-07-26,-0.96,0.511,1460.0,1522.0,3.91,2823.5,231000.0,71.5,8243344.0,1749.733,20772.0,12863.0
2023-07-27,-0.9,0.511,1460.0,1522.0,3.78,2823.5,231000.0,71.5,8243344.0,1735.783,20772.0,12863.0
2023-07-28,-0.91,0.511,1460.0,1522.0,3.82,2823.5,231000.0,71.5,8243344.0,1730.227,20772.0,12863.0
2023-07-29,-0.91,0.511,1460.0,1522.0,3.82,2823.5,238000.0,71.5,8243344.0,1730.227,20772.0,12863.0
2023-07-31,-0.91,0.511,1460.0,1522.0,3.79,2823.5,238000.0,71.5,8243344.0,1821.124,20772.0,12863.0
2023-08-01,-0.87,0.514,1317.0,1561.0,3.82,2797.9,238000.0,69.4,8243344.0,1739.554,20746.9,12856.0
2023-08-02,-0.8,0.514,1317.0,1561.0,3.96,2797.9,238000.0,69.4,8206764.0,1770.186,20746.9,12856.0
2023-08-03,-0.7,0.514,1317.0,1561.0,3.98,2797.9,238000.0,69.4,8206764.0,1776.774,20746.9,12856.0
2023-08-04,-0.73,0.514,1317.0,1561.0,4.01,2797.9,238000.0,69.4,8206764.0,1793.804,20746.9,12856.0
2023-08-05,-0.73,0.514,1317.0,1561.0,4.01,2797.9,258000.0,69.4,8206764.0,1793.804,20746.9,12856.0
2023-08-07,-0.67,0.514,1317.0,1561.0,3.97,2797.9,258000.0,69.4,8206764.0,1810.583,20746.9,12856.0
2023-08-08,-0.72,0.514,1317.0,1561.0,4.0,2797.9,258000.0,69.4,8206764.0,1778.351,20746.9,12856.0
2023-08-09,-0.79,0.514,1317.0,1561.0,3.94,2797.9,258000.0,69.4,8208241.0,1796.519,20746.9,12856.0
2023-08-10,-0.73,0.514,1317.0,1561.0,3.83,2797.9,258000.0,69.4,8208241.0,1759.897,20746.9,12856.0
2023-08-11,-0.73,0.514,1317.0,1561.0,3.83,2797.9,258000.0,69.4,8208241.0,1773.236,20746.9,12856.0
2023-08-12,-0.73,0.514,1317.0,1561.0,3.83,2797.9,248000.0,69.4,8208241.0,1773.236,20746.9,12856.0
2023-08-14,-0.77,0.514,1317.0,1561.0,3.79,2797.9,248000.0,69.4,8208241.0,1799.311,20746.9,12856.0
2023-08-15,-0.71,0.514,1317.0,1561.0,3.85,2797.9,248000.0,69.4,8208241.0,1743.784,20746.9,12856.0
2023-08-16,-0.69,0.514,1317.0,1561.0,3.81,2797.9,248000.0,69.4,8145727.0,1796.725,20746.9,12856.0
2023-08-17,-0.64,0.514,1317.0,1561.0,3.95,2797.9,248000.0,69.4,8145727.0,1794.12,20746.9,12856.0
2023-08-18,-0.66,0.514,1317.0,1561.0,4.02,2797.9,248000.0,69.4,8145727.0,1819.201,20746.9,12856.0
2023-08-19,-0.66,0.514,1317.0,1561.0,4.02,2797.9,240000.0,69.4,8145727.0,1819.201,20746.9,12856.0
2023-08-21,-0.63,0.514,1317.0,1561.0,3.97,2797.9,240000.0,69.4,8145727.0,1824.788,20746.9,12856.0
2023-08-22,-0.68,0.514,1317.0,1561.0,3.93,2797.9,240000.0,69.4,8145727.0,1812.294,20746.9,12856.0
2023-08-23,-0.76,0.514,1317.0,1561.0,3.92,2797.9,240000.0,69.4,8139066.0,1816.533,20746.9,12856.0
2023-08-24,-0.75,0.514,1317.0,1561.0,3.91,2797.9,240000.0,69.4,8139066.0,1731.623,20746.9,12856.0
2023-08-25,-0.78,0.514,1317.0,1561.0,3.9,2797.9,240000.0,69.4,8139066.0,1687.379,20746.9,12856.0
2023-08-26,-0.78,0.514,1317.0,1561.0,3.9,2797.9,234000.0,69.4,8139066.0,1687.379,20746.9,12856.0
2023-08-28,-0.78,0.514,1317.0,1561.0,3.86,2797.9,234000.0,69.4,8139066.0,1708.605,20746.9,12856.0
2023-08-29,-0.75,0.514,1317.0,1561.0,3.87,2797.9,234000.0,69.4,8139066.0,1693.278,20746.9,12856.0
2023-08-30,-0.78,0.514,1317.0,1561.0,3.8,2797.9,234000.0,69.4,8121316.0,1696.819,20746.9,12856.0
2023-08-31,-0.76,0.514,1317.0,1561.0,3.85,2797.9,234000.0,69.4,8121316.0,1651.602,20746.9,12856.0
2023-09-01,-0.69,0.507,1371.0,1537.0,3.81,2766.3,234000.0,67.8,8121316.0,1574.065,20720.5,12869.0
2023-09-02,-0.69,0.507,1371.0,1537.0,3.81,2766.3,227000.0,67.8,8121316.0,1574.065,20720.5,12869.0
2023-09-04,-0.69,0.507,1371.0,1537.0,3.81,2766.3,227000.0,67.8,8121316.0,1574.065,20720.5,12869.0
2023-09-05,-0.67,0.507,1371.0,1537.0,3.83,2766.3,227000.0,67.8,8121316.0,1568.49,20720.5,12869.0
2023-09-06,-0.71,0.507,1371.0,1537.0,3.86,2766.3,227000.0,67.8,8101318.0,1606.244,20720.5,12869.0
2023-09-07,-0.67,0.507,1371.0,1537.0,3.9,2766.3,227000.0,67.8,8101318.0,1535.289,20720.5,12869.0
2023-09-08,-0.72,0.507,1371.0,1537.0,3.85,2766.3,227000.0,67.8,8101318.0,1525.403,20720.5,12869.0
2023-09-09,-0.72,0.507,1371.0,1537.0,3.85,2766.3,227000.0,67.8,8101318.0,1525.403,20720.5,12869.0
2023-09-11,-0.68,0.507,1371.0,1537.0,3.82,2766.3,227000.0,67.8,8101318.0,1549.111,20720.5,12869.0
2023-09-12,-0.71,0.507,1371.0,1537.0,3.84,2766.3,227000.0,67.8,8101318.0,1493.781,20720.5,12869.0
2023-09-13,-0.71,0.507,1371.0,1537.0,3.85,2766.3,227000.0,67.8,8098779.0,1546.225,20720.5,12869.0
2023-09-14,-0.71,0.507,1371.0,1537.0,3.78,2766.3,227000.0,67.8,8098779.0,1492.427,20720.5,12869.0
2023-09-15,-0.69,0.507,1371.0,1537.0,3.79,2766.3,227000.0,67.8,8098779.0,1401.403,20720.5,12869.0
2023-09-16,-0.69,0.507,1371.0,1537.0,3.79,2766.3,210000.0,67.8,8098779.0,1401.403,20720.5,12869.0
2023-09-18,-0.73,0.507,1371.0,1537.0,3.82,2766.3,210000.0,67.8,8098779.0,1452.942,20720.5,12869.0
2023-09-19,-0.71,0.507,1371.0,1537.0,3.82,2766.3,210000.0,67.8,8098779.0,1453.324,20720.5,12869.0
2023-09-20,-0.77,0.507,1371.0,1537.0,3.77,2766.3,210000.0,67.8,8024090.0,1486.984,20720.5,12869.0
2023-09-21,-0.63,0.507,1371.0,1537.0,3.89,2766.3,210000.0,67.8,8024090.0,1454.115,20720.5,12869.0
2023-09-22,-0.66,0.507,1371.0,1537.0,3.93,2766.3,210000.0,67.8,8024090.0,1427.575,20720.5,12869.0
2023-09-23,-0.66,0.507,1371.0,1537.0,3.93,2766.3,215000.0,67.8,8024090.0,1427.575,20720.5,12869.0
2023-09-25,-0.54,0.507,1371.0,1537.0,3.97,2766.3,215000.0,67.8,8024090.0,1437.31,20720.5,12869.0
2023-09-26,-0.48,0.507,1371.0,1537.0,4.04,2766.3,215000.0,67.8,8024090.0,1438.301,20720.5,12869.0
2023-09-27,-0.49,0.507,1371.0,1537.0,4.03,2766.3,215000.0,67.8,8002064.0,1442.805,20720.5,12869.0
2023-09-28,-0.45,0.507,1371.0,1537.0,4.09,2766.3,215000.0,67.8,8002064.0,1453.366,20720.5,12869.0
2023-09-29,-0.44,0.507,1371.0,1537.0,4.03,2766.3,215000.0,67.8,8002064.0,1557.569,20720.5,12869.0
2023-09-30,-0.44,0.507,1371.0,1537.0,4.03,2766.3,216000.0,67.8,8002064.0,1557.569,20720.5,12869.0
2023-10-01,-0.44,0.469,1368.0,1528.0,4.03,2753.6,216000.0,63.8,8002064.0,1557.569,20687.4,12836.0
2023-10-02,-0.43,0.469,1368.0,1528.0,4.11,2753.6,216000.0,63.8,8002064.0,1365.739,20687.4,12836.0
2023-10-03,-0.34,0.469,1368.0,1528.0,4.26,2753.6,216000.0,63.8,8002064.0,1348.465,20687.4,12836.0
2023-10-04,-0.32,0.469,1368.0,1528.0,4.37,2753.6,216000.0,63.8,7955782.0,1342.031,20687.4,12836.0
2023-10-05,-0.31,0.469,1368.0,1528.0,4.38,2753.6,216000.0,63.8,7955782.0,1265.132,20687.4,12836.0
2023-10-06,-0.3,0.469,1368.0,1528.0,4.33,2753.6,216000.0,63.8,7955782.0,1283.461,20687.4,12836.0
2023-10-07,-0.3,0.469,1368.0,1528.0,4.33,2753.6,210000.0,63.8,7955782.0,1283.461,20687.4,12836.0
2023-10-09,-0.3,0.469,1368.0,1528.0,4.34,2753.6,210000.0,63.8,7955782.0,1283.461,20687.4,12836.0
2023-10-10,-0.3,0.469,1368.0,1528.0,4.26,2753.6,210000.0,63.8,7955782.0,1222.44,20687.4,12836.0
2023-10-11,-0.41,0.469,1368.0,1528.0,4.25,2753.6,210000.0,63.8,7952054.0,1239.382,20687.4,12836.0
2023-10-12,-0.36,0.469,1368.0,1528.0,4.25,2753.6,210000.0,63.8,7952054.0,1157.319,20687.4,12836.0
2023-10-13,-0.41,0.469,1368.0,1528.0,4.3,2753.6,210000.0,63.8,7952054.0,1151.818,20687.4,12836.0
2023-10-14,-0.41,0.469,1368.0,1528.0,4.3,2753.6,200000.0,63.8,7952054.0,1151.818,20687.4,12836.0
2023-10-16,-0.38,0.469,1368.0,1528.0,4.27,2753.6,200000.0,63.8,7952054.0,1108.819,20687.4,12836.0
2023-10-17,-0.36,0.469,1368.0,1528.0,4.25,2753.6,200000.0,63.8,7952054.0,1082.502,20687.4,12836.0
2023-10-18,-0.28,0.469,1368.0,1528.0,4.32,2753.6,200000.0,63.8,7933162.0,1150.781,20687.4,12836.0
2023-10-19,-0.16,0.469,1368.0,1528.0,4.37,2753.6,200000.0,63.8,7933162.0,1114.179,20687.4,12836.0
2023-10-20,-0.14,0.469,1368.0,1528.0,4.52,2753.6,200000.0,63.8,7933162.0,1138.756,20687.4,12836.0
2023-10-21,-0.14,0.469,1368.0,1528.0,4.52,2753.6,214000.0,63.8,7933162.0,1138.756,20687.4,12836.0
2023-10-23,-0.19,0.469,1368.0,1528.0,4.51,2753.6,214000.0,63.8,7933162.0,1157.976,20687.4,12836.0
2023-10-24,-0.19,0.469,1368.0,1528.0,4.41,2753.6,214000.0,63.8,7933162.0,1097.875,20687.4,12836.0
2023-10-25,-0.13,0.469,1368.0,1528.0,4.37,2753.6,214000.0,63.8,7907830.0,1100.617,20687.4,12836.0
2023-10-26,-0.16,0.469,1368.0,1528.0,4.5,2753.6,214000.0,63.8,7907830.0,1089.85,20687.4,12836.0
2023-10-27,-0.15,0.469,1368.0,1528.0,4.53,2753.6,214000.0,63.8,7907830.0,1091.858,20687.4,12836.0
2023-10-28,-0.15,0.469,1368.0,1528.0,4.53,2753.6,217000.0,63.8,7907830.0,1091.858,20687.4,12836.0
2023-10-30,-0.15,0.469,1368.0,1528.0,4.5,2753.6,217000.0,63.8,7907830.0,1138.035,20687.4,12836.0
2023-10-31,-0.19,0.469,1368.0,1528.0,4.42,2753.6,217000.0,63.8,7907830.0,1137.697,20687.4,12836.0
2023-11-01,-0.18,0.474,1514.0,1503.0,4.47,2734.7,217000.0,61.3,7866664.0,1079.462,20696.9,12858.0
2023-11-02,-0.31,0.474,1514.0,1503.0,4.15,2734.7,217000.0,61.3,7866664.0,1054.986,20696.9,12858.0
2023-11-03,-0.26,0.474,1514.0,1503.0,4.04,2734.7,217000.0,61.3,7866664.0,1071.139,20696.9,12858.0
2023-11-04,-0.26,0.474,1514.0,1503.0,4.04,2734.7,216000.0,61.3,7866664.0,1071.139,20696.9,12858.0
2023-11-06,-0.26,0.474,1514.0,1503.0,4.0,2734.7,216000.0,61.3,7866664.0,1062.878,20696.9,12858.0
2023-11-07,-0.33,0.474,1514.0,1503.0,4.08,2734.7,216000.0,61.3,7866664.0,1008.685,20696.9,12858.0
2023-11-08,-0.44,0.474,1514.0,1503.0,4.08,2734.7,216000.0,61.3,7860691.0,1024.451,20696.9,12858.0
2023-11-09,-0.41,0.474,1514.0,1503.0,4.04,2734.7,216000.0,61.3,7860691.0,993.314,20696.9,12858.0
2023-11-10,-0.43,0.474,1514.0,1503.0,4.03,2734.7,216000.0,61.3,7860691.0,1032.72,20696.9,12858.0
2023-11-11,-0.43,0.474,1514.0,1503.0,4.03,2734.7,229000.0,61.3,7860691.0,1032.72,20696.9,12858.0
2023-11-13,-0.39,0.474,1514.0,1503.0,4.03,2734.7,229000.0,61.3,7860691.0,1020.272,20696.9,12858.0
2023-11-14,-0.36,0.474,1514.0,1503.0,3.92,2734.7,229000.0,61.3,7860691.0,988.298,20696.9,12858.0
2023-11-15,-0.37,0.474,1514.0,1503.0,3.89,2734.7,229000.0,61.3,7814991.0,944.241,20696.9,12858.0
2023-11-16,-0.38,0.474,1514.0,1503.0,4.02,2734.7,229000.0,61.3,7814991.0,912.01,20696.9,12858.0
2023-11-17,-0.44,0.474,1514.0,1503.0,3.99,2734.7,229000.0,61.3,7814991.0,935.803,20696.9,12858.0
2023-11-18,-0.44,0.474,1514.0,1503.0,3.99,2734.7,213000.0,61.3,7814991.0,935.803,20696.9,12858.0
2023-11-20,-0.47,0.474,1514.0,1503.0,3.92,2734.7,213000.0,61.3,7814991.0,953.088,20696.9,12858.0
2023-11-21,-0.45,0.474,1514.0,1503.0,3.95,2734.7,213000.0,61.3,7814991.0,931.155,20696.9,12858.0
2023-11-22,-0.47,0.474,1514.0,1503.0,3.9,2734.7,213000.0,61.3,7810814.0,931.604,20696.9,12858.0
2023-11-23,-0.47,0.474,1514.0,1503.0,3.9,2734.7,213000.0,61.3,7810814.0,931.604,20696.9,12858.0
2023-11-24,-0.45,0.474,1514.0,1503.0,3.85,2734.7,213000.0,61.3,7810814.0,865.907,20696.9,12858.0
2023-11-25,-0.45,0.474,1514.0,1503.0,3.85,2734.7,214000.0,61.3,7810814.0,865.907,20696.9,12858.0
2023-11-27,-0.45,0.474,1514.0,1503.0,3.89,2734.7,214000.0,61.3,7810814.0,867.22,20696.9,12858.0
2023-11-28,-0.39,0.474,1514.0,1503.0,3.9,2734.7,214000.0,61.3,7810814.0,873.344,20696.9,12858.0
2023-11-29,-0.37,0.474,1514.0,1503.0,3.8,2734.7,214000.0,61.3,7796145.0,914.187,20696.9,12858.0
2023-11-30,-0.36,0.474,1514.0,1503.0,3.84,2734.7,214000.0,61.3,7796145.0,887.822,20696.9,12858.0
2023-12-01,-0.34,0.487,1521.0,1519.0,3.87,2711.1,214000.0,69.7,7796145.0,768.543,20701.4,12865.0
2023-12-02,-0.34,0.487,1521.0,1519.0,3.87,2711.1,216000.0,69.7,7796145.0,768.543,20701.4,12865.0
2023-12-04,-0.36,0.487,1521.0,1519.0,3.8,2711.1,216000.0,69.7,7796145.0,815.847,20701.4,12865.0
2023-12-05,-0.39,0.487,1521.0,1519.0,3.8,2711.1,216000.0,69.7,7796145.0,834.428,20701.4,12865.0
2023-12-06,-0.48,0.487,1521.0,1519.0,3.79,2711.1,216000.0,69.7,7737385.0,846.498,20701.4,12865.0
2023-12-07,-0.44,0.487,1521.0,1519.0,3.77,2711.1,216000.0,69.7,7737385.0,825.734,20701.4,12865.0
2023-12-08,-0.48,0.487,1521.0,1519.0,3.75,2711.1,216000.0,69.7,7737385.0,821.408,20701.4,12865.0
2023-12-09,-0.48,0.487,1521.0,1519.0,3.75,2711.1,204000.0,69.7,7737385.0,821.408,20701.4,12865.0
2023-12-11,-0.48,0.487,1521.0,1519.0,3.79,2711.1,204000.0,69.7,7737385.0,838.507,20701.4,12865.0
2023-12-12,-0.53,0.487,1521.0,1519.0,3.76,2711.1,204000.0,69.7,7737385.0,837.803,20701.4,12865.0
2023-12-13,-0.42,0.487,1521.0,1519.0,3.79,2711.1,204000.0,69.7,7739566.0,823.329,20701.4,12865.0
2023-12-14,-0.45,0.487,1521.0,1519.0,3.47,2711.1,204000.0,69.7,7739566.0,769.346,20701.4,12865.0
2023-12-15,-0.53,0.487,1521.0,1519.0,3.51,2711.1,204000.0,69.7,7739566.0,683.254,20701.4,12865.0
2023-12-16,-0.53,0.487,1521.0,1519.0,3.51,2711.1,209000.0,69.7,7739566.0,683.254,20701.4,12865.0
2023-12-18,-0.48,0.487,1521.0,1519.0,3.51,2711.1,209000.0,69.7,7739566.0,724.704,20701.4,12865.0
2023-12-19,-0.48,0.487,1521.0,1519.0,3.46,2711.1,209000.0,69.7,7739566.0,773.082,20701.4,12865.0
2023-12-20,-0.48,0.487,1521.0,1519.0,3.43,2711.1,209000.0,69.7,7724063.0,779.143,20701.4,12865.0
2023-12-21,-0.44,0.487,1521.0,1519.0,3.41,2711.1,209000.0,69.7,7724063.0,778.402,20701.4,12865.0
2023-12-22,-0.41,0.487,1521.0,1519.0,3.39,2711.1,209000.0,69.7,7724063.0,772.258,20701.4,12865.0
2023-12-23,-0.41,0.487,1521.0,1519.0,3.39,2711.1,210000.0,69.7,7724063.0,772.258,20701.4,12865.0
2023-12-25,-0.41,0.487,1521.0,1519.0,3.39,2711.1,210000.0,69.7,7724063.0,772.258,20701.4,12865.0
2023-12-26,-0.37,0.487,1521.0,1519.0,3.37,2711.1,210000.0,69.7,7724063.0,793.937,20701.4,12865.0
2023-12-27,-0.41,0.487,1521.0,1519.0,3.34,2711.1,210000.0,69.7,7712781.0,818.869,20701.4,12865.0
2023-12-28,-0.42,0.487,1521.0,1519.0,3.32,2711.1,210000.0,69.7,7712781.0,829.573,20701.4,12865.0
2023-12-29,-0.35,0.487,1521.0,1519.0,3.34,2711.1,210000.0,69.7,7712781.0,1018.483,20701.4,12865.0
2023-12-30,-0.35,0.487,1521.0,1519.0,3.34,2711.1,198000.0,69.7,7712781.0,1018.483,20701.4,12865.0
2023-12-31,-0.35,0.487,1521.0,1519.0,3.39,2711.1,198000.0,69.7,7712781.0,1018.483,20701.4,12865.0
2024-01-01,-0.35,0.493,1381.0,1545.0,3.39,2700.2,198000.0,79.0,7712781.0,1018.483,20773.3,12866.0
2024-01-02,-0.38,0.493,1381.0,1545.0,3.54,2700.2,198000.0,79.0,7712781.0,704.864,20773.3,12866.0
2024-01-03,-0.42,0.493,1381.0,1545.0,3.71,2700.2,198000.0,79.0,7681024.0,719.897,20773.3,12866.0
2024-01-04,-0.39,0.493,1381.0,1545.0,3.69,2700.2,198000.0,79.0,7681024.0,664.899,20773.3,12866.0
2024-01-05,-0.35,0.493,1381.0,1545.0,3.68,2700.2,198000.0,79.0,7681024.0,694.478,20773.3,12866.0
2024-01-06,-0.35,0.493,1381.0,1545.0,3.68,2700.2,199000.0,79.0,7681024.0,694.478,20773.3,12866.0
2024-01-08,-0.35,0.493,1381.0,1545.0,3.63,2700.2,199000.0,79.0,7681024.0,691.485,20773.3,12866.0
2024-01-09,-0.34,0.493,1381.0,1545.0,3.59,2700.2,199000.0,79.0,7681024.0,676.05,20773.3,12866.0
2024-01-10,-0.33,0.493,1381.0,1545.0,3.5,2700.2,199000.0,79.0,7686710.0,679.961,20773.3,12866.0
2024-01-11,-0.28,0.493,1381.0,1545.0,3.55,2700.2,199000.0,79.0,7686710.0,626.37,20773.3,12866.0
2024-01-12,-0.18,0.493,1381.0,1545.0,3.56,2700.2,199000.0,79.0,7686710.0,603.116,20773.3,12866.0
2024-01-13,-0.18,0.493,1381.0,1545.0,3.56,2700.2,193000.0,79.0,7686710.0,603.116,20773.3,12866.0
2024-01-15,-0.18,0.493,1381.0,1545.0,3.54,2700.2,193000.0,79.0,7686710.0,603.116,20773.3,12866.0
2024-01-16,-0.15,0.493,1381.0,1545.0,3.58,2700.2,193000.0,79.0,7686710.0,583.103,20773.3,12866.0
2024-01-17,-0.24,0.493,1381.0,1545.0,3.62,2700.2,193000.0,79.0,7673741.0,590.191,20773.3,12866.0
2024-01-18,-0.2,0.493,1381.0,1545.0,3.58,2700.2,193000.0,79.0,7673741.0,618.234,20773.3,12866.0
2024-01-19,-0.24,0.493,1381.0,1545.0,3.54,2700.2,193000.0,79.0,7673741.0,625.182,20773.3,12866.0
2024-01-20,-0.24,0.493,1381.0,1545.0,3.54,2700.2,223000.0,79.0,7673741.0,625.182,20773.3,12866.0
2024-01-22,-0.26,0.493,1381.0,1545.0,3.49,2700.2,223000.0,79.0,7673741.0,647.103,20773.3,12866.0
2024-01-23,-0.17,0.493,1381.0,1545.0,3.51,2700.2,223000.0,79.0,7673741.0,621.195,20773.3,12866.0
2024-01-24,-0.16,0.493,1381.0,1545.0,3.44,2700.2,223000.0,79.0,7677230.0,639.56,20773.3,12866.0
2024-01-25,-0.14,0.493,1381.0,1545.0,3.45,2700.2,223000.0,79.0,7677230.0,557.687,20773.3,12866.0
2024-01-26,-0.19,0.493,1381.0,1545.0,3.39,2700.2,223000.0,79.0,7677230.0,570.828,20773.3,12866.0
2024-01-27,-0.19,0.493,1381.0,1545.0,3.39,2700.2,225000.0,79.0,7677230.0,570.828,20773.3,12866.0
2024-01-29,-0.21,0.493,1381.0,1545.0,3.41,2700.2,225000.0,79.0,7677230.0,581.41,20773.3,12866.0
2024-01-30,-0.3,0.493,1381.0,1545.0,3.42,2700.2,225000.0,79.0,7677230.0,577.755,20773.3,12866.0
2024-01-31,-0.28,0.493,1381.0,1545.0,3.59,2700.2,225000.0,79.0,7630124.0,615.379,20773.3,12866.0
2024-02-01,-0.33,0.496,1552.0,1577.0,3.56,2684.8,225000.0,76.9,7630124.0,503.548,20861.4,12853.0
2024-02-02,-0.33,0.496,1552.0,1577.0,3.47,2684.8,225000.0,76.9,7630124.0,513.422,20861.4,12853.0
2024-02-03,-0.33,0.496,1552.0,1577.0,3.47,2684.8,214000.0,76.9,7630124.0,513.422,20861.4,12853.0
2024-02-05,-0.29,0.496,1552.0,1577.0,3.5,2684.8,214000.0,76.9,7630124.0,552.289,20861.4,12853.0
2024-02-06,-0.3,0.496,1552.0,1577.0,3.52,2684.8,214000.0,76.9,7630124.0,532.439,20861.4,12853.0
2024-02-07,-0.32,0.496,1552.0,1577.0,3.43,2684.8,214000.0,76.9,7631300.0,553.055,20861.4,12853.0
2024-02-08,-0.31,0.496,1552.0,1577.0,3.38,2684.8,214000.0,76.9,7631300.0,535.705,20861.4,12853.0
2024-02-09,-0.31,0.496,1552.0,1577.0,3.33,2684.8,214000.0,76.9,7631300.0,569.175,20861.4,12853.0
2024-02-10,-0.31,0.496,1552.0,1577.0,3.33,2684.8,212000.0,76.9,7631300.0,569.175,20861.4,12853.0
2024-02-12,-0.29,0.496,1552.0,1577.0,3.35,2684.8,212000.0,76.9,7631300.0,581.568,20861.4,12853.0
2024-02-13,-0.33,0.496,1552.0,1577.0,3.36,2684.8,212000.0,76.9,7631300.0,553.684,20861.4,12853.0
2024-02-14,-0.29,0.496,1552.0,1577.0,3.38,2684.8,212000.0,76.9,7633874.0,575.332,20861.4,12853.0
2024-02-15,-0.32,0.496,1552.0,1577.0,3.35,2684.8,212000.0,76.9,7633874.0,493.065,20861.4,12853.0
2024-02-16,-0.34,0.496,1552.0,1577.0,3.34,2684.8,212000.0,76.9,7633874.0,532.125,20861.4,12853.0
2024-02-17,-0.34,0.496,1552.0,1577.0,3.34,2684.8,203000.0,76.9,7633874.0,532.125,20861.4,12853.0
2024-02-19,-0.34,0.496,1552.0,1577.0,3.34,2684.8,203000.0,76.9,7633874.0,532.125,20861.4,12853.0
2024-02-20,-0.32,0.496,1552.0,1577.0,3.37,2684.8,203000.0,76.9,7633874.0,530.879,20861.4,12853.0
2024-02-21,-0.32,0.496,1552.0,1577.0,3.34,2684.8,203000.0,76.9,7581683.0,574.882,20861.4,12853.0
2024-02-22,-0.36,0.496,1552.0,1577.0,3.22,2684.8,203000.0,76.9,7581683.0,553.245,20861.4,12853.0
2024-02-23,-0.41,0.496,1552.0,1577.0,3.23,2684.8,203000.0,76.9,7581683.0,520.107,20861.4,12853.0
2024-02-24,-0.41,0.496,1552.0,1577.0,3.23,2684.8,214000.0,76.9,7581683.0,520.107,20861.4,12853.0
2024-02-26,-0.41,0.496,1552.0,1577.0,3.23,2684.8,214000.0,76.9,7581683.0,524.959,20861.4,12853.0
2024-02-27,-0.39,0.496,1552.0,1577.0,3.26,2684.8,214000.0,76.9,7581683.0,519.725,20861.4,12853.0
2024-02-28,-0.37,0.496,1552.0,1577.0,3.31,2684.8,214000.0,76.9,7567807.0,569.855,20861.4,12853.0
2024-02-29,-0.39,0.496,1552.0,1577.0,3.29,2684.8,214000.0,76.9,7567807.0,502.074,20861.4,12853.0
2024-03-01,-0.35,0.482,1312.0,1476.0,3.32,2675.7,214000.0,79.4,7567807.0,441.265,20901.0,12838.0
2024-03-02,-0.35,0.482,1312.0,1476.0,3.32,2675.7,212000.0,79.4,7567807.0,441.265,20901.0,12838.0
2024-03-04,-0.39,0.482,1312.0,1476.0,3.26,2675.7,212000.0,79.4,7567807.0,439.793,20901.0,12838.0
2024-03-05,-0.41,0.482,1312.0,1476.0,3.31,2675.7,212000.0,79.4,7567807.0,444.474,20901.0,12838.0
2024-03-06,-0.44,0.482,1312.0,1476.0,3.27,2675.7,212000.0,79.4,7538857.0,456.847,20901.0,12838.0
2024-03-07,-0.41,0.482,1312.0,1476.0,3.27,2675.7,212000.0,79.4,7538857.0,436.754,20901.0,12838.0
2024-03-08,-0.39,0.482,1312.0,1476.0,3.26,2675.7,212000.0,79.4,7538857.0,444.803,20901.0,12838.0
2024-03-09,-0.39,0.482,1312.0,1476.0,3.26,2675.7,213000.0,79.4,7538857.0,444.803,20901.0,12838.0
2024-03-11,-0.41,0.482,1312.0,1476.0,3.26,2675.7,213000.0,79.4,7538857.0,478.728,20901.0,12838.0
2024-03-12,-0.42,0.482,1312.0,1476.0,3.2,2675.7,213000.0,79.4,7538857.0,476.862,20901.0,12838.0
2024-03-13,-0.42,0.482,1312.0,1476.0,3.15,2675.7,213000.0,79.4,7541969.0,521.738,20901.0,12838.0
2024-03-14,-0.39,0.482,1312.0,1476.0,3.15,2675.7,213000.0,79.4,7541969.0,483.573,20901.0,12838.0
2024-03-15,-0.41,0.482,1312.0,1476.0,3.16,2675.7,213000.0,79.4,7541969.0,413.877,20901.0,12838.0
2024-03-16,-0.41,0.482,1312.0,1476.0,3.16,2675.7,213000.0,79.4,7541969.0,413.877,20901.0,12838.0
2024-03-18,-0.39,0.482,1312.0,1476.0,3.13,2675.7,213000.0,79.4,7541969.0,440.596,20901.0,12838.0
2024-03-19,-0.38,0.482,1312.0,1476.0,3.1,2675.7,213000.0,79.4,7541969.0,446.978,20901.0,12838.0
2024-03-20,-0.32,0.482,1312.0,1476.0,3.14,2675.7,213000.0,79.4,7514348.0,496.245,20901.0,12838.0
2024-03-21,-0.35,0.482,1312.0,1476.0,3.05,2675.7,213000.0,79.4,7514348.0,460.631,20901.0,12838.0
2024-03-22,-0.37,0.482,1312.0,1476.0,3.08,2675.7,213000.0,79.4,7514348.0,478.531,20901.0,12838.0
2024-03-23,-0.37,0.482,1312.0,1476.0,3.08,2675.7,214000.0,79.4,7514348.0,478.531,20901.0,12838.0
2024-03-25,-0.29,0.482,1312.0,1476.0,3.11,2675.7,214000.0,79.4,7514348.0,473.787,20901.0,12838.0
2024-03-26,-0.32,0.482,1312.0,1476.0,3.15,2675.7,214000.0,79.4,7514348.0,496.062,20901.0,12838.0
2024-03-27,-0.34,0.482,1312.0,1476.0,3.15,2675.7,214000.0,79.4,7484739.0,518.357,20901.0,12838.0
2024-03-28,-0.39,0.482,1312.0,1476.0,3.12,2675.7,214000.0,79.4,7484739.0,594.428,20901.0,12838.0
2024-03-29,-0.39,0.482,1312.0,1476.0,3.12,2675.7,214000.0,79.4,7484739.0,594.428,20901.0,12838.0
2024-03-30,-0.39,0.482,1312.0,1476.0,3.12,2675.7,223000.0,79.4,7484739.0,594.428,20901.0,12838.0
2024-03-31,-0.39,0.482,1312.0,1476.0,3.15,2675.7,223000.0,79.4,7484739.0,594.428,20901.0,12838.0
2024-04-01,-0.39,0.48,1385.0,1459.0,3.12,2665.7,223000.0,77.2,7484739.0,441.903,20929.1,12847.0
2024-04-02,-0.34,0.48,1385.0,1459.0,3.23,2665.7,223000.0,77.2,7484739.0,448.424,20929.1,12847.0
2024-04-03,-0.32,0.48,1385.0,1459.0,3.23,2665.7,223000.0,77.2,7439558.0,436.631,20929.1,12847.0
2024-04-04,-0.34,0.48,1385.0,1459.0,3.24,2665.7,223000.0,77.2,7439558.0,438.764,20929.1,12847.0
2024-04-05,-0.34,0.48,1385.0,1459.0,3.18,2665.7,223000.0,77.2,7439558.0,438.319,20929.1,12847.0
2024-04-06,-0.34,0.48,1385.0,1459.0,3.18,2665.7,212000.0,77.2,7439558.0,438.319,20929.1,12847.0
2024-04-08,-0.36,0.48,1385.0,1459.0,3.15,2665.7,212000.0,77.2,7439558.0,448.597,20929.1,12847.0
2024-04-09,-0.38,0.48,1385.0,1459.0,3.14,2665.7,212000.0,77.2,7439558.0,441.792,20929.1,12847.0
2024-04-10,-0.42,0.48,1385.0,1459.0,3.1,2665.7,212000.0,77.2,7438176.0,445.816,20929.1,12847.0
2024-04-11,-0.37,0.48,1385.0,1459.0,3.16,2665.7,212000.0,77.2,7438176.0,455.361,20929.1,12847.0
2024-04-12,-0.38,0.48,1385.0,1459.0,3.25,2665.7,212000.0,77.2,7438176.0,407.322,20929.1,12847.0
2024-04-13,-0.38,0.48,1385.0,1459.0,3.25,2665.7,211000.0,77.2,7438176.0,407.322,20929.1,12847.0
2024-04-15,-0.3,0.48,1385.0,1459.0,3.28,2665.7,211000.0,77.2,7438176.0,327.066,20929.1,12847.0
2024-04-16,-0.3,0.48,1385.0,1459.0,3.36,2665.7,211000.0,77.2,7438176.0,371.554,20929.1,12847.0
2024-04-17,-0.34,0.48,1385.0,1459.0,3.42,2665.7,211000.0,77.2,7405506.0,440.508,20929.1,12847.0
2024-04-18,-0.34,0.48,1385.0,1459.0,3.39,2665.7,211000.0,77.2,7405506.0,433.006,20929.1,12847.0
2024-04-19,-0.35,0.48,1385.0,1459.0,3.37,2665.7,211000.0,77.2,7405506.0,397.234,20929.1,12847.0
2024-04-20,-0.35,0.48,1385.0,1459.0,3.37,2665.7,209000.0,77.2,7405506.0,397.234,20929.1,12847.0
2024-04-22,-0.35,0.48,1385.0,1459.0,3.29,2665.7,209000.0,77.2,7405506.0,409.816,20929.1,12847.0
2024-04-23,-0.25,0.48,1385.0,1459.0,3.2,2665.7,209000.0,77.2,7405506.0,435.88,20929.1,12847.0
2024-04-24,-0.24,0.48,1385.0,1459.0,3.19,2665.7,209000.0,77.2,7402434.0,441.215,20929.1,12847.0
2024-04-25,-0.26,0.48,1385.0,1459.0,3.24,2665.7,209000.0,77.2,7402434.0,443.928,20929.1,12847.0
2024-04-26,-0.29,0.48,1385.0,1459.0,3.16,2665.7,209000.0,77.2,7402434.0,464.912,20929.1,12847.0
2024-04-27,-0.29,0.48,1385.0,1459.0,3.16,2665.7,209000.0,77.2,7402434.0,464.912,20929.1,12847.0
2024-04-29,-0.34,0.48,1385.0,1459.0,3.12,2665.7,209000.0,77.2,7402434.0,505.53,20929.1,12847.0
2024-04-30,-0.35,0.48,1385.0,1459.0,3.18,2665.7,209000.0,77.2,7402434.0,534.234,20929.1,12847.0
2024-05-01,-0.33,0.473,1316.0,1407.0,3.21,2645.7,209000.0,69.1,7362474.0,438.148,20989.7,12849.0
2024-05-02,-0.29,0.473,1316.0,1407.0,3.16,2645.7,209000.0,69.1,7362474.0,428.68,20989.7,12849.0
2024-05-03,-0.31,0.473,1316.0,1407.0,3.08,2645.7,209000.0,69.1,7362474.0,450.165,20989.7,12849.0
2024-05-04,-0.31,0.473,1316.0,1407.0,3.08,2645.7,229000.0,69.1,7362474.0,450.165,20989.7,12849.0
2024-05-06,-0.33,0.473,1316.0,1407.0,3.03,2645.7,229000.0,69.1,7362474.0,468.97,20989.7,12849.0
2024-05-07,-0.35,0.473,1316.0,1407.0,3.06,2645.7,229000.0,69.1,7362474.0,475.325,20989.7,12849.0
2024-05-08,-0.36,0.473,1316.0,1407.0,3.1,2645.7,229000.0,69.1,7353408.0,493.427,20989.7,12849.0
2024-05-09,-0.35,0.473,1316.0,1407.0,3.14,2645.7,229000.0,69.1,7353408.0,458.55,20989.7,12849.0
2024-05-10,-0.37,0.473,1316.0,1407.0,3.12,2645.7,229000.0,69.1,7353408.0,486.434,20989.7,12849.0
2024-05-11,-0.37,0.473,1316.0,1407.0,3.12,2645.7,222000.0,69.1,7353408.0,486.434,20989.7,12849.0
2024-05-13,-0.37,0.473,1316.0,1407.0,3.14,2645.7,222000.0,69.1,7353408.0,492.068,20989.7,12849.0
2024-05-14,-0.36,0.473,1316.0,1407.0,3.14,2645.7,222000.0,69.1,7353408.0,468.344,20989.7,12849.0
2024-05-15,-0.37,0.473,1316.0,1407.0,3.13,2645.7,222000.0,69.1,7304272.0,443.779,20989.7,12849.0
2024-05-16,-0.4,0.473,1316.0,1407.0,3.08,2645.7,222000.0,69.1,7304272.0,410.121,20989.7,12849.0
2024-05-17,-0.41,0.473,1316.0,1407.0,3.09,2645.7,222000.0,69.1,7304272.0,449.373,20989.7,12849.0
2024-05-18,-0.41,0.473,1316.0,1407.0,3.09,2645.7,216000.0,69.1,7304272.0,449.373,20989.7,12849.0
2024-05-20,-0.38,0.473,1316.0,1407.0,3.07,2645.7,216000.0,69.1,7304272.0,489.728,20989.7,12849.0
2024-05-21,-0.41,0.473,1316.0,1407.0,3.07,2645.7,216000.0,69.1,7304272.0,491.72,20989.7,12849.0
2024-05-22,-0.43,0.473,1316.0,1407.0,3.11,2645.7,216000.0,69.1,7299566.0,496.382,20989.7,12849.0
2024-05-23,-0.44,0.473,1316.0,1407.0,3.1,2645.7,216000.0,69.1,7299566.0,467.398,20989.7,12849.0
2024-05-24,-0.47,0.473,1316.0,1407.0,3.11,2645.7,216000.0,69.1,7299566.0,431.239,20989.7,12849.0
2024-05-25,-0.47,0.473,1316.0,1407.0,3.11,2645.7,221000.0,69.1,7299566.0,431.239,20989.7,12849.0
2024-05-27,-0.47,0.473,1316.0,1407.0,3.12,2645.7,221000.0,69.1,7299566.0,431.239,20989.7,12849.0
2024-05-28,-0.4,0.473,1316.0,1407.0,3.09,2645.7,221000.0,69.1,7299566.0,417.836,20989.7,12849.0
2024-05-29,-0.35,0.473,1316.0,1407.0,3.15,2645.7,221000.0,69.1,7284319.0,459.314,20989.7,12849.0
2024-05-30,-0.37,0.473,1316.0,1407.0,3.19,2645.7,221000.0,69.1,7284319.0,452.034,20989.7,12849.0
2024-05-31,-0.38,0.473,1316.0,1407.0,3.2,2645.7,221000.0,69.1,7284319.0,439.806,20989.7,12849.0
2024-06-01,-0.38,0.466,1327.0,1461.0,3.2,2619.7,229000.0,68.2,7284319.0,439.806,21053.1,12839.0
2024-06-03,-0.41,0.466,1327.0,1461.0,3.17,2619.7,229000.0,68.2,7284319.0,387.069,21053.1,12839.0
2024-06-04,-0.44,0.466,1327.0,1461.0,3.22,2619.7,229000.0,68.2,7284319.0,377.825,21053.1,12839.0
2024-06-05,-0.43,0.466,1327.0,1461.0,3.2,2619.7,229000.0,68.2,7255687.0,371.841,21053.1,12839.0
2024-06-06,-0.44,0.466,1327.0,1461.0,3.2,2619.7,229000.0,68.2,7255687.0,378.125,21053.1,12839.0
2024-06-07,-0.44,0.466,1327.0,1461.0,3.15,2619.7,229000.0,68.2,7255687.0,395.462,21053.1,12839.0
2024-06-08,-0.44,0.466,1327.0,1461.0,3.15,2619.7,241000.0,68.2,7255687.0,395.462,21053.1,12839.0
2024-06-10,-0.4,0.466,1327.0,1461.0,3.15,2619.7,241000.0,68.2,7255687.0,416.481,21053.1,12839.0
2024-06-11,-0.42,0.466,1327.0,1461.0,3.19,2619.7,241000.0,68.2,7255687.0,410.449,21053.1,12839.0
2024-06-12,-0.44,0.466,1327.0,1461.0,3.09,2619.7,241000.0,68.2,7258974.0,447.574,21053.1,12839.0
2024-06-13,-0.44,0.466,1327.0,1461.0,3.2,2619.7,241000.0,68.2,7258974.0,429.864,21053.1,12839.0
2024-06-14,-0.47,0.466,1327.0,1461.0,3.29,2619.7,241000.0,68.2,7258974.0,386.885,21053.1,12839.0
2024-06-15,-0.47,0.466,1327.0,1461.0,3.29,2619.7,237000.0,68.2,7258974.0,386.885,21053.1,12839.0
2024-06-17,-0.47,0.466,1327.0,1461.0,3.26,2619.7,237000.0,68.2,7258974.0,333.429,21053.1,12839.0
2024-06-18,-0.47,0.466,1327.0,1461.0,3.24,2619.7,237000.0,68.2,7258974.0,375.542,21053.1,12839.0
2024-06-19,-0.47,0.466,1327.0,1461.0,3.24,2619.7,237000.0,68.2,7252542.0,375.542,21053.1,12839.0
2024-06-20,-0.45,0.466,1327.0,1461.0,3.23,2619.7,237000.0,68.2,7252542.0,388.841,21053.1,12839.0
2024-06-21,-0.45,0.466,1327.0,1461.0,3.21,2619.7,237000.0,68.2,7252542.0,421.04,21053.1,12839.0
2024-06-22,-0.45,0.466,1327.0,1461.0,3.21,2619.7,233000.0,68.2,7252542.0,421.04,21053.1,12839.0
2024-06-24,-0.46,0.466,1327.0,1461.0,3.19,2619.7,233000.0,68.2,7252542.0,435.916,21053.1,12839.0
2024-06-25,-0.42,0.466,1327.0,1461.0,3.19,2619.7,233000.0,68.2,7252542.0,466.31,21053.1,12839.0
2024-06-26,-0.39,0.466,1327.0,1461.0,3.18,2619.7,233000.0,68.2,7231163.0,490.156,21053.1,12839.0
2024-06-27,-0.41,0.466,1327.0,1461.0,3.21,2619.7,233000.0,68.2,7231163.0,531.692,21053.1,12839.0
2024-06-28,-0.35,0.466,1327.0,1461.0,3.18,2619.7,233000.0,68.2,7231163.0,664.57,21053.1,12839.0
2024-06-29,-0.35,0.466,1327.0,1461.0,3.18,2619.7,238000.0,68.2,7231163.0,664.57,21053.1,12839.0
2024-06-30,-0.35,0.466,1327.0,1461.0,3.21,2619.7,238000.0,68.2,7231163.0,664.57,21053.1,12839.0
2024-07-01,-0.29,0.495,1265.0,1436.0,3.21,2594.3,238000.0,66.4,7231163.0,451.783,21084.2,12840.0
2024-07-02,-0.31,0.495,1265.0,1436.0,3.23,2594.3,238000.0,66.4,7231163.0,443.369,21084.2,12840.0
2024-07-03,-0.35,0.495,1265.0,1436.0,3.25,2594.3,238000.0,66.4,7221520.0,425.898,21084.2,12840.0
2024-07-04,-0.35,0.495,1265.0,1436.0,3.25,2594.3,238000.0,66.4,7221520.0,425.898,21084.2,12840.0
2024-07-05,-0.32,0.495,1265.0,1436.0,3.27,2594.3,238000.0,66.4,7221520.0,390.632,21084.2,12840.0
2024-07-06,-0.32,0.495,1265.0,1436.0,3.27,2594.3,222000.0,66.4,7221520.0,390.632,21084.2,12840.0
2024-07-08,-0.34,0.495,1265.0,1436.0,3.2,2594.3,222000.0,66.4,7221520.0,415.257,21084.2,12840.0
2024-07-09,-0.32,0.495,1265.0,1436.0,3.21,2594.3,222000.0,66.4,7221520.0,423.152,21084.2,12840.0
2024-07-10,-0.34,0.495,1265.0,1436.0,3.17,2594.3,222000.0,66.4,7224079.0,422.147,21084.2,12840.0
2024-07-11,-0.3,0.495,1265.0,1436.0,3.18,2594.3,222000.0,66.4,7224079.0,403.708,21084.2,12840.0
2024-07-12,-0.27,0.495,1265.0,1436.0,3.19,2594.3,222000.0,66.4,7224079.0,406.59,21084.2,12840.0
2024-07-13,-0.27,0.495,1265.0,1436.0,3.19,2594.3,240000.0,66.4,7224079.0,406.59,21084.2,12840.0
2024-07-15,-0.21,0.495,1265.0,1436.0,3.13,2594.3,240000.0,66.4,7224079.0,413.28,21084.2,12840.0
2024-07-16,-0.26,0.495,1265.0,1436.0,3.08,2594.3,240000.0,66.4,7224079.0,409.594,21084.2,12840.0
2024-07-17,-0.26,0.495,1265.0,1436.0,3.09,2594.3,240000.0,66.4,7208247.0,399.401,21084.2,12840.0
2024-07-18,-0.26,0.495,1265.0,1436.0,3.09,2594.3,240000.0,66.4,7208247.0,391.652,21084.2,12840.0
2024-07-19,-0.24,0.495,1265.0,1436.0,3.09,2594.3,240000.0,66.4,7208247.0,379.801,21084.2,12840.0
2024-07-20,-0.24,0.495,1265.0,1436.0,3.09,2594.3,236000.0,66.4,7208247.0,379.801,21084.2,12840.0
2024-07-22,-0.24,0.495,1265.0,1436.0,3.05,2594.3,236000.0,66.4,7208247.0,395.901,21084.2,12840.0
2024-07-23,-0.15,0.495,1265.0,1436.0,3.02,2594.3,236000.0,66.4,7208247.0,389.837,21084.2,12840.0
2024-07-24,-0.09,0.495,1265.0,1436.0,3.1,2594.3,236000.0,66.4,7205455.0,399.121,21084.2,12840.0
2024-07-25,-0.14,0.495,1265.0,1436.0,3.08,2594.3,236000.0,66.4,7205455.0,377.433,21084.2,12840.0
2024-07-26,-0.16,0.495,1265.0,1436.0,3.1,2594.3,236000.0,66.4,7205455.0,381.257,21084.2,12840.0
2024-07-27,-0.16,0.495,1265.0,1436.0,3.1,2594.3,248000.0,66.4,7205455.0,381.257,21084.2,12840.0
2024-07-29,-0.19,0.495,1265.0,1436.0,3.13,2594.3,248000.0,66.4,7205455.0,385.281,21084.2,12840.0
2024-07-30,-0.2,0.495,1265.0,1436.0,3.2,2594.3,248000.0,66.4,7205455.0,367.054,21084.2,12840.0
2024-07-31,-0.2,0.495,1265.0,1436.0,3.25,2594.3,248000.0,66.4,7178391.0,413.2,21084.2,12840.0
2024-08-01,-0.17,0.494,1391.0,1476.0,3.35,2573.8,248000.0,67.9,7178391.0,348.885,21171.1,12800.0
2024-08-02,-0.08,0.494,1391.0,1476.0,3.72,2573.8,248000.0,67.9,7178391.0,338.473,21171.1,12800.0
2024-08-03,-0.08,0.494,1391.0,1476.0,3.72,2573.8,234000.0,67.9,7178391.0,338.473,21171.1,12800.0
2024-08-05,-0.11,0.494,1391.0,1476.0,3.93,2573.8,234000.0,67.9,7178391.0,316.246,21171.1,12800.0
2024-08-06,-0.09,0.494,1391.0,1476.0,3.67,2573.8,234000.0,67.9,7178391.0,291.958,21171.1,12800.0
2024-08-07,-0.04,0.494,1391.0,1476.0,3.57,2573.8,234000.0,67.9,7175256.0,286.66,21171.1,12800.0
2024-08-08,-0.05,0.494,1391.0,1476.0,3.48,2573.8,234000.0,67.9,7175256.0,303.159,21171.1,12800.0
2024-08-09,-0.11,0.494,1391.0,1476.0,3.49,2573.8,234000.0,67.9,7175256.0,312.198,21171.1,12800.0
2024-08-10,-0.11,0.494,1391.0,1476.0,3.49,2573.8,228000.0,67.9,7175256.0,312.198,21171.1,12800.0
2024-08-12,-0.11,0.494,1391.0,1476.0,3.52,2573.8,228000.0,67.9,7175256.0,328.641,21171.1,12800.0
2024-08-13,-0.08,0.494,1391.0,1476.0,3.54,2573.8,228000.0,67.9,7175256.0,324.494,21171.1,12800.0
2024-08-14,-0.11,0.494,1391.0,1476.0,3.46,2573.8,228000.0,67.9,7177688.0,328.472,21171.1,12800.0
2024-08-15,-0.16,0.494,1391.0,1476.0,3.31,2573.8,228000.0,67.9,7177688.0,307.141,21171.1,12800.0
2024-08-16,-0.17,0.494,1391.0,1476.0,3.29,2573.8,228000.0,67.9,7177688.0,330.317,21171.1,12800.0
2024-08-17,-0.17,0.494,1391.0,1476.0,3.29,2573.8,232000.0,67.9,7177688.0,330.317,21171.1,12800.0
2024-08-19,-0.2,0.494,1391.0,1476.0,3.21,2573.8,232000.0,67.9,7177688.0,333.583,21171.1,12800.0
2024-08-20,-0.17,0.494,1391.0,1476.0,3.25,2573.8,232000.0,67.9,7177688.0,310.819,21171.1,12800.0
2024-08-21,-0.13,0.494,1391.0,1476.0,3.27,2573.8,232000.0,67.9,7139952.0,321.329,21171.1,12800.0
2024-08-22,-0.13,0.494,1391.0,1476.0,3.21,2573.8,232000.0,67.9,7139952.0,316.777,21171.1,12800.0
2024-08-23,-0.09,0.494,1391.0,1476.0,3.19,2573.8,232000.0,67.9,7139952.0,312.896,21171.1,12800.0
2024-08-24,-0.09,0.494,1391.0,1476.0,3.19,2573.8,232000.0,67.9,7139952.0,312.896,21171.1,12800.0
2024-08-26,-0.09,0.494,1391.0,1476.0,3.15,2573.8,232000.0,67.9,7139952.0,353.557,21171.1,12800.0
2024-08-27,0.0,0.494,1391.0,1476.0,3.17,2573.8,232000.0,67.9,7139952.0,344.045,21171.1,12800.0
2024-08-28,0.01,0.494,1391.0,1476.0,3.19,2573.8,232000.0,67.9,7123238.0,388.89,21171.1,12800.0
2024-08-29,0.0,0.494,1391.0,1476.0,3.15,2573.8,232000.0,67.9,7123238.0,383.434,21171.1,12800.0
2024-08-30,0.0,0.494,1391.0,1476.0,3.13,2573.8,232000.0,67.9,7123238.0,433.13,21171.1,12800.0
2024-08-31,0.0,0.494,1391.0,1476.0,3.17,2573.8,228000.0,67.9,7123238.0,433.13,21171.1,12800.0
2024-09-01,0.0,0.48,1357.0,1434.0,3.17,2555.5,228000.0,70.1,7123238.0,433.13,21257.5,12800.0
2024-09-02,0.0,0.48,1357.0,1434.0,3.17,2555.5,228000.0,70.1,7123238.0,433.13,21257.5,12800.0
2024-09-03,-0.04,0.48,1357.0,1434.0,3.31,2555.5,228000.0,70.1,7123238.0,349.808,21257.5,12800.0
2024-09-04,0.01,0.48,1357.0,1434.0,3.35,2555.5,228000.0,70.1,7112567.0,337.312,21257.5,12800.0
2024-09-05,-0.02,0.48,1357.0,1434.0,3.29,2555.5,228000.0,70.1,7112567.0,291.091,21257.5,12800.0
2024-09-06,0.06,0.48,1357.0,1434.0,3.39,2555.5,228000.0,70.1,7112567.0,299.271,21257.5,12800.0
2024-09-07,0.06,0.48,1357.0,1434.0,3.39,2555.5,230000.0,70.1,7112567.0,299.271,21257.5,12800.0
2024-09-09,0.02,0.48,1357.0,1434.0,3.36,2555.5,230000.0,70.1,7112567.0,292.158,21257.5,12800.0
2024-09-10,0.06,0.48,1357.0,1434.0,3.46,2555.5,230000.0,70.1,7112567.0,281.392,21257.5,12800.0
2024-09-11,0.03,0.48,1357.0,1434.0,3.44,2555.5,230000.0,70.1,7115001.0,279.215,21257.5,12800.0
2024-09-12,0.04,0.48,1357.0,1434.0,3.39,2555.5,230000.0,70.1,7115001.0,294.464,21257.5,12800.0
2024-09-13,0.09,0.48,1357.0,1434.0,3.37,2555.5,230000.0,70.1,7115001.0,284.951,21257.5,12800.0
2024-09-14,0.09,0.48,1357.0,1434.0,3.37,2555.5,222000.0,70.1,7115001.0,284.951,21257.5,12800.0
2024-09-16,0.07,0.48,1357.0,1434.0,3.32,2555.5,222000.0,70.1,7115001.0,239.386,21257.5,12800.0
2024-09-17,0.06,0.48,1357.0,1434.0,3.25,2555.5,222000.0,70.1,7115001.0,256.337,21257.5,12800.0
2024-09-18,0.09,0.48,1357.0,1434.0,3.21,2555.5,222000.0,70.1,7109137.0,305.831,21257.5,12800.0
2024-09-19,0.14,0.48,1357.0,1434.0,3.1,2555.5,222000.0,70.1,7109137.0,311.777,21257.5,12800.0
2024-09-20,0.18,0.48,1357.0,1434.0,3.15,2555.5,222000.0,70.1,7109137.0,339.316,21257.5,12800.0
2024-09-21,0.18,0.48,1357.0,1434.0,3.15,2555.5,221000.0,70.1,7109137.0,339.316,21257.5,12800.0
2024-09-23,0.18,0.48,1357.0,1434.0,3.15,2555.5,221000.0,70.1,7109137.0,380.372,21257.5,12800.0
2024-09-24,0.25,0.48,1357.0,1434.0,3.21,2555.5,221000.0,70.1,7109137.0,388.977,21257.5,12800.0
2024-09-25,0.26,0.48,1357.0,1434.0,3.19,2555.5,221000.0,70.1,7080059.0,416.193,21257.5,12800.0
2024-09-26,0.19,0.48,1357.0,1434.0,3.14,2555.5,221000.0,70.1,7080059.0,424.916,21257.5,12800.0
2024-09-27,0.2,0.48,1357.0,1434.0,3.14,2555.5,221000.0,70.1,7080059.0,436.518,21257.5,12800.0
2024-09-28,0.2,0.48,1357.0,1434.0,3.14,2555.5,227000.0,70.1,7080059.0,436.518,21257.5,12800.0
2024-09-30,0.15,0.48,1357.0,1434.0,3.03,2555.5,227000.0,70.1,7080059.0,465.638,21257.5,12800.0
2024-10-01,0.13,0.464,1352.0,1428.0,3.07,2520.1,227000.0,70.5,7080059.0,375.221,21308.1,12750.0
2024-10-02,0.16,0.464,1352.0,1428.0,3.06,2520.1,227000.0,70.5,7046925.0,383.398,21308.1,12750.0
2024-10-03,0.15,0.464,1352.0,1428.0,3.04,2520.1,227000.0,70.5,7046925.0,341.248,21308.1,12750.0
2024-10-04,0.05,0.464,1352.0,1428.0,2.89,2520.1,227000.0,70.5,7046925.0,330.012,21308.1,12750.0
2024-10-05,0.05,0.464,1352.0,1428.0,2.89,2520.1,259000.0,70.5,7046925.0,330.012,21308.1,12750.0
2024-10-07,0.04,0.464,1352.0,1428.0,2.95,2520.1,259000.0,70.5,7046925.0,322.948,21308.1,12750.0
2024-10-08,0.06,0.464,1352.0,1428.0,2.99,2520.1,259000.0,70.5,7046925.0,325.355,21308.1,12750.0
2024-10-09,0.07,0.464,1352.0,1428.0,2.94,2520.1,259000.0,70.5,7046840.0,343.448,21308.1,12750.0
2024-10-10,0.11,0.464,1352.0,1428.0,2.99,2520.1,259000.0,70.5,7046840.0,322.587,21308.1,12750.0
2024-10-11,0.13,0.464,1352.0,1428.0,2.98,2520.1,259000.0,70.5,7046840.0,331.735,21308.1,12750.0
2024-10-12,0.13,0.464,1352.0,1428.0,2.98,2520.1,240000.0,70.5,7046840.0,331.735,21308.1,12750.0
2024-10-14,0.13,0.464,1352.0,1428.0,2.97,2520.1,240000.0,70.5,7046840.0,331.735,21308.1,12750.0
2024-10-15,0.08,0.464,1352.0,1428.0,2.93,2520.1,240000.0,70.5,7046840.0,286.398,21308.1,12750.0
2024-10-16,0.09,0.464,1352.0,1428.0,2.9,2520.1,240000.0,70.5,7039284.0,272.028,21308.1,12750.0
2024-10-17,0.13,0.464,1352.0,1428.0,2.89,2520.1,240000.0,70.5,7039284.0,262.21,21308.1,12750.0
2024-10-18,0.13,0.464,1352.0,1428.0,2.88,2520.1,240000.0,70.5,7039284.0,259.892,21308.1,12750.0
2024-10-19,0.13,0.464,1352.0,1428.0,2.88,2520.1,228000.0,70.5,7039284.0,259.892,21308.1,12750.0
2024-10-21,0.17,0.464,1352.0,1428.0,2.88,2520.1,228000.0,70.5,7039284.0,261.044,21308.1,12750.0
2024-10-22,0.17,0.464,1352.0,1428.0,2.92,2520.1,228000.0,70.5,7039284.0,237.76,21308.1,12750.0
2024-10-23,0.17,0.464,1352.0,1428.0,2.95,2520.1,228000.0,70.5,7029408.0,270.839,21308.1,12750.0
2024-10-24,0.14,0.464,1352.0,1428.0,2.93,2520.1,228000.0,70.5,7029408.0,202.798,21308.1,12750.0
2024-10-25,0.14,0.464,1352.0,1428.0,2.89,2520.1,228000.0,70.5,7029408.0,227.0,21308.1,12750.0
2024-10-26,0.14,0.464,1352.0,1428.0,2.89,2520.1,218000.0,70.5,7029408.0,227.0,21308.1,12750.0
2024-10-28,0.16,0.464,1352.0,1428.0,2.82,2520.1,218000.0,70.5,7029408.0,251.032,21308.1,12750.0
2024-10-29,0.17,0.464,1352.0,1428.0,2.85,2520.1,218000.0,70.5,7029408.0,244.841,21308.1,12750.0
2024-10-30,0.14,0.464,1352.0,1428.0,2.8,2520.1,218000.0,70.5,7013490.0,228.946,21308.1,12750.0
2024-10-31,0.12,0.464,1352.0,1428.0,2.88,2520.1,218000.0,70.5,7013490.0,201.278,21308.1,12750.0
2024-11-01,0.16,0.491,1295.0,1508.0,2.83,2550.1,218000.0,71.8,7013490.0,155.476,21407.9,12770.0
2024-11-02,0.16,0.491,1295.0,1508.0,2.83,2550.1,221000.0,71.8,7013490.0,155.476,21407.9,12770.0
2024-11-04,0.14,0.491,1295.0,1508.0,2.87,2550.1,221000.0,71.8,7013490.0,171.885,21407.9,12770.0
2024-11-05,0.07,0.491,1295.0,1508.0,2.86,2550.1,221000.0,71.8,7013490.0,144.243,21407.9,12770.0
2024-11-06,0.15,0.491,1295.0,1508.0,2.74,2550.1,221000.0,71.8,6994299.0,177.871,21407.9,12770.0
2024-11-07,0.1,0.491,1295.0,1508.0,2.73,2550.1,221000.0,71.8,6994299.0,159.002,21407.9,12770.0
2024-11-08,0.04,0.491,1295.0,1508.0,2.63,2550.1,221000.0,71.8,6994299.0,163.621,21407.9,12770.0
2024-11-09,0.04,0.491,1295.0,1508.0,2.63,2550.1,219000.0,71.8,6994299.0,163.621,21407.9,12770.0
2024-11-11,0.04,0.491,1295.0,1508.0,2.63,2550.1,219000.0,71.8,6994299.0,163.621,21407.9,12770.0
2024-11-12,0.09,0.491,1295.0,1508.0,2.61,2550.1,219000.0,71.8,6994299.0,178.814,21407.9,12770.0
2024-11-13,0.17,0.491,1295.0,1508.0,2.64,2550.1,219000.0,71.8,6967108.0,238.106,21407.9,12770.0
2024-11-14,0.09,0.491,1295.0,1508.0,2.6,2550.1,219000.0,71.8,6967108.0,214.509,21407.9,12770.0
2024-11-15,0.12,0.491,1295.0,1508.0,2.72,2550.1,219000.0,71.8,6967108.0,172.4,21407.9,12770.0
2024-11-16,0.12,0.491,1295.0,1508.0,2.72,2550.1,216000.0,71.8,6967108.0,172.4,21407.9,12770.0
2024-11-18,0.13,0.491,1295.0,1508.0,2.72,2550.1,216000.0,71.8,6967108.0,200.03,21407.9,12770.0
2024-11-19,0.12,0.491,1295.0,1508.0,2.69,2550.1,216000.0,71.8,6967108.0,200.664,21407.9,12770.0
2024-11-20,0.1,0.491,1295.0,1508.0,2.67,2550.1,216000.0,71.8,6923731.0,217.793,21407.9,12770.0
2024-11-21,0.09,0.491,1295.0,1508.0,2.61,2550.1,216000.0,71.8,6923731.0,188.567,21407.9,12770.0
2024-11-22,0.04,0.491,1295.0,1508.0,2.61,2550.1,216000.0,71.8,6923731.0,204.254,21407.9,12770.0
2024-11-23,0.04,0.491,1295.0,1508.0,2.61,2550.1,216000.0,71.8,6923731.0,204.254,21407.9,12770.0
2024-11-25,0.06,0.491,1295.0,1508.0,2.64,2550.1,216000.0,71.8,6923731.0,186.749,21407.9,12770.0
2024-11-26,0.09,0.491,1295.0,1508.0,2.68,2550.1,216000.0,71.8,6923731.0,148.823,21407.9,12770.0
2024-11-27,0.06,0.491,1295.0,1508.0,2.69,2550.1,216000.0,71.8,6905140.0,169.815,21407.9,12770.0
2024-11-28,0.06,0.491,1295.0,1508.0,2.69,2550.1,216000.0,71.8,6905140.0,169.815,21407.9,12770.0
2024-11-29,0.05,0.491,1295.0,1508.0,2.72,2550.1,216000.0,71.8,6905140.0,197.627,21407.9,12770.0
2024-11-30,0.05,0.491,1295.0,1508.0,2.74,2550.1,225000.0,71.8,6905140.0,197.627,21407.9,12770.0
2024-12-01,0.05,0.461,1514.0,1480.0,2.74,2551.8,225000.0,74.0,6905140.0,197.627,21424.5,12760.0
2024-12-02,0.02,0.461,1514.0,1480.0,2.68,2551.8,225000.0,74.0,6905140.0,135.858,21424.5,12760.0
2024-12-03,0.06,0.461,1514.0,1480.0,2.66,2551.8,225000.0,74.0,6905140.0,161.572,21424.5,12760.0
2024-12-04,0.06,0.461,1514.0,1480.0,2.66,2551.8,225000.0,74.0,6895827.0,162.866,21424.5,12760.0
2024-12-05,0.02,0.461,1514.0,1480.0,2.66,2551.8,225000.0,74.0,6895827.0,131.964,21424.5,12760.0
2024-12-06,0.05,0.461,1514.0,1480.0,2.67,2551.8,225000.0,74.0,6895827.0,130.014,21424.5,12760.0
2024-12-07,0.05,0.461,1514.0,1480.0,2.67,2551.8,239000.0,74.0,6895827.0,130.014,21424.5,12760.0
2024-12-09,0.07,0.461,1514.0,1480.0,2.67,2551.8,239000.0,74.0,6895827.0,153.029,21424.5,12760.0
2024-12-10,0.07,0.461,1514.0,1480.0,2.67,2551.8,239000.0,74.0,6895827.0,174.842,21424.5,12760.0
2024-12-11,0.11,0.461,1514.0,1480.0,2.64,2551.8,239000.0,74.0,6897485.0,180.12,21424.5,12760.0
2024-12-12,0.14,0.461,1514.0,1480.0,2.66,2551.8,239000.0,74.0,6897485.0,165.025,21424.5,12760.0
2024-12-13,0.15,0.461,1514.0,1480.0,2.68,2551.8,239000.0,74.0,6897485.0,135.777,21424.5,12760.0
2024-12-14,0.15,0.461,1514.0,1480.0,2.68,2551.8,222000.0,74.0,6897485.0,135.777,21424.5,12760.0
2024-12-16,0.14,0.461,1514.0,1480.0,2.69,2551.8,222000.0,74.0,6897485.0,110.753,21424.5,12760.0
2024-12-17,0.15,0.461,1514.0,1480.0,2.75,2551.8,222000.0,74.0,6897485.0,118.093,21424.5,12760.0
2024-12-18,0.15,0.461,1514.0,1480.0,2.73,2551.8,222000.0,74.0,6889332.0,131.651,21424.5,12760.0
2024-12-19,0.25,0.461,1514.0,1480.0,2.91,2551.8,222000.0,74.0,6889332.0,112.417,21424.5,12760.0
2024-12-20,0.22,0.461,1514.0,1480.0,2.86,2551.8,222000.0,74.0,6889332.0,98.356,21424.5,12760.0
2024-12-21,0.22,0.461,1514.0,1480.0,2.86,2551.8,219000.0,74.0,6889332.0,98.356,21424.5,12760.0
2024-12-23,0.29,0.461,1514.0,1480.0,2.85,2551.8,219000.0,74.0,6889332.0,116.004,21424.5,12760.0
2024-12-24,0.3,0.461,1514.0,1480.0,2.86,2551.8,219000.0,74.0,6889332.0,180.989,21424.5,12760.0
2024-12-25,0.3,0.461,1514.0,1480.0,2.86,2551.8,219000.0,74.0,6885963.0,180.989,21424.5,12760.0
2024-12-26,0.28,0.461,1514.0,1480.0,2.86,2551.8,219000.0,74.0,6885963.0,196.818,21424.5,12760.0
2024-12-27,0.31,0.461,1514.0,1480.0,2.84,2551.8,219000.0,74.0,6885963.0,268.739,21424.5,12760.0
2024-12-28,0.31,0.461,1514.0,1480.0,2.84,2551.8,209000.0,74.0,6885963.0,268.739,21424.5,12760.0
2024-12-30,0.31,0.461,1514.0,1480.0,2.94,2551.8,209000.0,74.0,6885963.0,260.743,21424.5,12760.0
2024-12-31,0.33,0.461,1514.0,1480.0,2.92,2551.8,209000.0,74.0,6885963.0,473.46,21424.5,12760.0
2025-01-01,0.33,0.474,1358.0,1460.0,2.92,2543.8,209000.0,71.7,6852491.0,473.46,21492.5,12755.0
2025-01-02,0.32,0.474,1358.0,1460.0,2.88,2543.8,209000.0,71.7,6852491.0,239.858,21492.5,12755.0
2025-01-03,0.32,0.474,1358.0,1460.0,2.81,2543.8,209000.0,71.7,6852491.0,237.377,21492.5,12755.0
2025-01-04,0.32,0.474,1358.0,1460.0,2.81,2543.8,205000.0,71.7,6852491.0,237.377,21492.5,12755.0
2025-01-06,0.34,0.474,1358.0,1460.0,2.76,2543.8,205000.0,71.7,6852491.0,231.926,21492.5,12755.0
2025-01-07,0.37,0.474,1358.0,1460.0,2.79,2543.8,205000.0,71.7,6852491.0,208.296,21492.5,12755.0
2025-01-08,0.39,0.474,1358.0,1460.0,2.84,2543.8,205000.0,71.7,6853554.0,185.144,21492.5,12755.0
2025-01-09,0.41,0.474,1358.0,1460.0,2.82,2543.8,205000.0,71.7,6853554.0,168.225,21492.5,12755.0
2025-01-10,0.37,0.474,1358.0,1460.0,2.81,2543.8,205000.0,71.7,6853554.0,178.8,21492.5,12755.0
2025-01-11,0.37,0.474,1358.0,1460.0,2.81,2543.8,217000.0,71.7,6853554.0,178.8,21492.5,12755.0
2025-01-13,0.39,0.474,1358.0,1460.0,2.85,2543.8,217000.0,71.7,6853554.0,183.669,21492.5,12755.0
2025-01-14,0.41,0.474,1358.0,1460.0,2.8,2543.8,217000.0,71.7,6853554.0,160.219,21492.5,12755.0
2025-01-15,0.39,0.474,1358.0,1460.0,2.72,2543.8,217000.0,71.7,6834070.0,119.977,21492.5,12755.0
2025-01-16,0.38,0.474,1358.0,1460.0,2.73,2543.8,217000.0,71.7,6834070.0,94.489,21492.5,12755.0
2025-01-17,0.34,0.474,1358.0,1460.0,2.64,2543.8,217000.0,71.7,6834070.0,118.327,21492.5,12755.0
2025-01-18,0.34,0.474,1358.0,1460.0,2.64,2543.8,222000.0,71.7,6834070.0,118.327,21492.5,12755.0
2025-01-20,0.34,0.474,1358.0,1460.0,2.64,2543.8,222000.0,71.7,6834070.0,118.327,21492.5,12755.0
2025-01-21,0.28,0.474,1358.0,1460.0,2.61,2543.8,222000.0,71.7,6834070.0,96.015,21492.5,12755.0
2025-01-22,0.31,0.474,1358.0,1460.0,2.59,2543.8,222000.0,71.7,6831760.0,123.981,21492.5,12755.0
2025-01-23,0.36,0.474,1358.0,1460.0,2.61,2543.8,222000.0,71.7,6831760.0,132.031,21492.5,12755.0
2025-01-24,0.36,0.474,1358.0,1460.0,2.6,2543.8,222000.0,71.7,6831760.0,104.972,21492.5,12755.0
2025-01-25,0.36,0.474,1358.0,1460.0,2.6,2543.8,210000.0,71.7,6831760.0,104.972,21492.5,12755.0
2025-01-27,0.36,0.474,1358.0,1460.0,2.66,2543.8,210000.0,71.7,6831760.0,92.863,21492.5,12755.0
2025-01-28,0.36,0.474,1358.0,1460.0,2.66,2543.8,210000.0,71.7,6831760.0,112.76,21492.5,12755.0
2025-01-29,0.34,0.474,1358.0,1460.0,2.68,2543.8,210000.0,71.7,6818186.0,121.842,21492.5,12755.0
2025-01-30,0.34,0.474,1358.0,1460.0,2.67,2543.8,210000.0,71.7,6818186.0,125.965,21492.5,12755.0
2025-01-31,0.36,0.474,1358.0,1460.0,2.68,2543.8,210000.0,71.7,6818186.0,187.913,21492.5,12755.0
2025-02-01,0.36,0.446,1490.0,1454.0,2.68,2541.6,222000.0,64.7,6818186.0,187.913,21564.8,12763.0
2025-02-03,0.28,0.446,1490.0,1454.0,2.73,2541.6,222000.0,64.7,6818186.0,97.781,21564.8,12763.0
2025-02-04,0.31,0.446,1490.0,1454.0,2.71,2541.6,222000.0,64.7,6818186.0,85.654,21564.8,12763.0
2025-02-05,0.26,0.446,1490.0,1454.0,2.69,2541.6,222000.0,64.7,6810935.0,78.788,21564.8,12763.0
2025-02-06,0.24,0.446,1490.0,1454.0,2.66,2541.6,222000.0,64.7,6810935.0,79.983,21564.8,12763.0
2025-02-07,0.2,0.446,1490.0,1454.0,2.67,2541.6,222000.0,64.7,6810935.0,95.248,21564.8,12763.0
2025-02-08,0.2,0.446,1490.0,1454.0,2.67,2541.6,215000.0,64.7,6810935.0,95.248,21564.8,12763.0
2025-02-10,0.23,0.446,1490.0,1454.0,2.66,2541.6,215000.0,64.7,6810935.0,99.653,21564.8,12763.0
2025-02-11,0.25,0.446,1490.0,1454.0,2.66,2541.6,215000.0,64.7,6810935.0,76.446,21564.8,12763.0
2025-02-12,0.26,0.446,1490.0,1454.0,2.65,2541.6,215000.0,64.7,6813513.0,67.67,21564.8,12763.0
2025-02-13,0.21,0.446,1490.0,1454.0,2.65,2541.6,215000.0,64.7,6813513.0,67.82,21564.8,12763.0
2025-02-14,0.21,0.446,1490.0,1454.0,2.62,2541.6,215000.0,64.7,6813513.0,58.77,21564.8,12763.0
2025-02-15,0.21,0.446,1490.0,1454.0,2.62,2541.6,224000.0,64.7,6813513.0,58.77,21564.8,12763.0
2025-02-17,0.21,0.446,1490.0,1454.0,2.62,2541.6,224000.0,64.7,6813513.0,58.77,21564.8,12763.0
2025-02-18,0.26,0.446,1490.0,1454.0,2.62,2541.6,224000.0,64.7,6813513.0,77.817,21564.8,12763.0
2025-02-19,0.25,0.446,1490.0,1454.0,2.68,2541.6,224000.0,64.7,6782332.0,73.196,21564.8,12763.0
2025-02-20,0.22,0.446,1490.0,1454.0,2.66,2541.6,224000.0,64.7,6782332.0,63.207,21564.8,12763.0
2025-02-21,0.23,0.446,1490.0,1454.0,2.78,2541.6,224000.0,64.7,6782332.0,68.983,21564.8,12763.0
2025-02-22,0.23,0.446,1490.0,1454.0,2.78,2541.6,243000.0,64.7,6782332.0,68.983,21564.8,12763.0
2025-02-24,0.27,0.446,1490.0,1454.0,2.78,2541.6,243000.0,64.7,6782332.0,76.818,21564.8,12763.0
2025-02-25,0.23,0.446,1490.0,1454.0,2.84,2541.6,243000.0,64.7,6782332.0,96.0,21564.8,12763.0
2025-02-26,0.2,0.446,1490.0,1454.0,2.81,2541.6,243000.0,64.7,6766101.0,126.058,21564.8,12763.0
2025-02-27,0.22,0.446,1490.0,1454.0,2.81,2541.6,243000.0,64.7,6766101.0,182.148,21564.8,12763.0
2025-02-28,0.25,0.446,1490.0,1454.0,2.87,2541.6,243000.0,64.7,6766101.0,234.422,21564.8,12763.0
2025-03-01,0.25,0.458,1355.0,1481.0,2.87,2527.3,224000.0,57.0,6766101.0,234.422,21636.8,12764.0
2025-03-03,0.2,0.458,1355.0,1481.0,2.94,2527.3,224000.0,57.0,6766101.0,119.987,21636.8,12764.0
2025-03-04,0.26,0.458,1355.0,1481.0,2.99,2527.3,224000.0,57.0,6766101.0,135.257,21636.8,12764.0
2025-03-05,0.29,0.458,1355.0,1481.0,2.88,2527.3,224000.0,57.0,6756764.0,139.493,21636.8,12764.0
2025-03-06,0.33,0.458,1355.0,1481.0,2.99,2527.3,224000.0,57.0,6756764.0,129.269,21636.8,12764.0
2025-03-07,0.33,0.458,1355.0,1481.0,2.97,2527.3,224000.0,57.0,6756764.0,136.305,21636.8,12764.0
2025-03-08,0.33,0.458,1355.0,1481.0,2.97,2527.3,223000.0,57.0,6756764.0,136.305,21636.8,12764.0
2025-03-10,0.33,0.458,1355.0,1481.0,3.16,2527.3,223000.0,57.0,6756764.0,129.054,21636.8,12764.0
2025-03-11,0.34,0.458,1355.0,1481.0,3.22,2527.3,223000.0,57.0,6756764.0,137.31,21636.8,12764.0
2025-03-12,0.31,0.458,1355.0,1481.0,3.2,2527.3,223000.0,57.0,6759571.0,131.055,21636.8,12764.0
2025-03-13,0.33,0.458,1355.0,1481.0,3.4,2527.3,223000.0,57.0,6759571.0,113.435,21636.8,12764.0
2025-03-14,0.29,0.458,1355.0,1481.0,3.25,2527.3,223000.0,57.0,6759571.0,126.234,21636.8,12764.0
2025-03-15,0.29,0.458,1355.0,1481.0,3.25,2527.3,225000.0,57.0,6759571.0,126.234,21636.8,12764.0
2025-03-17,0.25,0.458,1355.0,1481.0,3.18,2527.3,225000.0,57.0,6759571.0,89.496,21636.8,12764.0
2025-03-18,0.25,0.458,1355.0,1481.0,3.23,2527.3,225000.0,57.0,6759571.0,149.503,21636.8,12764.0
2025-03-19,0.26,0.458,1355.0,1481.0,3.19,2527.3,225000.0,57.0,6755982.0,193.378,21636.8,12764.0
2025-03-20,0.29,0.458,1355.0,1481.0,3.17,2527.3,225000.0,57.0,6755982.0,192.64,21636.8,12764.0
2025-03-21,0.31,0.458,1355.0,1481.0,3.21,2527.3,225000.0,57.0,6755982.0,200.85,21636.8,12764.0
2025-03-22,0.31,0.458,1355.0,1481.0,3.21,2527.3,225000.0,57.0,6755982.0,200.85,21636.8,12764.0
2025-03-24,0.3,0.458,1355.0,1481.0,3.05,2527.3,225000.0,57.0,6755982.0,196.565,21636.8,12764.0
2025-03-25,0.35,0.458,1355.0,1481.0,3.09,2527.3,225000.0,57.0,6755982.0,214.786,21636.8,12764.0
2025-03-26,0.37,0.458,1355.0,1481.0,3.19,2527.3,225000.0,57.0,6740253.0,241.371,21636.8,12764.0
2025-03-27,0.41,0.458,1355.0,1481.0,3.27,2527.3,225000.0,57.0,6740253.0,291.785,21636.8,12764.0
2025-03-28,0.38,0.458,1355.0,1481.0,3.47,2527.3,225000.0,57.0,6740253.0,286.575,21636.8,12764.0
2025-03-29,0.38,0.458,1355.0,1481.0,3.47,2527.3,219000.0,57.0,6740253.0,286.575,21636.8,12764.0
2025-03-31,0.34,0.458,1355.0,1481.0,3.55,2527.3,219000.0,57.0,6740253.0,399.167,21636.8,12764.0
2025-04-01,0.3,0.451,1398.0,1422.0,3.5,2544.2,219000.0,52.2,6740253.0,230.063,21770.7,12764.0
2025-04-02,0.29,0.451,1398.0,1422.0,3.42,2544.2,219000.0,52.2,6723452.0,233.488,21770.7,12764.0
2025-04-03,0.35,0.451,1398.0,1422.0,4.01,2544.2,219000.0,52.2,6723452.0,196.265,21770.7,12764.0
2025-04-04,0.33,0.451,1398.0,1422.0,4.45,2544.2,219000.0,52.2,6723452.0,184.499,21770.7,12764.0
2025-04-05,0.33,0.451,1398.0,1422.0,4.45,2544.2,224000.0,52.2,6723452.0,184.499,21770.7,12764.0
2025-04-07,0.42,0.451,1398.0,1422.0,4.61,2544.2,224000.0,52.2,6723452.0,148.146,21770.7,12764.0
2025-04-08,0.55,0.451,1398.0,1422.0,4.57,2544.2,224000.0,52.2,6723452.0,156.911,21770.7,12764.0
2025-04-09,0.43,0.451,1398.0,1422.0,4.37,2544.2,224000.0,52.2,6727416.0,168.115,21770.7,12764.0
2025-04-10,0.56,0.451,1398.0,1422.0,4.42,2544.2,224000.0,52.2,6727416.0,129.95,21770.7,12764.0
2025-04-11,0.52,0.451,1398.0,1422.0,4.26,2544.2,224000.0,52.2,6727416.0,98.531,21770.7,12764.0
2025-04-12,0.52,0.451,1398.0,1422.0,4.26,2544.2,216000.0,52.2,6727416.0,98.531,21770.7,12764.0
2025-04-14,0.54,0.451,1398.0,1422.0,4.14,2544.2,216000.0,52.2,6727416.0,102.838,21770.7,12764.0
2025-04-15,0.51,0.451,1398.0,1422.0,4.09,2544.2,216000.0,52.2,6727416.0,88.878,21770.7,12764.0
2025-04-16,0.52,0.451,1398.0,1422.0,4.16,2544.2,216000.0,52.2,6727113.0,54.772,21770.7,12764.0
2025-04-17,0.53,0.451,1398.0,1422.0,4.02,2544.2,216000.0,52.2,6727113.0,58.6,21770.7,12764.0
2025-04-18,0.53,0.451,1398.0,1422.0,4.02,2544.2,216000.0,52.2,6727113.0,58.6,21770.7,12764.0
2025-04-19,0.53,0.451,1398.0,1422.0,4.02,2544.2,223000.0,52.2,6727113.0,58.6,21770.7,12764.0
2025-04-21,0.67,0.451,1398.0,1422.0,4.16,2544.2,223000.0,52.2,6727113.0,114.114,21770.7,12764.0
2025-04-22,0.65,0.451,1398.0,1422.0,3.99,2544.2,223000.0,52.2,6727113.0,137.951,21770.7,12764.0
2025-04-23,0.59,0.451,1398.0,1422.0,3.75,2544.2,223000.0,52.2,6726930.0,171.78,21770.7,12764.0
2025-04-24,0.55,0.451,1398.0,1422.0,3.73,2544.2,223000.0,52.2,6726930.0,130.004,21770.7,12764.0
2025-04-25,0.55,0.451,1398.0,1422.0,3.67,2544.2,223000.0,52.2,6726930.0,94.021,21770.7,12764.0
2025-04-26,0.55,0.451,1398.0,1422.0,3.67,2544.2,241000.0,52.2,6726930.0,94.021,21770.7,12764.0
2025-04-28,0.56,0.451,1398.0,1422.0,3.73,2544.2,241000.0,52.2,6726930.0,148.649,21770.7,12764.0
2025-04-29,0.54,0.451,1398.0,1422.0,3.74,2544.2,241000.0,52.2,6726930.0,157.537,21770.7,12764.0
2025-04-30,0.57,0.451,1398.0,1422.0,3.94,2544.2,241000.0,52.2,6709277.0,250.601,21770.7,12764.0
2025-05-01,0.55,0.454,1282.0,1394.0,3.78,2529.0,241000.0,52.2,6709277.0,157.353,21827.6,12753.0
2025-05-02,0.5,0.454,1282.0,1394.0,3.6,2529.0,241000.0,52.2,6709277.0,147.882,21827.6,12753.0
2025-05-03,0.5,0.454,1282.0,1394.0,3.6,2529.0,229000.0,52.2,6709277.0,147.882,21827.6,12753.0
2025-05-05,0.53,0.454,1282.0,1394.0,3.6,2529.0,229000.0,52.2,6709277.0,124.69,21827.6,12753.0
2025-05-06,0.52,0.454,1282.0,1394.0,3.66,2529.0,229000.0,52.2,6709277.0,129.858,21827.6,12753.0
2025-05-07,0.48,0.454,1282.0,1394.0,3.67,2529.0,229000.0,52.2,6710889.0,154.859,21827.6,12753.0
2025-05-08,0.47,0.454,1282.0,1394.0,3.51,2529.0,229000.0,52.2,6710889.0,139.768,21827.6,12753.0
2025-05-09,0.49,0.454,1282.0,1394.0,3.53,2529.0,229000.0,52.2,6710889.0,142.272,21827.6,12753.0
2025-05-10,0.49,0.454,1282.0,1394.0,3.53,2529.0,228000.0,52.2,6710889.0,142.272,21827.6,12753.0
2025-05-12,0.47,0.454,1282.0,1394.0,3.15,2529.0,228000.0,52.2,6710889.0,147.505,21827.6,12753.0
2025-05-13,0.47,0.454,1282.0,1394.0,3.09,2529.0,228000.0,52.2,6710889.0,144.214,21827.6,12753.0
2025-05-14,0.48,0.454,1282.0,1394.0,3.1,2529.0,228000.0,52.2,6713270.0,165.024,21827.6,12753.0
2025-05-15,0.49,0.454,1282.0,1394.0,3.2,2529.0,228000.0,52.2,6713270.0,109.436,21827.6,12753.0
2025-05-16,0.45,0.454,1282.0,1394.0,3.16,2529.0,228000.0,52.2,6713270.0,136.799,21827.6,12753.0
2025-05-17,0.45,0.454,1282.0,1394.0,3.16,2529.0,226000.0,52.2,6713270.0,136.799,21827.6,12753.0
2025-05-19,0.49,0.454,1282.0,1394.0,3.21,2529.0,226000.0,52.2,6713270.0,180.417,21827.6,12753.0
2025-05-20,0.51,0.454,1282.0,1394.0,3.2,2529.0,226000.0,52.2,6713270.0,136.033,21827.6,12753.0
2025-05-21,0.58,0.454,1282.0,1394.0,3.25,2529.0,226000.0,52.2,6688726.0,162.802,21827.6,12753.0
2025-05-22,0.54,0.454,1282.0,1394.0,3.32,2529.0,226000.0,52.2,6688726.0,173.018,21827.6,12753.0
2025-05-23,0.51,0.454,1282.0,1394.0,3.4,2529.0,226000.0,52.2,6688726.0,154.841,21827.6,12753.0
2025-05-24,0.51,0.454,1282.0,1394.0,3.4,2529.0,239000.0,52.2,6688726.0,154.841,21827.6,12753.0
2025-05-26,0.51,0.454,1282.0,1394.0,3.4,2529.0,239000.0,52.2,6688726.0,154.841,21827.6,12753.0
2025-05-27,0.51,0.454,1282.0,1394.0,3.24,2529.0,239000.0,52.2,6688726.0,138.066,21827.6,12753.0
2025-05-28,0.51,0.454,1282.0,1394.0,3.23,2529.0,239000.0,52.2,6673244.0,173.641,21827.6,12753.0
2025-05-29,0.51,0.454,1282.0,1394.0,3.22,2529.0,239000.0,52.2,6673244.0,165.66,21827.6,12753.0
2025-05-30,0.52,0.454,1282.0,1394.0,3.31,2529.0,239000.0,52.2,6673244.0,315.657,21827.6,12753.0
2025-05-31,0.52,0.454,1282.0,1394.0,3.32,2529.0,248000.0,52.2,6673244.0,315.657,21827.6,12753.0
2025-06-01,0.52,0.455,1382.0,1393.0,3.32,2519.0,248000.0,60.7,6673244.0,315.657,21942.5,12736.0
2025-06-02,0.52,0.455,1382.0,1393.0,3.27,2519.0,248000.0,60.7,6673244.0,135.841,21942.5,12736.0
2025-06-03,0.5,0.455,1382.0,1393.0,3.19,2519.0,248000.0,60.7,6673244.0,153.177,21942.5,12736.0
2025-06-04,0.5,0.455,1382.0,1393.0,3.23,2519.0,248000.0,60.7,6672885.0,168.882,21942.5,12736.0
2025-06-05,0.48,0.455,1382.0,1393.0,3.18,2519.0,248000.0,60.7,6672885.0,152.727,21942.5,12736.0
2025-06-06,0.47,0.455,1382.0,1393.0,3.09,2519.0,248000.0,60.7,6672885.0,149.284,21942.5,12736.0
2025-06-07,0.47,0.455,1382.0,1393.0,3.09,2519.0,250000.0,60.7,6672885.0,149.284,21942.5,12736.0
2025-06-09,0.48,0.455,1382.0,1393.0,3.12,2519.0,250000.0,60.7,6672885.0,179.315,21942.5,12736.0
2025-06-10,0.46,0.455,1382.0,1393.0,3.12,2519.0,250000.0,60.7,6672885.0,182.725,21942.5,12736.0
2025-06-11,0.47,0.455,1382.0,1393.0,3.12,2519.0,250000.0,60.7,6677155.0,204.625,21942.5,12736.0
2025-06-12,0.46,0.455,1382.0,1393.0,3.17,2519.0,250000.0,60.7,6677155.0,181.417,21942.5,12736.0
2025-06-13,0.45,0.455,1382.0,1393.0,3.18,2519.0,250000.0,60.7,6677155.0,168.645,21942.5,12736.0
2025-06-14,0.45,0.455,1382.0,1393.0,3.18,2519.0,246000.0,60.7,6677155.0,168.645,21942.5,12736.0
2025-06-16,0.49,0.455,1382.0,1393.0,3.1,2519.0,246000.0,60.7,6677155.0,140.759,21942.5,12736.0
2025-06-17,0.45,0.455,1382.0,1393.0,3.17,2519.0,246000.0,60.7,6677155.0,168.939,21942.5,12736.0
2025-06-18,0.44,0.455,1382.0,1393.0,3.16,2519.0,246000.0,60.7,6681056.0,205.05,21942.5,12736.0
2025-06-19,0.44,0.455,1382.0,1393.0,3.16,2519.0,246000.0,60.7,6681056.0,205.05,21942.5,12736.0
2025-06-20,0.48,0.455,1382.0,1393.0,3.13,2519.0,246000.0,60.7,6681056.0,138.283,21942.5,12736.0
2025-06-21,0.48,0.455,1382.0,1393.0,3.13,2519.0,237000.0,60.7,6681056.0,138.283,21942.5,12736.0
2025-06-23,0.5,0.455,1382.0,1393.0,3.12,2519.0,237000.0,60.7,6681056.0,165.319,21942.5,12736.0
2025-06-24,0.55,0.455,1382.0,1393.0,3.06,2519.0,237000.0,60.7,6681056.0,187.367,21942.5,12736.0
2025-06-25,0.55,0.455,1382.0,1393.0,3.04,2519.0,237000.0,60.7,6662200.0,210.879,21942.5,12736.0
2025-06-26,0.56,0.455,1382.0,1393.0,3.04,2519.0,237000.0,60.7,6662200.0,252.432,21942.5,12736.0
2025-06-27,0.56,0.455,1382.0,1393.0,3.02,2519.0,237000.0,60.7,6662200.0,285.742,21942.5,12736.0
2025-06-28,0.56,0.455,1382.0,1393.0,3.02,2519.0,232000.0,60.7,6662200.0,285.742,21942.5,12736.0
2025-06-30,0.52,0.455,1382.0,1393.0,2.96,2519.0,232000.0,60.7,6662200.0,460.731,21942.5,12736.0
2025-07-01,0.48,0.422,1420.0,1362.0,2.91,2504.0,232000.0,61.7,6662200.0,245.53,22028.6,12727.0
2025-07-02,0.52,0.422,1420.0,1362.0,2.88,2504.0,232000.0,61.7,6659598.0,237.307,22028.6,12727.0
2025-07-03,0.47,0.422,1420.0,1362.0,2.8,2504.0,232000.0,61.7,6659598.0,214.665,22028.6,12727.0
2025-07-04,0.47,0.422,1420.0,1362.0,2.8,2504.0,232000.0,61.7,6659598.0,214.665,22028.6,12727.0
2025-07-05,0.47,0.422,1420.0,1362.0,2.8,2504.0,228000.0,61.7,6659598.0,214.665,22028.6,12727.0
2025-07-07,0.5,0.422,1420.0,1362.0,2.86,2504.0,228000.0,61.7,6659598.0,218.03,22028.6,12727.0
2025-07-08,0.52,0.422,1420.0,1362.0,2.92,2504.0,228000.0,61.7,6659598.0,219.415,22028.6,12727.0
2025-07-09,0.48,0.422,1420.0,1362.0,2.94,2504.0,228000.0,61.7,6661912.0,227.273,22028.6,12727.0
2025-07-10,0.49,0.422,1420.0,1362.0,2.92,2504.0,228000.0,61.7,6661912.0,183.339,22028.6,12727.0
2025-07-11,0.53,0.422,1420.0,1362.0,2.97,2504.0,228000.0,61.7,6661912.0,181.637,22028.6,12727.0
2025-07-12,0.53,0.422,1420.0,1362.0,2.97,2504.0,221000.0,61.7,6661912.0,181.637,22028.6,12727.0
2025-07-14,0.53,0.422,1420.0,1362.0,2.95,2504.0,221000.0,61.7,6661912.0,217.841,22028.6,12727.0
2025-07-15,0.55,0.422,1420.0,1362.0,2.95,2504.0,221000.0,61.7,6661912.0,198.277,22028.6,12727.0
2025-07-16,0.58,0.422,1420.0,1362.0,3.0,2504.0,221000.0,61.7,6659273.0,197.086,22028.6,12727.0
2025-07-17,0.56,0.422,1420.0,1362.0,2.91,2504.0,221000.0,61.7,6659273.0,193.66,22028.6,12727.0
2025-07-18,0.56,0.422,1420.0,1362.0,2.93,2504.0,221000.0,61.7,6659273.0,199.298,22028.6,12727.0
2025-07-19,0.56,0.422,1420.0,1362.0,2.93,2504.0,217000.0,61.7,6659273.0,199.298,22028.6,12727.0
2025-07-21,0.53,0.422,1420.0,1362.0,2.89,2504.0,217000.0,61.7,6659273.0,213.666,22028.6,12727.0
2025-07-22,0.52,0.422,1420.0,1362.0,2.9,2504.0,217000.0,61.7,6659273.0,196.374,22028.6,12727.0
2025-07-23,0.52,0.422,1420.0,1362.0,2.83,2504.0,217000.0,61.7,6657715.0,189.632,22028.6,12727.0
2025-07-24,0.52,0.422,1420.0,1362.0,2.82,2504.0,217000.0,61.7,6657715.0,132.186,22028.6,12727.0
2025-07-25,0.49,0.422,1420.0,1362.0,2.84,2504.0,217000.0,61.7,6657715.0,150.509,22028.6,12727.0
2025-07-26,0.49,0.422,1420.0,1362.0,2.84,2504.0,219000.0,61.7,6657715.0,150.509,22028.6,12727.0
2025-07-28,0.51,0.422,1420.0,1362.0,2.82,2504.0,219000.0,61.7,6657715.0,170.463,22028.6,12727.0
2025-07-29,0.48,0.422,1420.0,1362.0,2.86,2504.0,219000.0,61.7,6657715.0,171.018,22028.6,12727.0
2025-07-30,0.44,0.422,1420.0,1362.0,2.89,2504.0,219000.0,61.7,6642578.0,155.481,22028.6,12727.0
2025-07-31,0.43,0.422,1420.0,1362.0,2.86,2504.0,219000.0,61.7,6642578.0,214.445,22028.6,12727.0
2025-08-01,0.54,0.4,1291.0,1330.0,3.13,2493.7,219000.0,58.2,6642578.0,97.426,22108.2,12716.0
2025-08-02,0.54,0.4,1291.0,1330.0,3.13,2493.7,227000.0,58.2,6642578.0,97.426,22108.2,12716.0
2025-08-04,0.53,0.4,1291.0,1330.0,3.02,2493.7,227000.0,58.2,6642578.0,125.73,22108.2,12716.0
2025-08-05,0.5,0.4,1291.0,1330.0,2.98,2493.7,227000.0,58.2,6642578.0,84.356,22108.2,12716.0
2025-08-06,0.53,0.4,1291.0,1330.0,2.98,2493.7,227000.0,58.2,6640843.0,91.966,22108.2,12716.0
2025-08-07,0.51,0.4,1291.0,1330.0,2.95,2493.7,227000.0,58.2,6640843.0,77.961,22108.2,12716.0
2025-08-08,0.51,0.4,1291.0,1330.0,2.94,2493.7,227000.0,58.2,6640843.0,80.303,22108.2,12716.0
2025-08-09,0.51,0.4,1291.0,1330.0,2.94,2493.7,224000.0,58.2,6640843.0,80.303,22108.2,12716.0
2025-08-11,0.51,0.4,1291.0,1330.0,2.94,2493.7,224000.0,58.2,6640843.0,82.214,22108.2,12716.0
2025-08-12,0.57,0.4,1291.0,1330.0,2.93,2493.7,224000.0,58.2,6640843.0,57.492,22108.2,12716.0
2025-08-13,0.57,0.4,1291.0,1330.0,2.9,2493.7,224000.0,58.2,6643615.0,57.202,22108.2,12716.0
2025-08-14,0.55,0.4,1291.0,1330.0,2.89,2493.7,224000.0,58.2,6643615.0,28.818,22108.2,12716.0
2025-08-15,0.58,0.4,1291.0,1330.0,2.88,2493.7,224000.0,58.2,6643615.0,33.757,22108.2,12716.0
2025-08-16,0.58,0.4,1291.0,1330.0,2.88,2493.7,234000.0,58.2,6643615.0,33.757,22108.2,12716.0
2025-08-18,0.57,0.4,1291.0,1330.0,2.88,2493.7,234000.0,58.2,6643615.0,38.24,22108.2,12716.0
2025-08-19,0.55,0.4,1291.0,1330.0,2.9,2493.7,234000.0,58.2,6643615.0,22.344,22108.2,12716.0
2025-08-20,0.55,0.4,1291.0,1330.0,2.94,2493.7,234000.0,58.2,6618415.0,34.999,22108.2,12716.0
2025-08-21,0.54,0.4,1291.0,1330.0,2.95,2493.7,234000.0,58.2,6618415.0,25.358,22108.2,12716.0
2025-08-22,0.58,0.4,1291.0,1330.0,2.88,2493.7,234000.0,58.2,6618415.0,36.275,22108.2,12716.0
2025-08-23,0.58,0.4,1291.0,1330.0,2.88,2493.7,229000.0,58.2,6618415.0,36.275,22108.2,12716.0
2025-08-25,0.55,0.4,1291.0,1330.0,2.8,2493.7,229000.0,58.2,6618415.0,47.567,22108.2,12716.0
2025-08-26,0.65,0.4,1291.0,1330.0,2.78,2493.7,229000.0,58.2,6618415.0,28.574,22108.2,12716.0
2025-08-27,0.65,0.4,1291.0,1330.0,2.78,2493.7,229000.0,58.2,6603384.0,34.744,22108.2,12716.0
2025-08-28,0.6,0.4,1291.0,1330.0,2.75,2493.7,229000.0,58.2,6603384.0,31.966,22108.2,12716.0
2025-08-29,0.64,0.4,1291.0,1330.0,2.82,2493.7,229000.0,58.2,6603384.0,77.898,22108.2,12716.0
2025-08-30,0.64,0.4,1291.0,1330.0,2.82,2493.7,236000.0,58.2,6603384.0,77.898,22108.2,12716.0
2025-08-31,0.64,0.4,1291.0,1330.0,2.84,2493.7,236000.0,58.2,6603384.0,77.898,22108.2,12716.0
2025-09-01,0.64,0.383,1306.0,1415.0,2.84,2487.5,236000.0,55.1,6603384.0,77.898,22211.9,12711.0
2025-09-02,0.62,0.383,1306.0,1415.0,2.92,2487.5,236000.0,55.1,6603384.0,21.066,22211.9,12711.0
2025-09-03,0.61,0.383,1306.0,1415.0,2.88,2487.5,236000.0,55.1,6602071.0,17.923,22211.9,12711.0
2025-09-04,0.58,0.383,1306.0,1415.0,2.84,2487.5,236000.0,55.1,6602071.0,20.128,22211.9,12711.0
2025-09-05,0.59,0.383,1306.0,1415.0,2.83,2487.5,236000.0,55.1,6602071.0,20.997,22211.9,12711.0
2025-09-06,0.59,0.383,1306.0,1415.0,2.83,2487.5,264000.0,55.1,6602071.0,20.997,22211.9,12711.0
2025-09-08,0.56,0.383,1306.0,1415.0,2.84,2487.5,264000.0,55.1,6602071.0,19.416,22211.9,12711.0
2025-09-09,0.54,0.383,1306.0,1415.0,2.87,2487.5,264000.0,55.1,6602071.0,22.915,22211.9,12711.0
2025-09-10,0.5,0.383,1306.0,1415.0,2.84,2487.5,264000.0,55.1,6605962.0,29.4,22211.9,12711.0
2025-09-11,0.49,0.383,1306.0,1415.0,2.78,2487.5,264000.0,55.1,6605962.0,26.897,22211.9,12711.0
2025-09-12,0.5,0.383,1306.0,1415.0,2.79,2487.5,264000.0,55.1,6605962.0,17.331,22211.9,12711.0
2025-09-13,0.5,0.383,1306.0,1415.0,2.79,2487.5,232000.0,55.1,6605962.0,17.331,22211.9,12711.0
2025-09-15,0.51,0.383,1306.0,1415.0,2.75,2487.5,232000.0,55.1,6605962.0,16.954,22211.9,12711.0
2025-09-16,0.53,0.383,1306.0,1415.0,2.79,2487.5,232000.0,55.1,6605962.0,18.817,22211.9,12711.0
2025-09-17,0.54,0.383,1306.0,1415.0,2.79,2487.5,232000.0,55.1,6608597.0,13.963,22211.9,12711.0
2025-09-18,0.54,0.383,1306.0,1415.0,2.71,2487.5,232000.0,55.1,6608597.0,13.707,22211.9,12711.0
2025-09-19,0.57,0.383,1306.0,1415.0,2.72,2487.5,232000.0,55.1,6608597.0,11.363,22211.9,12711.0
2025-09-20,0.57,0.383,1306.0,1415.0,2.72,2487.5,219000.0,55.1,6608597.0,11.363,22211.9,12711.0
2025-09-22,0.54,0.383,1306.0,1415.0,2.69,2487.5,219000.0,55.1,6608597.0,14.173,22211.9,12711.0
2025-09-23,0.59,0.383,1306.0,1415.0,2.71,2487.5,219000.0,55.1,6608597.0,14.402,22211.9,12711.0
2025-09-24,0.59,0.383,1306.0,1415.0,2.7,2487.5,219000.0,55.1,6608395.0,29.172,22211.9,12711.0
2025-09-25,0.54,0.383,1306.0,1415.0,2.76,2487.5,219000.0,55.1,6608395.0,25.369,22211.9,12711.0
2025-09-26,0.57,0.383,1306.0,1415.0,2.75,2487.5,219000.0,55.1,6608395.0,48.073,22211.9,12711.0
2025-09-27,0.57,0.383,1306.0,1415.0,2.75,2487.5,224000.0,55.1,6608395.0,48.073,22211.9,12711.0
2025-09-29,0.52,0.383,1306.0,1415.0,2.74,2487.5,224000.0,55.1,6608395.0,56.22,22211.9,12711.0
2025-09-30,0.56,0.383,1306.0,1415.0,2.8,2487.5,224000.0,55.1,6608395.0,49.071,22211.9,12711.0
2025-10-01,0.57,0.339,1246.0,1411.0,2.81,2463.7,224000.0,53.6,6587119.0,10.179,22297.8,12702.0
2025-10-02,0.55,0.339,1246.0,1411.0,2.81,2463.7,224000.0,53.6,6587119.0,8.436,22297.8,12702.0
2025-10-03,0.55,0.339,1246.0,1411.0,2.8,2463.7,224000.0,53.6,6587119.0,25.392,22297.8,12702.0
2025-10-04,0.55,0.339,1246.0,1411.0,2.8,2463.7,235000.0,53.6,6587119.0,25.392,22297.8,12702.0
2025-10-06,0.58,0.339,1246.0,1411.0,2.76,2463.7,235000.0,53.6,6587119.0,21.776,22297.8,12702.0
2025-10-07,0.57,0.339,1246.0,1411.0,2.82,2463.7,235000.0,53.6,6587119.0,4.622,22297.8,12702.0
2025-10-08,0.55,0.339,1246.0,1411.0,2.84,2463.7,235000.0,53.6,6590815.0,5.231,22297.8,12702.0
2025-10-09,0.54,0.339,1246.0,1411.0,2.95,2463.7,235000.0,53.6,6590815.0,4.496,22297.8,12702.0
2025-10-10,0.53,0.339,1246.0,1411.0,3.18,2463.7,235000.0,53.6,6590815.0,4.124,22297.8,12702.0
2025-10-11,0.53,0.339,1246.0,1411.0,3.18,2463.7,220000.0,53.6,6590815.0,4.124,22297.8,12702.0
2025-10-13,0.53,0.339,1246.0,1411.0,3.18,2463.7,220000.0,53.6,6590815.0,4.124,22297.8,12702.0
2025-10-14,0.55,0.339,1246.0,1411.0,3.11,2463.7,220000.0,53.6,6590815.0,3.516,22297.8,12702.0
2025-10-15,0.55,0.339,1246.0,1411.0,2.95,2463.7,220000.0,53.6,6596454.0,5.484,22297.8,12702.0
2025-10-16,0.58,0.339,1246.0,1411.0,3.04,2463.7,220000.0,53.6,6596454.0,6.96,22297.8,12702.0
2025-10-17,0.56,0.339,1246.0,1411.0,3.04,2463.7,220000.0,53.6,6596454.0,4.102,22297.8,12702.0
2025-10-18,0.56,0.339,1246.0,1411.0,3.04,2463.7,232000.0,53.6,6596454.0,4.102,22297.8,12702.0
2025-10-20,0.54,0.339,1246.0,1411.0,2.99,2463.7,232000.0,53.6,6596454.0,5.931,22297.8,12702.0
2025-10-21,0.53,0.339,1246.0,1411.0,2.97,2463.7,232000.0,53.6,6596454.0,4.699,22297.8,12702.0
2025-10-22,0.52,0.339,1246.0,1411.0,3.01,2463.7,232000.0,53.6,6589533.0,4.005,22297.8,12702.0
2025-10-23,0.53,0.339,1246.0,1411.0,2.96,2463.7,232000.0,53.6,6589533.0,6.941,22297.8,12702.0
2025-10-24,0.54,0.339,1246.0,1411.0,2.88,2463.7,232000.0,53.6,6589533.0,2.435,22297.8,12702.0
2025-10-25,0.54,0.339,1246.0,1411.0,2.88,2463.7,220000.0,53.6,6589533.0,2.435,22297.8,12702.0
2025-10-27,0.53,0.339,1246.0,1411.0,2.8,2463.7,220000.0,53.6,6589533.0,10.642,22297.8,12702.0
2025-10-28,0.52,0.339,1246.0,1411.0,2.82,2463.7,220000.0,53.6,6589533.0,14.096,22297.8,12702.0
2025-10-29,0.49,0.339,1246.0,1411.0,2.76,2463.7,220000.0,53.6,6587034.0,19.504,22297.8,12702.0
2025-10-30,0.5,0.339,1246.0,1411.0,2.85,2463.7,220000.0,53.6,6587034.0,19.166,22297.8,12702.0
2025-10-31,0.51,0.339,1246.0,1411.0,2.94,2463.7,220000.0,53.6,6587034.0,51.802,22297.8,12702.0
2025-11-01,0.51,0.336,1246.0,1411.0,2.94,2458.3,229000.0,51.0,6587034.0,51.802,22322.1,12700.0
2025-11-03,0.53,0.336,1246.0,1411.0,3.04,2458.3,229000.0,51.0,6587034.0,23.792,22322.1,12700.0
2025-11-04,0.52,0.336,1246.0,1411.0,3.13,2458.3,229000.0,51.0,6587034.0,16.983,22322.1,12700.0
2025-11-05,0.54,0.336,1246.0,1411.0,3.05,2458.3,229000.0,51.0,6572732.0,12.814,22322.1,12700.0
2025-11-06,0.54,0.336,1246.0,1411.0,3.13,2458.3,229000.0,51.0,6572732.0,10.754,22322.1,12700.0
2025-11-07,0.56,0.336,1246.0,1411.0,3.15,2458.3,229000.0,51.0,6572732.0,4.903,22322.1,12700.0
2025-11-08,0.56,0.336,1246.0,1411.0,3.15,2458.3,228000.0,51.0,6572732.0,4.903,22322.1,12700.0
2025-11-10,0.55,0.336,1246.0,1411.0,3.02,2458.3,228000.0,51.0,6572732.0,7.152,22322.1,12700.0
2025-11-11,0.55,0.336,1246.0,1411.0,3.02,2458.3,228000.0,51.0,6572732.0,7.152,22322.1,12700.0
2025-11-12,0.52,0.336,1246.0,1411.0,3.02,2458.3,228000.0,51.0,6580462.0,5.886,22322.1,12700.0
2025-11-13,0.53,0.336,1246.0,1411.0,3.09,2458.3,228000.0,51.0,6580462.0,3.761,22322.1,12700.0
2025-11-14,0.52,0.336,1246.0,1411.0,3.07,2458.3,228000.0,51.0,6580462.0,1.559,22322.1,12700.0
2025-11-15,0.52,0.336,1246.0,1411.0,3.07,2458.3,222000.0,51.0,6580462.0,1.559,22322.1,12700.0
2025-11-17,0.53,0.336,1246.0,1411.0,3.13,2458.3,222000.0,51.0,6580462.0,3.172,22322.1,12700.0
2025-11-18,0.54,0.336,1246.0,1411.0,3.2,2458.3,222000.0,51.0,6580462.0,0.905,22322.1,12700.0
2025-11-19,0.55,0.336,1246.0,1411.0,3.17,2458.3,222000.0,51.0,6555283.0,1.129,22322.1,12700.0
2025-11-20,0.55,0.336,1246.0,1411.0,3.17,2458.3,222000.0,51.0,6555283.0,6.52,22322.1,12700.0
2025-11-21,0.55,0.336,1246.0,1411.0,3.19,2458.3,222000.0,51.0,6555283.0,2.503,22322.1,12700.0
2025-11-22,0.55,0.336,1246.0,1411.0,3.19,2458.3,217000.0,51.0,6555283.0,2.503,22322.1,12700.0
2025-11-24,0.58,0.336,1246.0,1411.0,3.15,2458.3,217000.0,51.0,6555283.0,1.077,22322.1,12700.0
2025-11-25,0.58,0.336,1246.0,1411.0,3.1,2458.3,217000.0,51.0,6555283.0,2.314,22322.1,12700.0
2025-11-26,0.55,0.336,1246.0,1411.0,3.0,2458.3,217000.0,51.0,6552419.0,2.217,22322.1,12700.0
2025-11-27,0.55,0.336,1246.0,1411.0,3.0,2458.3,217000.0,51.0,6552419.0,2.217,22322.1,12700.0
2025-11-28,0.55,0.336,1246.0,1411.0,2.95,2458.3,217000.0,51.0,6552419.0,7.561,22322.1,12700.0
2025-11-29,0.55,0.336,1246.0,1411.0,2.95,2458.3,192000.0,51.0,6552419.0,7.561,22322.1,12700.0
2025-11-30,0.55,0.336,1246.0,1411.0,2.92,2458.3,192000.0,51.0,6552419.0,7.561,22322.1,12700.0
2025-12-01,0.55,0.392,1246.0,1411.0,2.94,2452.6,192000.0,52.9,6552419.0,3.24,22411.0,12692.0
2025-12-02,0.58,0.392,1246.0,1411.0,2.92,2452.6,192000.0,52.9,6552419.0,5.62,22411.0,12692.0
2025-12-03,0.57,0.392,1246.0,1411.0,2.89,2452.6,192000.0,52.9,6535781.0,2.514,22411.0,12692.0
2025-12-04,0.59,0.392,1246.0,1411.0,2.88,2452.6,192000.0,52.9,6535781.0,2.233,22411.0,12692.0
2025-12-05,0.58,0.392,1246.0,1411.0,2.85,2452.6,192000.0,52.9,6535781.0,1.485,22411.0,12692.0
2025-12-06,0.58,0.392,1246.0,1411.0,2.85,2452.6,237000.0,52.9,6535781.0,1.485,22411.0,12692.0
2025-12-08,0.6,0.392,1246.0,1411.0,2.89,2452.6,237000.0,52.9,6535781.0,1.703,22411.0,12692.0
2025-12-09,0.57,0.392,1246.0,1411.0,2.89,2452.6,237000.0,52.9,6535781.0,3.211,22411.0,12692.0
2025-12-10,0.59,0.392,1246.0,1411.0,2.91,2452.6,237000.0,52.9,6539303.0,5.045,22411.0,12692.0
2025-12-11,0.62,0.392,1246.0,1411.0,2.88,2452.6,237000.0,52.9,6539303.0,2.874,22411.0,12692.0
2025-12-12,0.67,0.392,1246.0,1411.0,2.91,2452.6,237000.0,52.9,6539303.0,0.838,22411.0,12692.0
2025-12-13,0.67,0.392,1246.0,1411.0,2.91,2452.6,224000.0,52.9,6539303.0,0.838,22411.0,12692.0
2025-12-15,0.67,0.392,1246.0,1411.0,2.91,2452.6,224000.0,52.9,6539303.0,2.601,22411.0,12692.0
2025-12-16,0.67,0.392,1246.0,1411.0,2.98,2452.6,224000.0,52.9,6539303.0,1.554,22411.0,12692.0
2025-12-17,0.67,0.392,1246.0,1411.0,2.99,2452.6,224000.0,52.9,6556861.0,10.361,22411.0,12692.0
2025-12-18,0.66,0.392,1246.0,1411.0,2.95,2452.6,224000.0,52.9,6556861.0,11.708,22411.0,12692.0
2025-12-19,0.68,0.392,1246.0,1411.0,2.9,2452.6,224000.0,52.9,6556861.0,3.047,22411.0,12692.0
2025-12-20,0.68,0.392,1246.0,1411.0,2.9,2452.6,215000.0,52.9,6556861.0,3.047,22411.0,12692.0
2025-12-22,0.73,0.392,1246.0,1411.0,2.88,2452.6,215000.0,52.9,6556861.0,1.523,22411.0,12692.0
2025-12-23,0.7,0.392,1246.0,1411.0,2.83,2452.6,215000.0,52.9,6556861.0,5.893,22411.0,12692.0
2025-12-24,0.68,0.392,1246.0,1411.0,2.84,2452.6,215000.0,52.9,6581231.0,4.803,22411.0,12692.0
2025-12-25,0.68,0.392,1246.0,1411.0,2.84,2452.6,215000.0,52.9,6581231.0,4.803,22411.0,12692.0
2025-12-26,0.68,0.392,1246.0,1411.0,2.86,2452.6,215000.0,52.9,6581231.0,20.339,22411.0,12692.0
2025-12-27,0.68,0.392,1246.0,1411.0,2.86,2452.6,200000.0,52.9,6581231.0,20.339,22411.0,12692.0
2025-12-29,0.67,0.392,1246.0,1411.0,2.87,2452.6,200000.0,52.9,6581231.0,10.551,22411.0,12692.0
2025-12-30,0.69,0.392,1246.0,1411.0,2.84,2452.6,200000.0,52.9,6581231.0,12.605,22411.0,12692.0
2025-12-31,0.71,0.392,1246.0,1411.0,2.81,2452.6,200000.0,52.9,6640618.0,105.993,22411.0,12692.0
2026-01-01,0.71,0.392,1246.0,1411.0,2.81,2452.6,200000.0,52.9,6640618.0,105.993,22411.0,12692.0
2026-01-02,0.72,0.392,1246.0,1411.0,2.83,2452.6,200000.0,52.9,6640618.0,5.667,22411.0,12692.0
2026-01-03,0.72,0.392,1246.0,1411.0,2.83,2452.6,207000.0,52.9,6640618.0,5.667,22411.0,12692.0
2026-01-05,0.71,0.392,1246.0,1411.0,2.81,2452.6,207000.0,52.9,6640618.0,6.485,22411.0,12692.0
2026-01-06,0.71,0.392,1246.0,1411.0,2.79,2452.6,207000.0,52.9,6640618.0,2.582,22411.0,12692.0
2026-01-07,0.68,0.392,1246.0,1411.0,2.79,2452.6,207000.0,52.9,6573602.0,4.582,22411.0,12692.0
2026-01-08,0.7,0.392,1246.0,1411.0,2.76,2452.6,207000.0,52.9,6573602.0,3.083,22411.0,12692.0
2026-01-09,0.64,0.392,1246.0,1411.0,2.74,2452.6,207000.0,52.9,6573602.0,3.28,22411.0,12692.0
2026-01-10,0.64,0.392,1246.0,1411.0,2.74,2452.6,199000.0,52.9,6573602.0,3.28,22411.0,12692.0
2026-01-12,0.65,0.392,1246.0,1411.0,2.74,2452.6,199000.0,52.9,6573602.0,3.402,22411.0,12692.0
2026-01-13,0.65,0.392,1246.0,1411.0,2.75,2452.6,199000.0,52.9,6573602.0,3.277,22411.0,12692.0
2026-01-14,0.64,0.392,1246.0,1411.0,2.76,2452.6,199000.0,52.9,6581700.0,3.223,22411.0,12692.0
2026-01-15,0.61,0.392,1246.0,1411.0,2.71,2452.6,199000.0,52.9,6581700.0,2.003,22411.0,12692.0
2026-01-16,0.65,0.392,1246.0,1411.0,2.65,2452.6,199000.0,52.9,6581700.0,1.222,22411.0,12692.0
2026-01-17,0.65,0.392,1246.0,1411.0,2.65,2452.6,210000.0,52.9,6581700.0,1.222,22411.0,12692.0
2026-01-19,0.65,0.392,1246.0,1411.0,2.65,2452.6,210000.0,52.9,6581700.0,1.222,22411.0,12692.0
2026-01-20,0.7,0.392,1246.0,1411.0,2.73,2452.6,210000.0,52.9,6581700.0,3.506,22411.0,12692.0
2026-01-21,0.66,0.392,1246.0,1411.0,2.69,2452.6,210000.0,52.9,6584580.0,3.344,22411.0,12692.0
2026-01-22,0.65,0.392,1246.0,1411.0,2.64,2452.6,210000.0,52.9,6584580.0,2.058,22411.0,12692.0
2026-01-23,0.64,0.392,1246.0,1411.0,2.68,2452.6,210000.0,52.9,6584580.0,0.927,22411.0,12692.0
2026-01-24,0.64,0.392,1246.0,1411.0,2.68,2452.6,209000.0,52.9,6584580.0,0.927,22411.0,12692.0
2026-01-26,0.66,0.392,1246.0,1411.0,2.69,2452.6,209000.0,52.9,6584580.0,1.489,22411.0,12692.0
2026-01-27,0.71,0.392,1246.0,1411.0,2.71,2452.6,209000.0,52.9,6584580.0,1.253,22411.0,12692.0
2026-01-28,0.7,0.392,1246.0,1411.0,2.72,2452.6,209000.0,52.9,6587568.0,1.103,22411.0,12692.0
2026-01-29,0.71,0.392,1246.0,1411.0,2.77,2452.6,209000.0,52.9,6587568.0,2.852,22411.0,12692.0
2026-01-30,0.74,0.392,1246.0,1411.0,2.8,2452.6,209000.0,52.9,6587568.0,9.629,22411.0,12692.0
2026-01-31,0.74,0.392,1246.0,1411.0,2.88,2452.6,231000.0,52.9,6587568.0,9.629,22411.0,12692.0
2026-02-02,0.72,0.392,1246.0,1411.0,2.81,2452.6,231000.0,52.9,6587568.0,10.415,22411.0,12692.0
2026-02-03,0.71,0.392,1246.0,1411.0,2.85,2452.6,231000.0,52.9,6587568.0,1.785,22411.0,12692.0
2026-02-04,0.72,0.392,1246.0,1411.0,2.86,2452.6,231000.0,52.9,6605909.0,2.414,22411.0,12692.0
2026-02-05,0.74,0.392,1246.0,1411.0,2.86,2452.6,231000.0,52.9,6605909.0,1.748,22411.0,12692.0
